item_id,domain,domain_name,phase,milestone,title,severity_ceiling,vrt_path,attacker_model,applies_to,maps_to,chapter,completed,result,finding_id,evidence,notes
D01-001,D01,Recon & Attack-Surface Mapping,P3,M3,"Pull every split the device actually installed, not just base.apk",support,n/a — coverage control; a missed split silently caps the whole engagement,n/a (tester method),"All app-bundle-delivered apps, i.e. effectively every Play-distributed app since Play's AAB requirement","MASTG-TECH-0145, MASTG-TECH-0003, MASTG-TOOL-0004, MASTG-TOOL-0018",D01-recon-and-surface-mapping.md,false,,,,
D01-002,D01,Recon & Attack-Surface Mapping,P3,M3,"Rebuild one analysable artefact from the split set, an AAB or an XAPK",support,n/a — coverage control,n/a (tester method),AAB-delivered apps; XAPK downloads from APKPure/APKMirror; any engagement handed an `.aab`,"MASTG-TECH-0145 (Working with XAPK Files), MASTG-TOOL-0011 (apktool), MASTG-TOOL-0018 (jadx)",D01-recon-and-surface-mapping.md,false,,,,
D01-003,D01,Recon & Attack-Surface Mapping,P3,M3,"Record artefact provenance: acquisition path, per-split SHA-256, signer digest",support,n/a — evidence integrity control,n/a (tester method),All,`apksigner verify --print-certs --verbose`; MASTG-TOOL-0004,D01-recon-and-surface-mapping.md,false,,,,
D01-004,D01,Recon & Attack-Surface Mapping,P3,M3,Establish which APK signature schemes verify and pin the signer SHA-256,low,n/a standalone; escalates into `broken_access_control.privilege_escalation` (varies) via D03 when a signature-protected surface is reachable,AM-08 / AM-11 (an attacker who can get a resigned build installed),"All; v3 key rotation is Android 9.0+, `knownSigner` is Android 12+",source.android.com APK signing schemes v1/v2/v3/v3.1/v4; `PROTECTION_FLAG_KNOWN_SIGNER`; MASTG-TECH-0117,D01-recon-and-surface-mapping.md,false,,,,
D01-005,D01,Recon & Attack-Surface Mapping,P3,M3,Play App Signing: the artefact you were handed is signed with a different key than users run,high,`broken_access_control.exposed_sensitive_android_intent` (null — rated on what the hijacked link exposes) when the mismatch breaks App Links,AM-02 remote one click (victim taps a link that falls back to a chooser),Any app distributed through Play App Signing — the default for AAB uploads,MASTG-TECH-0172; `pm get-app-links`; Digital Asset Links `sha256_cert_fingerprints`,D01-recon-and-surface-mapping.md,false,,,,
D01-006,D01,Recon & Attack-Surface Mapping,P3,M3,Establish minSdkVersion and targetSdkVersion from two authoritative sources,support,"n/a — but it sets the ""Applies to"" line of every other finding in the engagement",n/a (tester method),All,`aapt2 dump badging`; `dumpsys package`; MASTG-TECH-0117,D01-recon-and-surface-mapping.md,false,,,,
D01-007,D01,Recon & Attack-Surface Mapping,P3,M3,Enumerate SDK Extension versions before declaring a modern API unreachable,low,n/a standalone; the reachable legacy branch it exposes is rated in its own domain,AM-03 zero-permission local app (reaching a code path the developer believed dead),API 30+ devices receiving Google Play system updates,"`SdkExtensions.getExtensionVersion()`, `SdkExtensions.AD_SERVICES`, `android:minExtensionVersion`",D01-recon-and-surface-mapping.md,false,,,,
D01-008,D01,Recon & Attack-Surface Mapping,P3,M3,Prove version currency against the programme's staleness clause,support,n/a — but staleness is a blanket disqualifier that voids an otherwise valid P1,n/a (tester method),All bug-bounty and VRP engagements,"Google Mobile VRP non-qualifying ""Vulnerabilities that do not work on the latest available operating system version""; Android & Google Devices ""must reproduce on the latest publicly available build""; Samsung, Xiaomi, Uber and Meta version-currency exclusions",D01-recon-and-surface-mapping.md,false,,,,
D01-009,D01,Recon & Attack-Surface Mapping,P3,M3,Freeze the artefact and detect mid-window build drift,support,n/a — dispute-prevention control,n/a (tester method),All; acutely for weekly release trains and any OTA-updatable app,`dumpsys package` fields `versionName` / `versionCode` / `lastUpdateTime`,D01-recon-and-surface-mapping.md,false,,,,
D01-010,D01,Recon & Attack-Surface Mapping,P3,M3,Mine the published version history for secrets the vendor believes are retired,critical,`sensitive_data_exposure.disclosure_of_secrets.for_publicly_accessible_asset` (P1),AM-01 remote no interaction,"Any app with published version history (APKMirror, APKCombo, APKPure, `apkeep`)","CWE-798; OWASP API8:2023; H1 #1241116 (Reddit, Critical), #789370 (Smule, Critical)",D01-recon-and-surface-mapping.md,false,,,,
D01-011,D01,Recon & Attack-Surface Mapping,P3,M3,Version-diff two consecutive releases and test the delta first,medium,n/a standalone; inherits the class the diff reveals,n/a (tester method); the resulting finding carries its own model,All apps with historical builds available,MASTG-TECH-0117; MASTG-TOOL-0011,D01-recon-and-surface-mapping.md,false,,,,
D01-012,D01,Recon & Attack-Surface Mapping,P3,M3,"Version rollback: does the backend still serve a superseded, legitimately signed client",high,`broken_authentication_and_session_management.authentication_bypass` (P1) when the old build contains an already-patched auth or crypto bug you can re-run live; otherwise rate as the resurrected class,AM-02 remote one click (user sideloads from a mirror) / AM-11 physical unlocked,"All. Android blocks in-place downgrade, so the precondition is uninstall-then-install — state that in the report, it sets the severity",CWE-494; `apksigner verify --print-certs`,D01-recon-and-surface-mapping.md,false,,,,
D01-013,D01,Recon & Attack-Surface Mapping,P3,M3,Diff the on-device install against the store artefact for post-install code,high,n/a standalone; escalates to `server_side_injection.remote_code_execution_rce` (P1) via D17 when the fetch channel is influenceable,AM-06 network attacker no trusted CA / AM-09 malicious backend or CDN,"All; especially Play Feature Delivery, CodePush-style OTA and plugin architectures",CWE-494; MASTG-TECH-0003,D01-recon-and-surface-mapping.md,false,,,,
D01-014,D01,Recon & Attack-Surface Mapping,P3,M3,Enumerate the whole developer-account app catalogue from the store listing,medium,n/a for the enumeration; severity comes from what the extra APK leaks,AM-01 remote no interaction,Any target with a store presence; especially multi-brand parent orgs,OWASP API9:2023 Improper Inventory Management,D01-recon-and-surface-mapping.md,false,,,,
D01-015,D01,Recon & Attack-Surface Mapping,P3,M3,"Brand-permutation package guessing for unlisted dealer, partner and internal builds",medium,n/a for the discovery; rated on what the unlisted build exposes,AM-01 remote no interaction,"Multi-brand conglomerates, dealer/partner ecosystems, franchise and field-staff apps",OWASP API9:2023,D01-recon-and-surface-mapping.md,false,,,,
D01-016,D01,Recon & Attack-Surface Mapping,P3,M3,Ownership triage gate: prove the app is the target's before you touch it,support,n/a — scope-safety control,n/a (tester method),Any target whose brand is a common word; any handed-over ASM/recon report,n/a — method; the delta itself is reportable as a programme observation,D01-recon-and-surface-mapping.md,false,,,,
D01-017,D01,Recon & Attack-Surface Mapping,P3,M3,Pivot to the iOS twin through the App Store lookup API,medium,n/a for the discovery; rated on the backend delta it reveals,AM-01 remote no interaction,Cross-platform targets,OWASP API9:2023,D01-recon-and-surface-mapping.md,false,,,,
D01-018,D01,Recon & Attack-Surface Mapping,P3,M3,Code-search dorking anchored on the exact applicationId,critical,`sensitive_data_exposure.disclosure_of_secrets.for_publicly_accessible_asset` (P1),AM-01 remote no interaction,All,"CWE-798; H1 #766346 ""API Keys Hardcoded in Github repository""",D01-recon-and-surface-mapping.md,false,,,,
D01-019,D01,Recon & Attack-Surface Mapping,P3,M3,Read the programme rules that set the payout ceiling and the admissible attacker model,support,n/a — routing and scoping control,n/a (tester method),"All bounty/VRP engagements; for a paying client, substitute their own severity matrix",Google Mobile VRP application tiers and reward table; Android & Google Devices programme; Chrome VRP routing; HackerOne Core Ineligible list,D01-recon-and-surface-mapping.md,false,,,,
D01-020,D01,Recon & Attack-Surface Mapping,P3,M3,Bind a commercial engagement with a scoping sheet and an RoE that authorises mobile-test acts,support,n/a — legal and planning control,n/a (tester method),All client engagements. For bounty work the programme policy substitutes and cannot be negotiated,"NIST SP 800-115 Appendix B §1.2, §1.3, §2.1, §2.2, §3.2, §4, §5.3, §6, §7; §6.6 Legal Considerations",D01-recon-and-surface-mapping.md,false,,,,
D01-021,D01,Recon & Attack-Surface Mapping,P3,M3,"Day-0 intake: prior reports, regression checks and the feature-flag list",high,rated on what the regressed or flag-gated capability exposes; a staff-only capability reachable in production is commonly `broken_access_control.privilege_escalation` (null),AM-05 another user of the same app,All engagements with engineer access; repeat engagements especially,"NIST SP 800-115 §8.2 (results as a benchmark for tracking progress), Appendix C (white-box efficiency)",D01-recon-and-surface-mapping.md,false,,,,
D01-022,D01,Recon & Attack-Surface Mapping,P3,M3,Fingerprint the framework from the archive listing before writing a single test case,support,"n/a — but misclassification silently zeroes D10, D11, D12, D15 and D19",n/a (tester method),All,"MASTG-TECH-0165, MASTG-TOOL-0009 (APKiD), MASTG-TEST-0237 (Cross-Platform Framework Configurations, placeholder in MASTG beta)",D01-recon-and-surface-mapping.md,false,,,,
D01-023,D01,Recon & Attack-Surface Mapping,P3,M3,"Run APKiD for compiler, obfuscator, packer and anti-analysis signatures",support,`lack_of_binary_hardening.lack_of_obfuscation` (P5) if you were tempted to report the absence — do not; see the Graveyard,n/a (tester method),All,"MASTG-TECH-0165 (Identifying Compilers, Obfuscators, and Packers in Android Apps), MASTG-TOOL-0009 (APKiD), MASTG-TOOL-0146 (RootBeer)",D01-recon-and-surface-mapping.md,false,,,,
D01-024,D01,Recon & Attack-Surface Mapping,P3,M3,"A decompiler that ""sees nothing"" is anti-analysis, not a clean app",medium,n/a standalone; escalate on whatever the recovered payload does,AM-08 malicious third-party SDK / AM-09 malicious backend (for trojanised or repackaged builds),"All; especially repackaged, trojanised and NFC-fraud samples","MASTG-TOOL-0011, MASTG-TOOL-0018; CWE-494",D01-recon-and-surface-mapping.md,false,,,,
D01-025,D01,Recon & Attack-Surface Mapping,P3,M3,"Determine whether the RN bundle is Hermes bytecode or plain JS, and read the HBC version",support,n/a — prerequisite for every RN static finding,n/a (tester method),React Native apps; Hermes is the RN default from 0.70,MASTG-TOOL-0104 (hermes-dec); facebook/hermes `BytecodeFileFormat.h`,D01-recon-and-surface-mapping.md,false,,,,
D01-026,D01,Recon & Attack-Surface Mapping,P3,M3,Select a Hermes tool by bytecode version; mine the string table when none supports it,high,`sensitive_data_exposure.disclosure_of_secrets.for_publicly_accessible_asset` (P1) when the table yields a live credential; otherwise Support,AM-01 remote no interaction (for a recovered credential),"React Native / Hermes, all versions","MASTG-TOOL-0104 (hermes-dec); facebook/hermes `BytecodeFileFormat.h` (`stringCount`, `overflowStringCount`, `stringStorageSize`)",D01-recon-and-surface-mapping.md,false,,,,
D01-027,D01,Recon & Attack-Surface Mapping,P3,M3,Recover the Metro module map as a JS-side SBOM,medium,n/a standalone; the reachable vulnerable dependency is rated in D17,AM-02 remote one click (input reaching the vulnerable JS package),"React Native (Metro), both Hermes and plain-JS bundles",hermes-decomp `modules`/`deps`/`extract`; react-native-decompiler `--unpackOnly`,D01-recon-and-surface-mapping.md,false,,,,
D01-028,D01,Recon & Attack-Surface Mapping,P3,M3,Harvest the Dart object pool from a Flutter AOT snapshot,critical,`sensitive_data_exposure.disclosure_of_secrets.for_publicly_accessible_asset` (P1) when an asymmetric private key or request-signing secret is recovered,AM-01 remote no interaction,Flutter release (AOT) Android builds; Blutter is **arm64 only**,"MASTG-TECH-0156 (Reverse Engineering Flutter Applications), MASTG-TOOL-0116 (blutter); CWE-321, CWE-798",D01-recon-and-surface-mapping.md,false,,,,
D01-029,D01,Recon & Attack-Surface Mapping,P3,M3,Treat the Cordova/Capacitor web root as a source drop and hunt shipped sourcemaps,high,`sensitive_data_exposure.disclosure_of_secrets.for_publicly_accessible_asset` (P1) when the bundle yields live backend credentials; Medium when it only reveals internal topology,AM-01 remote no interaction,"Cordova, Ionic (Cordova or Capacitor), Capacitor","Capacitor `CapConfig.java` (`capacitor.config.json`), `PluginManager.java` (`capacitor.plugins.json`), Cordova `ConfigXmlParser.java` (`res/xml/config.xml`); MASTG-TOOL-0011",D01-recon-and-surface-mapping.md,false,,,,
D01-030,D01,Recon & Attack-Surface Mapping,P3,M3,Extract the managed type graph from a Unity IL2CPP or Xamarin/MAUI build,support,"n/a — enabler; the findings it unlocks (client-side entitlement, hardcoded keys) are rated in D12/D23",n/a (tester method),Unity IL2CPP builds; Xamarin.Android and .NET MAUI,Il2CppDumper (Unity 5.3–2022.2); Zygisk-Il2CppDumper; frida-il2cpp-bridge (Unity 5.3.0–6000.3.x); pyxamstore; `0xFAB11BAF` metadata constant; `XABA` assembly-store magic,D01-recon-and-surface-mapping.md,false,,,,
D01-031,D01,Recon & Attack-Surface Mapping,P3,M3,Locate the Kotlin Multiplatform shared module and its generated constants,high,`sensitive_data_exposure.disclosure_of_secrets.for_publicly_accessible_asset` (P1) if the shared key is live; `server_security_misconfiguration.insecure_ssl.certificate_error` (P5) for the TLS half — report the TLS defect through D14 with a demonstrated interception,AM-01 for the key; AM-06 network attacker for the trust-manager defect,Kotlin Multiplatform / Compose Multiplatform Android targets,no external identifier verified — method only,D01-recon-and-surface-mapping.md,false,,,,
D01-032,D01,Recon & Attack-Surface Mapping,P3,M3,"Determine which binary is ACTUALLY executing (expo-updates, CodePush, DexClassLoader)",support,n/a — but it prevents a whole class of *wrong findings with perfectly accurate citations*,n/a (tester method),"React Native/Expo, CodePush, any custom DEX or JS updater",MASTG-TECH-0003; CWE-494,D01-recon-and-surface-mapping.md,false,,,,
D01-033,D01,Recon & Attack-Surface Mapping,P3,M3,Check whether the OTA code channel is signed and the signature enforced,critical,`server_side_injection.remote_code_execution_rce` (P1) when an unsigned or unenforced channel plus a network or backend position yields code execution,AM-06 network attacker no trusted CA (if the manifest fetch is also unpinned) / AM-09 malicious backend or CDN,Any app with an OTA code channel confirmed by D01-032,"CWE-494 (Download of Code Without Integrity Check); `expo.modules.updates.CODE_SIGNING_CERTIFICATE`, `CODE_SIGNING_METADATA`",D01-recon-and-surface-mapping.md,false,,,,
D01-034,D01,Recon & Attack-Surface Mapping,P3,M3,"Never conclude ""obfuscated, therefore unanalysable"" — grep the anchors R8 cannot rename",support,n/a — method,n/a (tester method),All R8/ProGuard-minified Java/Kotlin apps,"MASTG-TECH-0019 (Retrieving Strings), MASTG-TECH-0020 (Retrieving Cross References)",D01-recon-and-surface-mapping.md,false,,,,
D01-035,D01,Recon & Attack-Surface Mapping,P3,M3,Build the component inventory from the MERGED manifest and compute implicit export per targetSdk,support,n/a — this is the map. Each `perm=NONE` row is a candidate for `broken_access_control.exposed_sensitive_android_intent` (null) in D04–D08,AM-03 zero-permission local app (that is what each row is scored against),All. `implicit-true` rows exist only on `targetSdk < 31`,"MASTG-TECH-0117, MASTG-TECH-0141, MASTG-TECH-0150, MASTG-TECH-0160, MASTG-TECH-0161, MASTG-TECH-0162, MASTG-TECH-0163; MASTG-TEST-0355, -0364, -0365, -0366; MASVS-PLATFORM-1; CWE-926, CWE-927",D01-recon-and-surface-mapping.md,false,,,,
D01-036,D01,Recon & Attack-Surface Mapping,P3,M3,Isolate the SDK-injected components by class-prefix delta,medium,n/a standalone; `broken_access_control.exposed_sensitive_android_intent` (null) once one proves reachable,AM-08 malicious third-party SDK / AM-03 zero-permission local app,"All; especially any app with a push, analytics, attribution or wallet SDK","CVE-2020-8913 (Play Core `SplitInstallUpdateIntentService`, ~13% of Play apps); EngageLab SDK ≤ v4.5.4 `MTCommonActivity`, fixed v5.2.1 (2025-11-03); CWE-926",D01-recon-and-surface-mapping.md,false,,,,
D01-037,D01,Recon & Attack-Surface Mapping,P3,M3,Reconcile the static manifest against the runtime resolver tables,medium,n/a standalone; the delta is where the paying bugs live (Mobile VRP explicitly rewards redirection into non-exported components),AM-03 zero-permission local app,All,"MASTG-TECH-0160, -0161, -0162, -0163, MASTG-KNOW-0020, MASTG-TOOL-0004; Google's vulnerability-classes guidance: ""Look at manifest file **and** for `Context.registerReceiver` calls""",D01-recon-and-surface-mapping.md,false,,,,
D01-038,D01,Recon & Attack-Surface Mapping,P3,M3,Close the component-coverage register: zero TODO rows at delivery,support,n/a — coverage-proof artefact,n/a (tester method),"All, mandatory on signed-SoW engagements; optional in bounty mode",`apkanalyzer manifest print` / `manifest permissions`; drozer `app.package.attacksurface`,D01-recon-and-surface-mapping.md,false,,,,
D01-039,D01,Recon & Attack-Surface Mapping,P3,M3,Enumerate every custom permission the app defines and its resolved protectionLevel,high,n/a standalone; the guarded component's finding inherits it — commonly `broken_access_control.exposed_sensitive_android_intent` (null) or `broken_access_control.privilege_escalation` (null),AM-03 zero-permission local app (a `normal` permission is granted silently at install),"All apps declaring `<permission>`. Definer-wins resolution is PackageManager behaviour, not a targetSdk gate","`android:protectionLevel` values; MASTG-TECH-0126 (Obtaining App Permissions), MASTG-KNOW-0017; CWE-862",D01-recon-and-surface-mapping.md,false,,,,
D01-040,D01,Recon & Attack-Surface Mapping,P3,M3,sharedUserId redefines the target boundary — triage the weakest sibling,high,`insecure_data_storage.sensitive_application_data_stored_unencrypted.on_internal_storage` is only P5 — do **not** report it that way. Rate the outcome: a session token read from the flagship's data dir by a sibling is `broken_authentication_and_session_management.authentication_bypass` (P1),AM-08 malicious third-party SDK inside the sibling / AM-03 via the sibling's weakest exported component,"LEGACY-skewed: `sharedUserId` is deprecated at API 29 and cannot be added or removed post-install without a data wipe, so it now marks exactly the OEM, preinstalled and long-lived enterprise targets where VRP payouts live",drozer `app.package.shareduid`; CWE-200,D01-recon-and-surface-mapping.md,false,,,,
D01-041,D01,Recon & Attack-Surface Mapping,P3,M3,"Map the process topology before believing a ""sandboxed process"" claim",medium,"n/a standalone; the false isolation claim is what you report, rated on what the compromised process then reaches","AM-09 malicious backend or CDN (renderer compromise), AM-08",All,"developer.android.com ""Processes and threads"": components in the same app default to one process; a colon prefix creates an app-private process; ""Different applications can share the same process if they have the same Linux user ID and are signed with the same certificate""",D01-recon-and-surface-mapping.md,false,,,,
D01-042,D01,Recon & Attack-Surface Mapping,P3,M3,"Read `<queries>` as the declared trust graph, then check how each peer is verified",medium,n/a standalone; `broken_access_control.privilege_escalation` (null) once a squatted package defeats a name-only check,AM-03 zero-permission local app registering the queried package name,`targetSdk >= 30` for the declaration. **LEGACY:** below 30 package visibility is free and `<queries>` is usually absent — its absence proves nothing there,"MASVS-PLATFORM-1; MASWE-0018 (Caller Not Verified on IPC Interfaces); developer.android.com package-visibility filtered APIs: `queryIntentActivities()`, `getPackageInfo()`, `getInstalledApplications()`, `resolveActivity()`, `bindService()`; H1 #331302 (Nextcloud)",D01-recon-and-surface-mapping.md,false,,,,
D01-043,D01,Recon & Attack-Surface Mapping,P3,M3,"QUERY_ALL_PACKAGES plus egress is a privacy exfiltration, not a lint warning",medium,`sensitive_data_exposure.disclosure_of_secrets.pii_leakage_exposure` (null — rated on the data) when the inventory reaches a third party,AM-08 malicious third-party SDK (the SDK is usually the caller),`targetSdk >= 30` for the permission to matter. **LEGACY:** `targetSdk <= 29` gets the full list with no permission and no declaration at all — call that out explicitly,"ATT&CK T1418 Software Discovery, T1418.001 Security Software Discovery, mitigation M1006, analytic AN1646; developer.android.com package visibility (""treats the list of installed apps as personal and sensitive user data""; `QUERY_ALL_PACKAGES` requires Play approval); CWE-200",D01-recon-and-surface-mapping.md,false,,,,
D01-044,D01,Recon & Attack-Surface Mapping,P3,M3,Enumerate the auto-generated providers and read the FileProvider roots,medium,n/a standalone; High once paired with a grant primitive — rate through `broken_access_control.exposed_sensitive_android_intent` (null) in D08,AM-03 zero-permission local app,"Any app using AndroidX App Startup, Firebase, WorkManager or `androidx.core.content.FileProvider`","developer.android.com App Startup (`${applicationId}.androidx-startup`, documented `android:exported=""false""`); MASTG-TEST-0355; CWE-927",D01-recon-and-surface-mapping.md,false,,,,
D01-045,D01,Recon & Attack-Surface Mapping,P3,M3,Find privileged listener services declared without their BIND_* permission,high,`broken_access_control.exposed_sensitive_android_intent` (null — rated on what the callback accepts and returns),AM-03 zero-permission local app,"All. Declaration-side issue, independent of targetSdk",MASWE-0018 (Lack of Authentication or Authorization on App Components); MASVS-PLATFORM-1; CWE-862,D01-recon-and-surface-mapping.md,false,,,,
D01-046,D01,Recon & Attack-Surface Mapping,P3,M3,Inventory foreground-service types as a background-capability map,low,n/a standalone; High once chained to an exported or implicit start — rate via `broken_access_control.exposed_sensitive_android_intent` (null) in D06,AM-03 zero-permission local app (starting the FGS),`targetSdk >= 34` (Android 14+) for the declaration requirement,"developer.android.com foreground service types table: `camera`/`FOREGROUND_SERVICE_CAMERA`, `microphone`/`FOREGROUND_SERVICE_MICROPHONE`, `location`, `health`, `mediaProjection`, `connectedDevice`, `dataSync`, `mediaProcessing`, `remoteMessaging`, `shortService`, `specialUse`, `systemExempted`",D01-recon-and-surface-mapping.md,false,,,,
D02-001,D02,"APK/AAB Structure, Signing & Build Integrity",P2,M2,"Artefact provenance record: hashes, acquisition path, signer and scheme set",support,— (methodology gate; every finding in this chapter inherits its artefact identity from here),n/a (engagement control),All,"MASTG-TECH-0003 (Obtaining and Extracting Apps), MASTG-TOOL-0123 (apksigner)",D02-apk-structure-signing.md,false,,,,
D02-002,D02,"APK/AAB Structure, Signing & Build Integrity",P2,M2,The binary on the device is not the binary you were handed,support,— (methodology gate),n/a,All; mandatory for AAB / split-APK / Play-Feature-Delivery apps,"drozer `tools.file.md5sum`, `tools.file.size`, `tools.file.download`; MASTG-TECH-0003, MASTG-TECH-0007",D02-apk-structure-signing.md,false,,,,
D02-003,D02,"APK/AAB Structure, Signing & Build Integrity",P2,M2,"Truncated APK/XAPK acquisition — recover before concluding ""no secrets""",support,— (methodology gate),n/a,"Third-party mirror acquisition (APKPure, APKMirror, Play extractors)","`apk-redteam-pipeline` Stage 1 ""XAPK vs APK""",D02-apk-structure-signing.md,false,,,,
D02-004,D02,"APK/AAB Structure, Signing & Build Integrity",P2,M2,Pull the complete split set — and count what you pulled,support,— (methodology gate; suppresses false negatives across D03–D19),n/a,All AAB-delivered apps (every Play-distributed app since August 2021),"MASTG-TECH-0145 (Working with XAPK Files), MASTG-TECH-0003; `bb-methodology` PART 4 ""Shell-Loop Ban""",D02-apk-structure-signing.md,false,,,,
D02-005,D02,"APK/AAB Structure, Signing & Build Integrity",P2,M2,AAB handover: rebuild the device-exact split set with bundletool,support,— (methodology gate),n/a,Any engagement where the handover artefact is an `.aab`,"bundletool `build-apks`, `get-device-spec`, `install-apks`, `extract-apks`, `--mode=universal`; `BUNDLE-METADATA/` in the AAB format",D02-apk-structure-signing.md,false,,,,
D02-006,D02,"APK/AAB Structure, Signing & Build Integrity",P2,M2,Play App Signing: the key you were handed is not the key users get,support,— (methodology gate; the consequence is rated in D09),n/a for the check; AM-03 for the resulting App Links hijack,Every app distributed through Play with Play App Signing — the default for new apps since the Aug 2021 AAB-only publishing change,"Play App Signing (upload key vs app signing key), support.google.com/googleplay/android-developer/answer/9842756",D02-apk-structure-signing.md,false,,,,
D02-007,D02,"APK/AAB Structure, Signing & Build Integrity",P2,M2,Obtain and load the R8 `mapping.txt` for the exact versionCode,support,— (methodology gate with a direct coverage consequence),n/a,All source-assisted engagements; worth requesting for black-box work under NDA,`app/build/outputs/mapping/$releaseVariant/mapping.txt`; `retrace` in `$ANDROID_HOME/cmdline-tools/latest/bin`; jadx `--mappings-path` with `-Prename-mappings.format=PROGUARD_FILE`,D02-apk-structure-signing.md,false,,,,
D02-008,D02,"APK/AAB Structure, Signing & Build Integrity",P2,M2,Source-to-artefact correspondence: does the repo you reviewed build the APK you tested,support,— (methodology gate),n/a,Every engagement where source is supplied,"`apkanalyzer dex packages`, `apkanalyzer manifest print` (developer.android.com/tools/apkanalyzer)",D02-apk-structure-signing.md,false,,,,
D02-009,D02,"APK/AAB Structure, Signing & Build Integrity",P2,M2,"Version-history mining: retired secrets that are still live, and the older hardcoded API surface",high,`sensitive_data_exposure.disclosure_of_secrets.for_publicly_accessible_asset` (P1) when the retired credential still authenticates; otherwise the severity of the weakened control found on the older API version,"AM-01 remote, no interaction (the credential works from your own host)",Any app with published version history on a mirror,"`apk-redteam-pipeline` Anti-patterns (""Don't reverse only the latest version""); `hunt-shadow-api` Stages 1 & 3",D02-apk-structure-signing.md,false,,,,
D02-010,D02,"APK/AAB Structure, Signing & Build Integrity",P2,M2,Record `minSdkVersion` and `targetSdkVersion` before running anything else,support,"— (the qualifier attached to every other finding's ""Applies to"")",n/a,All,"`aapt2 dump badging`; CVE-2026-28576 compat gate `484953293 / enableAfterTargetSdk=""36""`",D02-apk-structure-signing.md,false,,,,
D02-011,D02,"APK/AAB Structure, Signing & Build Integrity",P2,M2,Signature-scheme inventory: which of v1/v2/v3/v3.1/v4 actually verify,support,— (baseline; the findings are D02-012 through D02-018),n/a,All. v2 from Android 7.0; v3 (key rotation) from Android 9.0; v3.1 from Android 13; v4 from Android 11,"MASTG-TECH-0116, MASTG-TOOL-0123 (apksigner); source.android.com/docs/security/features/apksigning",D02-apk-structure-signing.md,false,,,,
D02-012,D02,"APK/AAB Structure, Signing & Build Integrity",P2,M2,v1-only signing: Janus DEX prepend (CVE-2017-13156),support,"`cryptographic_weakness.insufficient_verification_of_data_authenticity.cryptographic_signature` (varies, CWE-347); `insecure_data_transport.executable_download.no_secure_integrity_check` (P4) if delivered over an update channel",AM-02 remote one click (sideload lure) / AM-03 if the attacker already has an install channel,**LEGACY.** v1-only APKs whose `minSdkVersion` reaches Android 5.0–8.0. Janus was fixed at the 2017-12-01 patch level and not backported until 8.1; v1 was removed and v4 introduced in Android 11. MASTG-TEST-0224 fails the app when `minSdkVersion >= 24` and only v1 verifies.,"MASTG-TEST-0224, MASWE-0056 (CWE-347), MASVS-RESILIENCE-2, CVE-2017-13156 (EDB 47601 Metasploit module); ATT&CK T1577 (names the Janus vulnerability and the repackaging path), analytic AN1730, mitigations M1001/M1006",D02-apk-structure-signing.md,false,,,,
D02-013,D02,"APK/AAB Structure, Signing & Build Integrity",P2,M2,"Duplicate ZIP-entry / ""Master Key"" class",support,`cryptographic_weakness.insufficient_verification_of_data_authenticity.cryptographic_signature` (varies),AM-02,**LEGACY.** Long fixed on every supported Android. Do not report without a successful install on an in-scope OS version.,"CVE-2013-4787 (EDB 38627), CVE-2013-6792 (EDB 38821); sec-88 ""Signing the APK"" — Blue Box Key Vulnerability",D02-apk-structure-signing.md,false,,,,
D02-014,D02,"APK/AAB Structure, Signing & Build Integrity",P2,M2,APK signing key below 2048-bit RSA,low,`cryptographic_weakness.insufficient_verification_of_data_authenticity.cryptographic_signature` (varies) — realistically Low; there is no practical forgery today,n/a (no realistic attacker at 1024-bit today),All,"MASTG-TEST-0225 (Usage of Insecure APK Signature Key Size), MASWE-0056 (CWE-347), MASVS-RESILIENCE-2, MASTG-TECH-0116, MASTG-TOOL-0123",D02-apk-structure-signing.md,false,,,,
D02-015,D02,"APK/AAB Structure, Signing & Build Integrity",P2,M2,Signer certificate identity: the Android debug certificate or a weak signature algorithm,support,`cryptographic_weakness.insufficient_verification_of_data_authenticity.cryptographic_signature` (varies); escalates via `broken_access_control.privilege_escalation` (varies) when a signature-level permission depends on that certificate,AM-03 zero-permission local app signed with the same publicly-known debug key,All,"Hrishikesh C07 ""Weak Signer Certificate"" items 1 and 3; sec-88 checklist §7; Het Mehta Phase 2",D02-apk-structure-signing.md,false,,,,
D02-016,D02,"APK/AAB Structure, Signing & Build Integrity",P2,M2,v3.1 rotation split-brain: a different authoritative key per SDK range,support,"`broken_access_control.privilege_escalation` (varies, rated on what the permission guards)","AM-03 (an app signed with the historical key, on a pre-Android-13 device)",Apps using APK Signature Scheme v3.1 (Android 13+ signing). The split-brain effect manifests on Android 12L and lower.,"developer.android.com/about/versions/13/features (v3.1, `apksigner --rotation-min-sdk-version`, ""backward compatible with Android 12L and lower""); AOSP ""Security enhancements"", Android 13: ""APK signature scheme v3.1 — new default for key rotations""",D02-apk-structure-signing.md,false,,,,
D02-017,D02,"APK/AAB Structure, Signing & Build Integrity",P2,M2,`knownSigner` / `android:knownCerts` allowlist enumeration,high,`broken_access_control.privilege_escalation` (varies — rated on what the permission guards),"AM-03 / AM-08 (a low-trust partner build, or anyone holding a rotated-away key in the list)","**Android 12+** (the `knownSigner` protection level, `PROTECTION_FLAG_KNOWN_SIGNER` = 0x8000). **LEGACY note running the other way:** on older platforms the same manifest resolves the level to plain `signature`, which is *stricter* — the newer device is the weaker one.","developer.android.com/guide/topics/manifest/permission-element (""Granted only if requesting app is signed with an allowed certificate... Automatically granted without user notification""); `PermissionInfo.PROTECTION_FLAG_KNOWN_SIGNER`",D02-apk-structure-signing.md,false,,,,
D02-018,D02,"APK/AAB Structure, Signing & Build Integrity",P2,M2,Update-identity continuity: a differently-signed build must be refused,support,"`insecure_data_transport.executable_download.no_secure_integrity_check` (P4) as the baseline, overridden upward with a code-execution proof; the P5 sibling `...executable_download.secure_integrity_check` is what you get when a signature *is* checked",AM-09 malicious backend/CDN; AM-03 for the local-install variant,All. On `targetSdk >= 26` the in-app installer requires `REQUEST_INSTALL_PACKAGES` — note whether the target declares it.,"AOSP security-model §4.7.1 item (5): ""an update can only be installed if the new APK is signed with the same identity or by an identity that was delegated by the original signer""; `REQUEST_INSTALL_PACKAGES` as a special permission",D02-apk-structure-signing.md,false,,,,
D02-019,D02,"APK/AAB Structure, Signing & Build Integrity",P2,M2,The app's own signer check reads `GET_SIGNATURES` / `signatures[0]` instead of `hasSigningCertificate`,support,`cryptographic_weakness.insufficient_verification_of_data_authenticity.cryptographic_signature` (varies); escalates to `broken_access_control.privilege_escalation` (varies),AM-03 zero-permission local app,All. v3 rotation from Android 9; v3.1 the rotation default from Android 13; `GET_SIGNING_CERTIFICATES` from API 28.,"MASWE-0011 (Improper Verification of Cryptographic Signature); AOSP ""Security enhancements"", Android 13",D02-apk-structure-signing.md,false,,,,
D02-020,D02,"APK/AAB Structure, Signing & Build Integrity",P2,M2,Installer-identity gating (`getInstallerPackageName` / `getInstallSourceInfo`),support,`lack_of_binary_hardening.runtime_instrumentation_based` (P5) — never file standalone,AM-03,"All; `getInstallSourceInfo` from API 30, `getInstallerPackageName` on all levels","HackTricks smali-changes.md (""Patching common anti-tamper checks""); local corpus ref 18 §L",D02-apk-structure-signing.md,false,,,,
D02-021,D02,"APK/AAB Structure, Signing & Build Integrity",P2,M2,Client-computed integrity signal that the backend never validates,support,`cryptographic_weakness.insufficient_verification_of_data_authenticity.identity_check_value` (P4),AM-03 (attacker runs a repacked client),"Apps that send a signature hash, installer name or integrity token as a header or body field",sh4hin MobileApp-Pentest-Cheatsheet -> PiracyChecker (APK signature protection library) as the control under test; `bb-methodology` PART 4 Body-Diff Rule,D02-apk-structure-signing.md,false,,,,
D02-022,D02,"APK/AAB Structure, Signing & Build Integrity",P2,M2,Repack → re-sign → run: is there any runtime integrity check at all,support,"`lack_of_binary_hardening.lack_of_obfuscation` (P5) / `mobile_security_misconfiguration.*` (P5). The reportable finding is always the consequence, never the repack.",AM-03 for the resulting trojanised-clone story; AM-12 when you are only using it as a tool,All; requires that the app does not enforce server-verified attestation (D02-024),"Hrishikesh C17 ""Missing Integrity Checks""; sec-88 checklist §17; HackTricks smali-changes.md; MASTG-TOOL-0011 (Apktool), MASTG-TOOL-0103 (uber-apk-signer)",D02-apk-structure-signing.md,false,,,,
D02-023,D02,"APK/AAB Structure, Signing & Build Integrity",P2,M2,Locate and patch the in-app signer check rather than reimplementing it,support,`lack_of_binary_hardening.runtime_instrumentation_based` (P5) — never filed,AM-12 (this is your own tooling step),All apps whose rebuild fails at launch,"HackTricks smali-changes.md; sec-88 ""Signing the APK""",D02-apk-structure-signing.md,false,,,,
D02-024,D02,"APK/AAB Structure, Signing & Build Integrity",P2,M2,"Server-verified attestation: stop, and re-scope",support,—,n/a,"Any app calling Play Integrity, a residual SafetyNet path, or a commercial RASP SDK with a server-side verdict check","Local corpus ref 18 §L, ref 24 §A4.7; Play Integrity device labels `MEETS_DEVICE_INTEGRITY` / `MEETS_BASIC_INTEGRITY` / `MEETS_STRONG_INTEGRITY` / `MEETS_VIRTUAL_INTEGRITY`",D02-apk-structure-signing.md,false,,,,
D02-025,D02,"APK/AAB Structure, Signing & Build Integrity",P2,M2,Custom APK verifier confusion: v3→v2 fallback and the unvalidated content digest,critical,`cryptographic_weakness.insufficient_verification_of_data_authenticity.cryptographic_signature` (varies) -> `server_side_injection.remote_code_execution_rce` (P1) equivalent impact when the target installs arbitrary apps under a trusted signer allowlist,AM-03 zero-permission local app (places the artefact) / AM-09 (supplies it over the network),"OEM app stores, plugin managers, enterprise/MDM installers, in-app updaters — any code path enforcing its **own** signer allowlist before handing a file to `PackageInstaller`","HackTricks android-applications-basics.md (""Custom APK verifier confusion / mixed-scheme abuse""); the Samsung Galaxy Store / S25 five-bug chain (bugscale); MASWE-0011",D02-apk-structure-signing.md,false,,,,
D02-026,D02,"APK/AAB Structure, Signing & Build Integrity",P2,M2,Deterministic installer cache: artefact substitution before install,support,"`insecure_data_transport.executable_download.no_secure_integrity_check` (P4) as the baseline, overridden upward by the demonstrated install",AM-03 zero-permission local app (writing to a shared path) or AM-04 with legacy storage access,"Apps with a self-update, plugin, or ""shell APK"" install path","HackTricks android-applications-basics.md (""Deterministic installer cache / artifact substitution"")",D02-apk-structure-signing.md,false,,,,
D02-027,D02,"APK/AAB Structure, Signing & Build Integrity",P2,M2,Self-hosted / side-loaded update channel without pinned signature verification,critical,"`insecure_data_transport.executable_download.no_secure_integrity_check` (P4 baseline, CWE-494) — override upward with the code-execution proof; `insecure_os_firmware.weakness_in_firmware_updates.firmware_does_not_validate_update_integrity` (P3) for device/OEM scope",AM-09 malicious backend/CDN; AM-06 network attacker if the fetch is cleartext or unpinned,"All apps with an out-of-Play update path (enterprise, regional, OEM). On `targetSdk >= 26` the installer requires `REQUEST_INSTALL_PACKAGES`. ATT&CK M1006: apps targeting **API 29+** cannot execute *native* code from internal data storage — DEX and JS second stages are **not** blocked and remain fully current.","ATT&CK T1407 Download New Code at Runtime, T1661 Application Versioning (""An adversary may push an update to a previously benign application to add malicious code""; SharkBot S1055), T1544 Ingress Tool Transfer, mitigation M1006; MASWE-0049 (CWE-494); MASVS-CODE-3",D02-apk-structure-signing.md,false,,,,
D02-028,D02,"APK/AAB Structure, Signing & Build Integrity",P2,M2,The app enables unknown-sources installation or installs other packages,support,`insecure_data_transport.executable_download.no_secure_integrity_check` (P4) with an upward override on the demonstrated install,AM-02 remote one click (the user accepts a prompt from a trusted app) / AM-09,"All. `REQUEST_INSTALL_PACKAGES` is per-app from **Android 8**; before that a single global ""unknown sources"" toggle applied — **LEGACY**.","ATT&CK T1632.001 Code Signing Policy Modification (Dvmap, Mandrake ""can enable app installation from unknown sources""), T1544, T1632; mitigations M1006, M1011, M1012",D02-apk-structure-signing.md,false,,,,
D02-029,D02,"APK/AAB Structure, Signing & Build Integrity",P2,M2,"`android:debuggable=""true""` in a release build → private-storage read on a stock device",high,The flag alone is `insecure_data_storage.sensitive_application_data_stored_unencrypted.on_internal_storage` (**P5**) — you override it with the reachability proof. The extracted credential routes to `sensitive_data_exposure.disclosure_of_secrets.for_publicly_accessible_asset` (P1) or `insecure_os_firmware.hardcoded_password.non_privileged_user` (P2) if static.,AM-03 zero-permission local app / AM-11 physical unlocked (anyone who picks up the phone with USB debugging on),"All. Release builds default to `false`, so any `true` is an explicit build mistake.","MASTG-TEST-0226 (Debuggable Flag Enabled in the AndroidManifest), MASWE-0063 (CWE-489), MASVS-RESILIENCE-4, MASTG-KNOW-0007, MASTG-TECH-0150, MASTG-TECH-0117; ATT&CK T1409 Stored Application Data, T1533, T1623.001; developer.android.com/privacy-and-security/risks/android-debuggable",D02-apk-structure-signing.md,false,,,,
D02-030,D02,"APK/AAB Structure, Signing & Build Integrity",P2,M2,Debuggable build → JDWP attach → arbitrary code in the app's UID,high,`broken_authentication_and_session_management.authentication_bypass` (P1) when the in-process execution mints or reads a live session; the primitive itself is rated by what it yields,AM-03 / AM-11,"All debuggable builds, all API levels — this legacy check is fully alive","MASTG-TECH-0031 (Debugging), MASTG-TECH-0040 (Waiting for the Debugger), MASTG-TOOL-0019 (jdb); drozer `app.package.debuggable`, `exploit.jdwp.check`",D02-apk-structure-signing.md,false,,,,
D02-031,D02,"APK/AAB Structure, Signing & Build Integrity",P2,M2,Debuggable re-enables `adb backup` at targetSdk 31+,high,`mobile_security_misconfiguration.auto_backup_allowed_by_default` (P5) for the flag; the extracted credential routes to `sensitive_data_exposure.disclosure_of_secrets.*` (P1–P3),AM-11 physical unlocked with USB debugging; AM-03 where a local app can drive the backup,"`targetSdk >= 31` for the backup gate; `debuggable` matters on all versions. `allowBackup` defaults to **true** below targetSdk 31 where no `dataExtractionRules` is supplied — flag the default, not just an explicit `true`.","developer.android.com/about/versions/12/behavior-changes-12 (""`adb backup` excludes app data for apps targeting Android 12; opt-in by setting `android:debuggable=""true""`... Must set to false before release""); ATT&CK T1409, T1533",D02-apk-structure-signing.md,false,,,,
D02-032,D02,"APK/AAB Structure, Signing & Build Integrity",P2,M2,`setWebContentsDebuggingEnabled(true)` shipped unconditionally,high,`broken_authentication_and_session_management.authentication_bypass` (P1) when the WebView session cookie/JWT read from DevTools replays successfully,AM-11 physical unlocked with USB debugging; AM-03 for a local app on the same device that can reach the abstract socket,All. This flag is **independent** of `android:debuggable` — an app can be non-debuggable and still expose DevTools. The call must be guarded by `ApplicationInfo.FLAG_DEBUGGABLE` to pass.,"MASTG-TEST-0227 (Debugging Enabled for WebViews), MASWE-0063, MASTG-KNOW-0028, MASTG-TECH-0142",D02-apk-structure-signing.md,false,,,,
D02-033,D02,"APK/AAB Structure, Signing & Build Integrity",P2,M2,"`android:testOnly=""true""` — you were handed the wrong binary",support,— (scope control),n/a,All,developer.android.com/guide/topics/manifest/application-element,D02-apk-structure-signing.md,false,,,,
D02-034,D02,"APK/AAB Structure, Signing & Build Integrity",P2,M2,`BuildConfig.DEBUG == true` inside a bundled AAR/JAR,support,`sensitive_data_exposure.disclosure_of_secrets.for_internal_asset` (P3) when it exposes a staging backend; `mobile_security_misconfiguration.ssl_certificate_pinning.absent` (P5) when it only relaxes pinning,AM-06 network attacker (if the branch relaxes TLS) / AM-03 (if it enables verbose credential logging),All. The app module can be a correct release build while a bundled AAR/JAR was compiled with `DEBUG true`.,"MobSF rule `android_aar_jar_debug_enabled` (severity high, cvss 5.4, masvs `resilience-2`), pattern `class BuildConfig` AND `DEBUG.*?true`",D02-apk-structure-signing.md,false,,,,
D02-035,D02,"APK/AAB Structure, Signing & Build Integrity",P2,M2,Debug/QA components and hidden menus surviving into the release variant,support,`broken_authentication_and_session_management.authentication_bypass` (P1) for an auth-bypass menu; `broken_access_control.exposed_sensitive_android_intent` (varies — rated on what it exposes) for the component itself,AM-03 zero-permission local app,"All. `targetSdk < 31`: components with an `<intent-filter>` default to exported. `android:exported=""false""` is explicitly **insufficient** protection for a debug component — documented guidance is that on a rooted device, or when debuggable is enabled, ADB can still reach it.",developer.android.com risk article `test-debug` (MASVS-CODE: Code Quality); MASWE-0063,D02-apk-structure-signing.md,false,,,,
D02-036,D02,"APK/AAB Structure, Signing & Build Integrity",P2,M2,Debug-only deep links and debug navigation routes in the release manifest,support,`application_level_denial_of_service_dos.app_crash.malformed_android_intents` (**P5**) for a crash-only route; `broken_access_control.exposed_sensitive_android_intent` (varies) when it exposes data,AM-03 zero-permission local app (any installed app can fire the intent); AM-02 if the scheme is web-reachable,All,"H1 #3829030 (Yelp Business, Low 3.3 — `yelp-biz:///debug_navigation` crashed the app *and* invalidated the session); H1 #3399016 (Nextcloud, None 0.0 — crash-only DoS scored zero)",D02-apk-structure-signing.md,false,,,,
D02-037,D02,"APK/AAB Structure, Signing & Build Integrity",P2,M2,"Build residue shipped inside the package: mapping files, unstripped symbols, source maps",support,`sensitive_data_exposure.sensitive_data_hardcoded.file_paths` (P5) for paths alone; the real routing follows whatever the residue lets you recover,AM-01 (anyone who downloads the app),All,"hackwithsingh sec-14-5 #6, sec-14-18 #10; MASTG-TECH-0007 (Exploring the App Package)",D02-apk-structure-signing.md,false,,,,
D02-038,D02,"APK/AAB Structure, Signing & Build Integrity",P2,M2,Base-only install: does the app fail closed without its required splits,support,`broken_access_control.privilege_escalation` (varies) when the removed module was the control; `broken_authentication_and_session_management.authentication_bypass` (P1) if the removed module performed the auth gate,AM-03 (installs the base-only artefact) / AM-11,Apps shipped as AAB with dynamic feature modules or config splits (`android:isSplitRequired`),"developer.android.com/guide/app-bundle/play-feature-delivery (""Apps must verify module installation before accessing code/resources via `SplitInstallManager.getInstalledModules()`"")",D02-apk-structure-signing.md,false,,,,
D02-039,D02,"APK/AAB Structure, Signing & Build Integrity",P2,M2,`SplitInstallManager.getInstalledModules()` not checked before using module code,support,— (mechanism; the finding is rated under D02-038),AM-03,"Play Feature Delivery apps (on-demand, conditional and instant modules)",developer.android.com/guide/app-bundle/play-feature-delivery,D02-apk-structure-signing.md,false,,,,
D02-040,D02,"APK/AAB Structure, Signing & Build Integrity",P2,M2,Code and native libraries that exist only in a config split,support,Follows the content — commonly `sensitive_data_exposure.disclosure_of_secrets.*` or `broken_access_control.exposed_sensitive_android_intent` (varies),Follows the content,"All AAB/XAPK/split-delivery apps; universally true for Flutter (`libapp.so`), React Native and Unity (`libil2cpp.so`) builds","MASTG-TECH-0145 (Working with XAPK Files), MASTG-TECH-0003",D02-apk-structure-signing.md,false,,,,
D02-041,D02,"APK/AAB Structure, Signing & Build Integrity",P2,M2,Re-signing and reinstalling a split set correctly,support,—,AM-12,All split/AAB-delivered apps,MASTG-TOOL-0103 (uber-apk-signer); HN Security multi-APK `pm install-create` / `install-write` / `install-commit` flow,D02-apk-structure-signing.md,false,,,,
D02-042,D02,"APK/AAB Structure, Signing & Build Integrity",P2,M2,`lib-*/` and extracted-native-library drop zones,high,`broken_access_control.privilege_escalation` (varies) — realistically rated as arbitrary code execution in the app UID; `insecure_data_transport.executable_download.no_secure_integrity_check` (P4) if the library arrives over a channel,AM-03 zero-permission local app with any file-write primitive into the app's data dir,All. **targetSdk >= 29**: native code may not be executed from the app's internal data storage (ATT&CK M1006) — state which side of that gate the target is on. Android 14 (targetSdk 34) additionally requires dynamically-loaded files to be **read-only** before load.,"H1 #1377748 (Evernote, High), #1115864 (Mattermost, High 7.8), #1362313 (Evernote, sibling report); ATT&CK T1407; developer.android.com ""Dynamic code loading"" storage guidance",D02-apk-structure-signing.md,false,,,,
D02-043,D02,"APK/AAB Structure, Signing & Build Integrity",P2,M2,Merged-manifest diff: components and permissions no first-party code declared,support,`broken_access_control.exposed_sensitive_android_intent` (varies — rated on what it exposes),AM-03 / AM-08 malicious third-party SDK,All. `targetSdk < 17`: providers exported by default. `targetSdk < 31`: components with an `<intent-filter>` exported by default.,"MASTG-TECH-0141 (Inspecting the Merged AndroidManifest), MASTG-TOOL-0007 (Android Studio), MASTG-KNOW-0004",D02-apk-structure-signing.md,false,,,,
D02-044,D02,"APK/AAB Structure, Signing & Build Integrity",P2,M2,Manifest-merger creep: an SDK re-opened cleartext or replaced the network security config,support,"Routes to the network finding it re-enables; the permission over-grant alone is a Play data-safety mismatch, not a VRT-payable item","AM-06 network attacker (cleartext), AM-08 (the SDK that did it)","All Gradle-built apps. The merger report exists only with source access — the black-box fallback is below. `targetSdk < 28`: cleartext is allowed by default anyway, so the merged value only matters at 28+.",Android manifest-merger report at `app/build/outputs/logs/manifest-merger-<variant>-report.txt`,D02-apk-structure-signing.md,false,,,,
D02-045,D02,"APK/AAB Structure, Signing & Build Integrity",P2,M2,Resource-level feature gating flipped and rebuilt,support,`broken_access_control.privilege_escalation` (varies) / `broken_authentication_and_session_management.authentication_bypass` (P1) if it exposes an admin registration flow that the server honours,AM-03 (an attacker running a repacked client against their own account) / AM-05 another user of the same app,All; depends on the absence of an integrity check (D02-022) and a decorative integrity signal (D02-021),"sec-88 ""Hacking InsecureBankv2 App"" — Privilege Escalation section (`res/values/strings.xml`, `is_admin` = no -> yes)",D02-apk-structure-signing.md,false,,,,
D02-046,D02,"APK/AAB Structure, Signing & Build Integrity",P2,M2,Signing and keystore material shipped inside the package,critical,`sensitive_data_exposure.disclosure_of_secrets.for_publicly_accessible_asset` (**P1**) when the key authenticates the app to a backend; `decentralized_application_misconfiguration.insecure_data_storage.plaintext_private_key` (P1) where applicable,"AM-01 remote, no interaction (anyone who downloads the APK)",All,"Google ASI campaign ""Embedded Keystore files"" (started 2014-10-02 — common enough to warrant a dedicated pass); apkleaks detectors `RSA_Private_Key`, `SSH_DSA_Private_Key`, `SSH_EC_Private_Key`, `PGP_private_key_block`; MASTG-TOOL-0125 (apkleaks)",D02-apk-structure-signing.md,false,,,,
D02-047,D02,"APK/AAB Structure, Signing & Build Integrity",P2,M2,Live credentials recoverable from the artefact — routing and the liveness proof,critical,"`sensitive_data_exposure.disclosure_of_secrets.for_publicly_accessible_asset` (**P1**) vs `...for_internal_asset` (**P3**) vs `...pay_per_use_abuse` (**P4**, the correct path for a billable-but-not-sensitive Maps/Places key) vs `...intentionally_public_sample_or_invalid` (**P5**, what you get if you skip the liveness proof). Also `insecure_os_firmware.hardcoded_password.privileged_user` (**P1**) / `...non_privileged_user` (**P2**) for a static credential.","AM-01 remote, no interaction",All,"MASTG-TEST-0212 (hardcoded symmetric keys), MASWE-0004 (CWE-312, 321, 540, 798), MASVS-STORAGE-1, Mobile Top 10 2024 M1; MASTG-TOOL-0144 (gitleaks), MASTG-TOOL-0125 (apkleaks); HackerOne Platform Standards ""Bounty Awards for Discovered Leaked Credentials""",D02-apk-structure-signing.md,false,,,,
D02-048,D02,"APK/AAB Structure, Signing & Build Integrity",P2,M2,Non-release artefacts shipped in the package,support,"Per the artefact: `sensitive_data_exposure.disclosure_of_secrets.for_publicly_accessible_asset` (P1), `...for_internal_asset` (P3), `sensitive_data_exposure.sensitive_data_hardcoded.file_paths` (P5)",AM-01,All,"sec-88 ""APK structure""; sec-88 checklist §5 (development files, backup files and old files that should not be in a production release)",D02-apk-structure-signing.md,false,,,,
D02-049,D02,"APK/AAB Structure, Signing & Build Integrity",P2,M2,Packed / superpacked builds — recover the DEX that actually runs,support,`lack_of_binary_hardening.lack_of_obfuscation` (P5) for the packing itself — never file it. The finding is whatever the recovered stage contains.,n/a for the technique,"All packed/protected builds (commercial packers, Meta ""superpacked"" applications)","ATT&CK T1406.002 Software Packing (""adversaries may create their own packing techniques that do not leave the same artifacts as well-known packers""; CherryBlos used the Jiagubao packer), T1406, T1407; HackTricks README.md ""Superpacked Applications""; APKiD",D02-apk-structure-signing.md,false,,,,
D02-050,D02,"APK/AAB Structure, Signing & Build Integrity",P2,M2,`android:appComponentFactory` plus `createPackageContext` as a code-execution sink,critical,`broken_access_control.privilege_escalation` (varies) — arbitrary code execution in the victim app's process and UID,AM-03 zero-permission local app,All,developer.android.com risk article `create-package-context` (MASVS-CODE: Code Quality),D02-apk-structure-signing.md,false,,,,
D02-051,D02,"APK/AAB Structure, Signing & Build Integrity",P2,M2,Recover `base.odex` when DEX decompilation is fighting you,support,—,AM-12 (your own rooted device),Rooted device required; the `oat/<abi>/` path varies by Android version,"MASTG-TECH-0007 (Exploring the App Package), MASTG-TOOL-0004",D02-apk-structure-signing.md,false,,,,
D02-052,D02,"APK/AAB Structure, Signing & Build Integrity",P2,M2,Gradle dependency verification absent or neutered,support,"`using_components_with_known_vulnerabilities` (varies) — realistically this is the *missing control* that makes MavenGate and dependency confusion exploitable, not a finding in itself",AM-08 malicious third-party SDK,Gradle builds; source access required; all API levels (build-time control),Gradle dependency-verification userguide (`--write-verification-metadata sha256\,D02-apk-structure-signing.md,false,,,,
D02-053,D02,"APK/AAB Structure, Signing & Build Integrity",P2,M2,Verification enabled but bypassed: the gpg-without-checksum hole,medium,`cryptographic_weakness.insufficient_verification_of_data_authenticity.cryptographic_signature` (varies) — a security control that reports success while performing no check,AM-08 / AM-06 (MitM on the build host's network),**LEGACY** — Gradle 6.2 through 7.4.2 only; patched in 7.5,"GHSA-j6wc-xfg8-jx2j (affected 6.2–7.4.2, fixed 7.5: ""making sure to run checksum verification if signature verification cannot be completed, whatever the reason""); risks listed as dependency poisoning/confusion and MitM on HTTP downloads",D02-apk-structure-signing.md,false,,,,
D02-054,D02,"APK/AAB Structure, Signing & Build Integrity",P2,M2,`pluginManagement` repository content filters are ignored,high,`using_components_with_known_vulnerabilities` (varies) — a live dependency-confusion path into the build that signs the production APK,AM-08 (publishes a squatted public plugin),"**LEGACY** — Gradle 5.1 through 6.8.3 only, fixed in 7.0. Still routinely present in long-lived enterprise Android repos.","GHSA-jvmj-rh6q-x395 / CVE-2021-29427 — CVSS 8.0, CWE-829 (Inclusion of Functionality from Untrusted Control Sphere); impacts: information disclosure of internal package identifiers, and dependency confusion via name squatting",D02-apk-structure-signing.md,false,,,,
D02-055,D02,"APK/AAB Structure, Signing & Build Integrity",P2,M2,MavenGate: hijackable `groupId` domains in the dependency tree,critical,`using_components_with_known_vulnerabilities` (varies) — realistically supply-chain code execution with the app's full UID; route the consequence through `server_side_injection.remote_code_execution_rce` (P1) framing only if you demonstrate it,AM-08 malicious third-party SDK,"All Gradle/Maven Android builds; worse when `mavenCentral()`, `jitpack.io` and a private repo are all declared, because repository ordering decides resolution","Oversecured ""Introducing MavenGate"" (the `groupId` -> reverse-DNS ownership model); MASWE-0044, MASWE-0048",D02-apk-structure-signing.md,false,,,,
D02-056,D02,"APK/AAB Structure, Signing & Build Integrity",P2,M2,Duplicate-class shadowing (Maven-Hijack) in the release classpath,support,`using_components_with_known_vulnerabilities` (varies); `cryptographic_weakness.insufficient_verification_of_data_authenticity.cryptographic_signature` (varies) when the shadowed class is a verifier,AM-08,All Gradle/JVM builds,"Gradle blog ""Detecting Maven-Hijack-style risks in Gradle builds with the Dependency Analysis Gradle Plugin"" — DAGP 3.5.0+, `buildHealth` / `reason` / `fixDependencies`, three risk categories (no duplicates / identical duplicates / incompatible duplicates)",D02-apk-structure-signing.md,false,,,,
D02-057,D02,"APK/AAB Structure, Signing & Build Integrity",P2,M2,Gradle wrapper jar and distribution URL integrity,support,`insecure_data_transport.executable_download.no_secure_integrity_check` (P4),AM-06 (MitM on the build host's network) / AM-08,All Gradle projects,"Gradle ""Protecting Project Integrity"" (wrapper checksum validation, `distributionSha256Sum` in `gradle-wrapper.properties`, `gradle :wrapper` regeneration from a known-good local distribution); spght.dev (same, plus homoglyph attacks on wrapper scripts)",D02-apk-structure-signing.md,false,,,,
D02-058,D02,"APK/AAB Structure, Signing & Build Integrity",P2,M2,Dependencies fetched over plaintext HTTP,support,`insecure_data_transport.executable_download.no_secure_integrity_check` (P4),AM-06 network attacker on the developer's or CI runner's network,All Gradle builds. Gradle 7+ requires `allowInsecureProtocol = true` to permit an `http://` repository — its presence is an explicit decision.,"GHSA-j6wc-xfg8-jx2j impact section (""Man-in-the-middle attacks: HTTP-based downloads remain vulnerable to interception and replacement"")",D02-apk-structure-signing.md,false,,,,
D02-059,D02,"APK/AAB Structure, Signing & Build Integrity",P2,M2,"SBOM of the shipped binary, reconciled against the declared graph",support,`using_components_with_known_vulnerabilities` (varies),AM-08,All,"MASTG-TEST-0274 (SBOM route), MASTG-TECH-0130, MASTG-TOOL-0134 (cdxgen), MASTG-TOOL-0130 (blint); safeguard.sh mobile SBOM guide; susatest (""The final artifact you ship is a binary, not a lockfile. Monitor the binary."")",D02-apk-structure-signing.md,false,,,,
D02-060,D02,"APK/AAB Structure, Signing & Build Integrity",P2,M2,"osv-scanner over the reconciled list, then the reachability gate",support,`using_components_with_known_vulnerabilities.outdated_software_version` (**P5**) for a version string alone — this is the closed-informative trap,Follows the CVE,All,"MASTG-TEST-0272 (Gradle route), MASTG-TEST-0274, MASTG-TECH-0131, MASTG-TOOL-0131 (dependency-check), MASTG-TOOL-0132 (dependency-track); MASWE-0044 (CWE-1395, CWE-1357), MASVS-CODE-3; CVE-2021-0341, CVE-2020-8913; susatest; Project Zero CVE-2022-2294 RCA (""the bug is only reachable in applications that use SDP munging"")",D02-apk-structure-signing.md,false,,,,
D02-061,D02,"APK/AAB Structure, Signing & Build Integrity",P2,M2,Library version fingerprinting when R8 stripped the version markers,support,—,n/a,All; essential for R8/ProGuard-obfuscated release builds,"LibScout README — profile/match commands, obfuscation resilience, `[SECURITY]` / `[SECURITY-FIX]` tags. Its shipped vulnerable set includes OkHttp 2.1–2.7.4 and 3.0.0–3.1.2 (certificate-pinning bypass, fixed 2.7.5 / 3.2.0), Apache Commons Collections 3.2.1 / 4.0 (deserialization, fixed 3.2.2 / 4.1) and Dropbox SDK 1.5.4–1.6.1 (fixed 1.6.2)",D02-apk-structure-signing.md,false,,,,
D02-062,D02,"APK/AAB Structure, Signing & Build Integrity",P2,M2,Build artefacts left on the API or CDN host,support,`sensitive_data_exposure.disclosure_of_secrets.for_publicly_accessible_asset` (**P1**) for signing material; `server_security_misconfiguration.directory_listing_enabled.sensitive_data_exposure` (varies) for an exposed release directory,"AM-01 remote, no interaction",All,Gowthams `approach.md` -> BFAC (Backup File Artifacts Checker); sehno -> Configuration Management,D02-apk-structure-signing.md,false,,,,
D02-063,D02,"APK/AAB Structure, Signing & Build Integrity",P2,M2,Version rollback: does the backend still serve an older signed build,support,`broken_authentication_and_session_management.authentication_bypass` (P1) when the resurrected bug is an auth bypass; otherwise the severity of whatever the old client re-enables,AM-11 physical unlocked / AM-03 with `REQUEST_INSTALL_PACKAGES`; also a user who sideloads from a mirror,"All. Android blocks a *downgrade* over an existing install, so you must uninstall first — state that precondition in the report, because it sets the severity.","Not covered anywhere in the source corpus (verified absence across all 24 research files: `versionCode downgrade` = 0 hits; `rollback protection` = 2 hits, both about verified boot). Reported as a gap, not as a cited identifier.",D02-apk-structure-signing.md,false,,,,
D02-064,D02,"APK/AAB Structure, Signing & Build Integrity",P2,M2,Minimum installable `targetSdkVersion` and the documented bypass,support,"— (harness); the finding, where one exists, routes through the distribution channel it affects",AM-03 (an attacker distributing a malicious companion app on a device with developer options),Installing on Android 14+ (min target 23) and Android 15+ (min target 24),"developer.android.com/about/versions/14/behavior-changes-all (min target 23, `--bypass-low-target-sdk-block`); developer.android.com/about/versions/15/behavior-changes-all (min target raised to 24)",D02-apk-structure-signing.md,false,,,,
D02-065,D02,"APK/AAB Structure, Signing & Build Integrity",P2,M2,`@ChangeId` / `enableAfterTargetSdk` audit: security checks gated on the app's chosen targetSdk,support,"Routes to the gated weakness (for the cited case, `server_side_injection.sql_injection` P1 via a provider)",Any app that declares an old `targetSdk` — the attacker chooses it freely,Android 10+ (the `CompatChanges` framework); exploitable by any app declaring `targetSdk` at or below the gate,"CVE-2026-28576 / GHSA-ph86-9mcx-3p6r; MHL: ""Auditing `@ChangeId` annotations in system apps is a reliable way to find this bug class""; `github.com/mobilehackinglab/jadx-mcp-plugin`",D02-apk-structure-signing.md,false,,,,
D02-066,D02,"APK/AAB Structure, Signing & Build Integrity",P2,M2,Platform-signed non-system APK without a signature-permission allowlist entry,support,`broken_access_control.privilege_escalation` (varies),n/a directly; this is a platform-key hygiene finding with privilege-escalation consequences,"**Android 15+**, platform-signed **non-system** apps only (platform-signed *system* apps are explicitly unaffected). Enforcement is off on debuggable builds.","source.android.com/docs/core/permissions/signature-permission-allowlist (`<signature-permissions package=""..."">` XML under `/etc/permissions/`, named `signature-permissions-OEM_NAME.xml` / `signature-permissions-DEVICE_NAME.xml`)",D02-apk-structure-signing.md,false,,,,
D02-067,D02,"APK/AAB Structure, Signing & Build Integrity",P2,M2,Privileged-app permission allowlisting on OEM images,support,`broken_access_control.privilege_escalation` (varies),AM-03 (an unprivileged app proxying through the privileged one),"Android 8.0+ for the allowlist mechanism; Android 9+ for boot-blocking enforcement. **LEGACY:** on 8.0 and lower a missing entry simply fails to grant and the device still boots, so the absence of a boot failure proves nothing there. Allowlists can only grant or deny for privileged apps on the **same partition** (`/system`, `/product`, `/vendor` from Android 9; `/system` only on 8.1 and lower).","source.android.com/docs/core/permissions/perms-allowlist; ATT&CK T1645 Compromise Client Software Binary, T1474.003 (Adups, Triada S0424)",D02-apk-structure-signing.md,false,,,,
D02-068,D02,"APK/AAB Structure, Signing & Build Integrity",P2,M2,Establish the partition before claiming persistence,support,—,n/a,All,"AOSP security-model paper rule ④ (""Factory reset restores the device to a safe state"") and §5 special cases: **Factory Reset Protection (FRP)** and **Widevine** are the two named deviations — Widevine's identifier ""remains stable across factory resets"" and is ""scoped to the developer key to prevent cross-app tracking""",D02-apk-structure-signing.md,false,,,,
D02-069,D02,"APK/AAB Structure, Signing & Build Integrity",P2,M2,Shell-Loop Ban on artefact sweeps — count your results,support,—,n/a,"Every automated sweep in this chapter — split pulls, per-split decompiles, groupId whois checks, DEX symbol loops, version-history iteration. Including agent-driven ones.","`bb-methodology` PART 4 ""Shell-Loop Ban""",D02-apk-structure-signing.md,false,,,,
D02-070,D02,"APK/AAB Structure, Signing & Build Integrity",P2,M2,"Run the pre-severity gate against the Critical claim, not against the repack",support,—,n/a,Every Critical or High D02 claim,`triage-validation` PRE-SEVERITY GATE; `bb-methodology` Phase 5 Multi-Tool Reproduction Bar,D02-apk-structure-signing.md,false,,,,
D02-071,D02,"APK/AAB Structure, Signing & Build Integrity",P2,M2,Chain-filing order for D02 primitives,support,—,n/a,"Every multi-finding D02 engagement (which is most of them — this domain produces primitives, not endpoints)","`bugcrowd-reporting` §5 (chain filing), §8 (submission-order strategy)",D02-apk-structure-signing.md,false,,,,
D02-072,D02,"APK/AAB Structure, Signing & Build Integrity",P2,M2,Evidence capture for an integrity finding: what to show and what to mask,support,—,n/a,"Every D02 finding that changes state (repack unlocks a feature, substituted artefact installs, rollback re-enables a bug)","`evidence-hygiene` (redaction methods, the visible/masked split); `bugcrowd-reporting` 5-screenshot state-change pattern",D02-apk-structure-signing.md,false,,,,
D03-001,D03,AndroidManifest & Permission Model,P3,M3,"Analyse the MERGED manifest, and attribute every entry to the module that injected it",support,none (enabler),n/a,all,"MASTG-TECH-0141 (Inspecting the Merged AndroidManifest), MASTG-TECH-0150 (Analyzing the AndroidManifest), MASTG-TOOL-0124 (aapt2)",D03-manifest-and-permissions.md,false,,,,
D03-002,D03,AndroidManifest & Permission Model,P3,M3,Fix the API-level matrix from the app's own declaration and bind every finding to it,support,none (enabler; it is also the severity-honesty control),n/a,all,"MASTG-TEST-0315 (""Why minSdkVersion and not targetSdkVersion?""), MASTG-TEST-0252, MASTG-TECH-0117, MASTG-TECH-0150",D03-manifest-and-permissions.md,false,,,,
D03-003,D03,AndroidManifest & Permission Model,P3,M3,"Build the effective-export table, resolving the default per component type and targetSdk",support,"none (the *reached behaviour* is what gets filed, under `broken_access_control.exposed_sensitive_android_intent`)",AM-03,all; defaults are version-gated (see below),"MASTG-TECH-0160, -0161, -0162, -0163; MASWE-0018 (""Unintentionally Exported Components""); ATT&CK T1624.001",D03-manifest-and-permissions.md,false,,,,
D03-004,D03,AndroidManifest & Permission Model,P3,M3,Reconcile the manifest against the live PackageManager resolver tables,support,none (enabler),AM-03,all,"MASTG-TECH-0160/-0161/-0162/-0163, MASTG-TOOL-0004 (adb); drozer `app.package.attacksurface`",D03-manifest-and-permissions.md,false,,,,
D03-005,D03,AndroidManifest & Permission Model,P3,M3,"Read the permission model from PackageManager, not from the manifest, and decode the numeric protectionLevel",support,`broken_access_control.exposed_sensitive_android_intent` (null),AM-03,"all; definer-wins resolution is PackageManager behaviour, not a targetSdk gate",`android.content.pm.PermissionInfo` constants; `getProtection()` / `getProtectionFlags()`; MASTG-KNOW-0017,D03-manifest-and-permissions.md,false,,,,
D03-006,D03,AndroidManifest & Permission Model,P3,M3,"Prove every reachability claim from a separate, zero-permission attacker APK — never from `adb shell am` alone",support,none (evidence discipline),AM-03,all IPC and permission findings,"YesWeHack Android recon guidance (""for these attacks to not be considered 'self-exploitation' ... you need to provide a PoC from a third-party application that you control yourself""); Intigriti triage standard (""the simplest possible demonstration that proves the vulnerability's exploitability and impact beyond reasonable doubt"")",D03-manifest-and-permissions.md,false,,,,
D03-007,D03,AndroidManifest & Permission Model,P3,M3,Count your sweep results — the shell-loop ban applied to manifest and permission enumeration,support,none (false-positive / false-negative discipline),n/a,"every automated manifest, permission or component sweep, including agent-driven ones","Claude-BugHunter `bb-methodology` PART 4 ""Shell-Loop Ban""; the Body-Diff Rule, restated for IPC below",D03-manifest-and-permissions.md,false,,,,
D03-008,D03,AndroidManifest & Permission Model,P3,M3,Orphan permission — a component guarded by a permission string nobody defines,support,`broken_access_control.exposed_sensitive_android_intent` (null) escalating to `broken_authentication_and_session_management.authentication_bypass` (P1) or `broken_access_control.idor.modify_view_sensitive_information_iterable_object_identifiers` (P1),AM-03,"**all versions.** No install-order race, no user interaction, not fixed by any platform change. Reachable on current Android whenever the defining package is simply absent.","`developer.android.com/privacy-and-security/risks/custom-permissions` — ""Orphaned permissions"": *privileged app uses undefined permission to protect a component; malicious app defines that orphaned permission first; malicious app gains access to protected component*. Android Lint check `CustomPermissionTypo`. MobSF `exported_protected_permission_not_defined`. Google Mobile VRP lists **""orphaned permissions""** by name in ""Additional vulnerability types in scope"". MASWE-0018, CWE-862/CWE-863",D03-manifest-and-permissions.md,false,,,,
D03-009,D03,AndroidManifest & Permission Model,P3,M3,Custom `<permission>` with no `protectionLevel` — it silently becomes `normal`,support,`broken_access_control.exposed_sensitive_android_intent` (null),AM-03,all,"MASTG-TEST-0355 — *""the same applies when no protection level is configured and becomes automatically `android:protectionLevel=""normal""`, which is granting access automatically to any requesting app""*; MASTG-KNOW-0017; MobSF `exported_protected_permission_normal`; MASWE-0018",D03-manifest-and-permissions.md,false,,,,
D03-010,D03,AndroidManifest & Permission Model,P3,M3,`normal` or `dangerous` protectionLevel guarding a privileged action,support,`broken_access_control.exposed_sensitive_android_intent` (null) or `broken_access_control.privilege_escalation` (null),AM-03 (normal) / AM-04 (dangerous — one tap),all,"MASTG-TEST-0355, MASTG-KNOW-0017, MASWE-0018, CWE-862/863; H1 #289000 (Bitwarden, Low — the fix shape); MobSF `exported_protected_permission_normal` / `..._dangerous` (MobSF counts these components as **exported**)",D03-manifest-and-permissions.md,false,,,,
D03-011,D03,AndroidManifest & Permission Model,P3,M3,"Permission-name typo, case mismatch, or a non-permission literal",support,`broken_access_control.exposed_sensitive_android_intent` (null),AM-03,all,"`developer.android.com/privacy-and-security/risks/custom-permissions` — Lint check `CustomPermissionTypo`, and explicitly *""invalid values like `android:permission=""true""` are treated as custom permissions""*; Google's vulnerability-classes material, class ""Typos in custom permissions"": *""when used custom permissions don't match declared custom permissions, Android defaults to silently failing to enforce the permission""*; H1 **#440749** (Mail.Ru Android — typo in permission name allows writing contacts without user knowledge)",D03-manifest-and-permissions.md,false,,,,
D03-012,D03,AndroidManifest & Permission Model,P3,M3,"`android:uses-permission` on a component tag, or `<uses-permission>` nested inside one",support,`broken_access_control.exposed_sensitive_android_intent` (null),AM-03,all,"Oversecured ""Common mistakes when using permissions in Android"" — typos in component declarations; MASWE-0018",D03-manifest-and-permissions.md,false,,,,
D03-013,D03,AndroidManifest & Permission Model,P3,M3,Permission squatting — the attacker defines the target's custom permission first,support,`broken_access_control.privilege_escalation` (null),AM-03,"all — but the install-order precondition must be demonstrated on the tested platform version, not assumed. Android 5.0 tightened same-name definitions toward requiring the same signing key; state the API level you proved it on.","`developer.android.com/privacy-and-security/risks/custom-permissions` — ""Protection Level Downgrade (Race Condition)""; commonsware.com/blog/2014/02/12/vulnerabilities-custom-permissions.html — *""first one in wins""*, the attacker's `protectionLevel=""normal""* ""supersedes any `signature` protection level the defender established""* and *""Android never notifies users that the attacker requested this permission""*; AOSP security-model threat class **[T.A2]** ""Abusing APIs provided by other apps installed on the device""",D03-manifest-and-permissions.md,false,,,,
D03-014,D03,AndroidManifest & Permission Model,P3,M3,Protection-level downgrade after the defining app is uninstalled,support,`broken_access_control.privilege_escalation` (null),AM-03 (requires the legitimate definer to be absent or removed),"**LEGACY for the CVE-2019-2200 variant: device API < 29.** Live on any device in the app's `minSdkVersion` range below that. Multi-APK products (companion app, plugin, SDK host) are where this is realistic.","`developer.android.com/privacy-and-security/risks/custom-permissions` — *""if a legitimate app with signature-protected custom permissions is uninstalled, a malicious app can define the same custom permission with weaker protection level and gain access to all components protected by that permission without matching signatures""*; **CVE-2019-2200**, fixed in Android 10, linked from the 2020-02-01 Android Security Bulletin",D03-manifest-and-permissions.md,false,,,,
D03-015,D03,AndroidManifest & Permission Model,P3,M3,"Ecosystem missing-redeclaration — defined in App A, only *used* by App B",support,`broken_access_control.privilege_escalation` (null),AM-03,"vendor app families, OEM preinstall sets, plugin/companion architectures","Google's vulnerability-classes material — *""for sets of apps, check that declared and used permissions match across the whole set of apps""*; `INSTALL_FAILED_DUPLICATE_PERMISSION` as the collision signal",D03-manifest-and-permissions.md,false,,,,
D03-016,D03,AndroidManifest & Permission Model,P3,M3,`<permission-tree>` and runtime `PackageManager.addPermission()`,support,`broken_access_control.privilege_escalation` (null),AM-03 / AM-09 (a backend that controls the permission name),all,"`developer.android.com/guide/topics/manifest/permission-element` — the reverse-domain naming rule, and that multiple packages cannot declare permissions with the same name unless signed with the same certificate",D03-manifest-and-permissions.md,false,,,,
D03-017,D03,AndroidManifest & Permission Model,P3,M3,Custom permission mapped into a platform `permissionGroup`,support,`broken_access_control.privilege_escalation` (null),AM-04,Android 6.0+ (the runtime permission model),"AOSP security-model paper §4.3.2 — runtime permissions *""are grouped into logical permissions using the `permissionGroup` attribute. When requesting runtime permissions, the group appears as a single permission to avoid over-prompting""*; `developer.android.com/guide/topics/permissions/overview` warns that *""permission group membership can change without notice""*; `source.android.com/docs/core/permissions/runtime_perms` — OEMs *""can add new permissions to a current group, but can't modify the AOSP mapping of dangerous permissions and dangerous permission groups""*",D03-manifest-and-permissions.md,false,,,,
D03-018,D03,AndroidManifest & Permission Model,P3,M3,`knownSigner` / `android:knownCerts` — enumerate the certificate allow-list,support,`broken_access_control.privilege_escalation` (null),AM-08 (a partner or rotated-away key holder),"**Android 12+** for the `knownSigner` level. **LEGACY note, and it runs the other way:** on older platforms the same manifest resolves to plain `signature`, which is *stricter* — the newer device is the weaker one.","`developer.android.com/guide/topics/manifest/permission-element` — `""knownSigner""`: *""granted only if requesting app is signed with an allowed certificate (listed as known signer). Automatically granted without user notification""*; `PROTECTION_FLAG_KNOWN_SIGNER` = 0x8000 in `PermissionInfo`",D03-manifest-and-permissions.md,false,,,,
D03-019,D03,AndroidManifest & Permission Model,P3,M3,"`signatureOrSystem` — deprecated at API 23, and a weaker claim than the developer thinks",support,`broken_access_control.privilege_escalation` (null),AM-08 / OEM scope,all. **LEGACY as a declaration** (deprecated API 23) but still enforced wherever present.,"`developer.android.com/guide/topics/manifest/permission-element` — *""`signatureOrSystem`: **Deprecated in API level 23.** Old synonym for `signature",D03-manifest-and-permissions.md,false,,,,
D03-020,D03,AndroidManifest & Permission Model,P3,M3,`PROTECTION_INTERNAL` with no gating flag,support,`broken_access_control.exposed_sensitive_android_intent` (null),AM-03,Android 12+,"`PROTECTION_INTERNAL` = 4 in `PermissionInfo`; AOSP `Permissions.md` — *""**internal**: no-op protection, useful with protection flags""*",D03-manifest-and-permissions.md,false,,,,
D03-021,D03,AndroidManifest & Permission Model,P3,M3,`development`-flagged permission grantable straight from the shell,support,`sensitive_data_exposure.disclosure_of_secrets.for_internal_asset` (P3) when the surface leaks internal config,"AM-11 (physical unlocked / ADB), AM-08 via a compromised MDM or desktop helper",all,"`PROTECTION_FLAG_DEVELOPMENT` = 0x20 in `PermissionInfo`; AOSP `Permissions.md` lists `development` among the ""optional flags [that] modify protection levels"" and documents `adb shell pm grant <package> <permission>`",D03-manifest-and-permissions.md,false,,,,
D03-022,D03,AndroidManifest & Permission Model,P3,M3,Role-protected permission (`PROTECTION_FLAG_ROLE`) — taking the role takes the permission,support,`broken_access_control.privilege_escalation` (null),AM-02 (one user tap to change the role holder),Android 10+ (RoleManager),"`PROTECTION_FLAG_ROLE` = 0x4000 in `PermissionInfo`; AOSP `Permissions.md` on role-protected permissions ""tied to system roles for better granularity"" and `DefaultPermissionGrantPolicy` pre-grants to ""predefined categories (browser, SMS app)""",D03-manifest-and-permissions.md,false,,,,
D03-023,D03,AndroidManifest & Permission Model,P3,M3,"A ""platform"" signature permission whose definer is not `android`",support,`broken_access_control.exposed_sensitive_android_intent` (null),AM-03,all,"AOSP security-model paper §4.3.2 class (5): *""signature permissions ... are only available to components signed with the same key as the component which declares the permission — which is the platform signing key for platform permissions""*",D03-manifest-and-permissions.md,false,,,,
D03-024,D03,AndroidManifest & Permission Model,P3,M3,`checkSelfPermission()` in an exported entry point — the confused-deputy core,support,`broken_access_control.privilege_escalation` (null) escalating to `broken_authentication_and_session_management.authentication_bypass` (P1) or `broken_access_control.idor.modify_view_sensitive_information_iterable_object_identifiers` (P1),AM-03,all,"`Context.checkSelfPermission` / `checkCallingPermission` / `checkPermission(String,int,int)` — `developer.android.com/reference/android/content/Context`; `developer.android.com/training/permissions/restrict-interactions` — *""check permissions by process ID: `int pid = Binder.getCallingPid(); int uid = Binder.getCallingUid(); context.checkPermission(permission, pid, uid);`""*, with the note that `checkCallingPermission()` *""only works when executing calls from another process""*; AOSP `Permissions.md` — *""on Binder call receiving end, use `Binder.callingPid()` and `Binder.callingUid()` for caller identification""*; AOSP threat class **[T.A2]**; MASWE-0018, CWE-862/863",D03-manifest-and-permissions.md,false,,,,
D03-025,D03,AndroidManifest & Permission Model,P3,M3,`checkCallingOrSelfPermission()` / `enforceCallingOrSelfPermission()` — passes because *you* pass,support,`broken_access_control.privilege_escalation` (null) -> P1 as above,AM-03,all,"`Context.checkCallingOrSelfPermission` / `enforceCallingOrSelfPermission` — `developer.android.com/reference/android/content/Context`; AOSP threat class [T.A2]; Oversecured's vendor-vulnerability research (a Samsung `semIsBackupEnabled()` that *""returns the value with no checks at all""* beside an AOSP method that does enforce)",D03-manifest-and-permissions.md,false,,,,
D03-026,D03,AndroidManifest & Permission Model,P3,M3,"`checkCallingPermission()` result discarded — it returns an `int`, it does not throw",support,`broken_access_control.exposed_sensitive_android_intent` (null),AM-03,all,"`developer.android.com/privacy-and-security/risks/intent-redirection` — documented common mistake: *""assuming `checkCallingPermission()` always throws exceptions (it returns an integer)""*; `risks/access-control-to-exported-components`",D03-manifest-and-permissions.md,false,,,,
D03-027,D03,AndroidManifest & Permission Model,P3,M3,`Binder.clearCallingIdentity()` launders the caller before the check runs,support,`broken_access_control.privilege_escalation` (null),AM-03,all; most impactful in system/OEM apps running as UID 1000,`android.os.Binder` — `clearCallingIdentity()` / `restoreCallingIdentity(long)`; AOSP `Permissions.md` caller-identification guidance; Oversecured vendor-vulnerability research,D03-manifest-and-permissions.md,false,,,,
D03-028,D03,AndroidManifest & Permission Model,P3,M3,`Binder.getCallingUid()` on a same-process call returns your own UID,support,`broken_access_control.exposed_sensitive_android_intent` (null),AM-03,all,`android.os.Binder` documented caveat — on a local (same-process) invocation `getCallingUid()`/`getCallingPid()` return the caller's *own* UID/PID; `getCallingUidOrThrow()` exists precisely to fail closed when there is no remote caller,D03-manifest-and-permissions.md,false,,,,
D03-029,D03,AndroidManifest & Permission Model,P3,M3,`getCallingPackage()` / `getCallingActivity()` null-handling used as authorisation,support,`broken_access_control.exposed_sensitive_android_intent` (null),AM-03,all,"`developer.android.com/privacy-and-security/risks/intent-redirection` — documented common mistake: treating a non-null `getCallingActivity()` as proof of a trusted caller, *""malicious apps can supply null""*; `risks/access-control-to-exported-components`",D03-manifest-and-permissions.md,false,,,,
D03-030,D03,AndroidManifest & Permission Model,P3,M3,Package-name substring / prefix matching used as a trust boundary,support,`broken_access_control.exposed_sensitive_android_intent` (null),AM-03,all,"H1 **#331302** (Nextcloud, Low); correct alternative is `PackageManager.getPackageInfo(..., GET_SIGNING_CERTIFICATES)` or a `signature`-level permission",D03-manifest-and-permissions.md,false,,,,
D03-031,D03,AndroidManifest & Permission Model,P3,M3,"Permission re-delegation — the app holds the permission, the caller does not, and the app will use it for them",support,`broken_access_control.privilege_escalation` (null); files to P1 when the delegated read yields another user's data via `broken_access_control.idor.modify_view_sensitive_information_iterable_object_identifiers`,AM-03,all,"Oversecured ""Insufficient permission protection"" (the canonical example: reading `ContactsContract.CommonDataKinds.Phone` requires `READ_CONTACTS`, but the app's own `content://com.exampleapp.contacts` requires nothing); `developer.android.com/privacy-and-security/security-tips` — *""don't leak permission-protected data ... permission re-delegation""*; MASWE-0018; H1 **#97295** (ok.ru), **#1161401** (Nextcloud, Low 1.3, $250), **#185862** (Twitter location, $560); ATT&CK T1636.001–.005",D03-manifest-and-permissions.md,false,,,,
D03-032,D03,AndroidManifest & Permission Model,P3,M3,"`android:permission` on `<application>` silently **overridden**, not supplemented, by a per-component value",support,`broken_access_control.exposed_sensitive_android_intent` (null),AM-03 / AM-04,all,"`developer.android.com/guide/topics/manifest/service-element`, `.../receiver-element` — if `android:permission` is unset on the component, the `<application>` element's value applies; if neither is set *""the service isn't protected by a permission""*; MobSF `exported_protected_permission_normal_app_level`, `exported_protected_permission_not_defined_app_level`",D03-manifest-and-permissions.md,false,,,,
D03-033,D03,AndroidManifest & Permission Model,P3,M3,`<activity-alias>` inherits nothing from its target,support,`broken_access_control.exposed_sensitive_android_intent` (null),AM-03,all,"`developer.android.com/guide/topics/manifest/activity-alias-element` — *""with the exception of `targetActivity`, `<activity-alias>` attributes are a subset of `<activity>` attributes. For attributes in the subset, none of the values set for the target carry over to the alias""*, and the alias's `android:permission` *""supplants any permission set for the target activity itself""*; MASTG-TECH-0160 — *""activity aliases have their own `android:exported`, `android:permission`, and intent filters, so review them separately from the target activity""*",D03-manifest-and-permissions.md,false,,,,
D03-034,D03,AndroidManifest & Permission Model,P3,M3,"`android:exported=""true""` written to satisfy the targetSdk 31 build",support,`broken_access_control.exposed_sensitive_android_intent` (null),AM-03,"**targetSdk 31+.** LEGACY below 31, where the *absence* of the attribute on an intent-filtered component is the bug instead (see D03-003).","`developer.android.com/about/versions/12/behavior-changes-12#exported` — *""safer component exporting ... app cannot install on Android 12+ devices without this attribute""*; `developer.android.com/privacy-and-security/risks/android-exported` (MASVS-PLATFORM)",D03-manifest-and-permissions.md,false,,,,
D03-035,D03,AndroidManifest & Permission Model,P3,M3,`android:path` used where `pathPrefix` was meant — the subtree is unguarded,support,`broken_access_control.exposed_sensitive_android_intent` (null),AM-03,all,"QARK plugin `qark/plugins/manifest/android_path.py` — *""`android:path` means that the permission applies to the exact path declared in `android:path`. This expression does not protect the sub-directories""*",D03-manifest-and-permissions.md,false,,,,
D03-036,D03,AndroidManifest & Permission Model,P3,M3,`<path-permission>` coverage gap and `<grant-uri-permission>` scoped to the whole provider,support,`broken_access_control.exposed_sensitive_android_intent` (null),AM-03,all,"`developer.android.com/guide/topics/manifest/provider-element` (`<path-permission>` is path-scoped and takes precedence over the provider-level permission; `<grant-uri-permission>` names the URI subsets grantable when `grantUriPermissions=""false""`); MobSF `improper_provider_permission` (raised for `pathPrefix=""/""`, `path=""/""`, `path=""*""`)",D03-manifest-and-permissions.md,false,,,,
D03-037,D03,AndroidManifest & Permission Model,P3,M3,Provider declares `readPermission` but omits `writePermission`,support,`broken_access_control.exposed_sensitive_android_intent` (null),AM-03,all,"Oversecured, ""Content Providers and the potential weak spots they can have"" — weakness #3, permission declaration mismatches",D03-manifest-and-permissions.md,false,,,,
D03-038,D03,AndroidManifest & Permission Model,P3,M3,"`android:process` with a global name, and missing `isolatedProcess` on untrusted-input services",support,`broken_access_control.privilege_escalation` (null),AM-08,all,"`developer.android.com/guide/topics/manifest/service-element`, `.../activity-element`, `.../receiver-element` (`android:process`, `android:isolatedProcess` — documented as running *""under a special isolated process with no permissions of its own""*)",D03-manifest-and-permissions.md,false,,,,
D03-039,D03,AndroidManifest & Permission Model,P3,M3,"`android:directBootAware=""true""` — components that run before the user unlocks",support,"`insecure_data_storage.sensitive_application_data_stored_unencrypted.on_internal_storage` (P5) as the storage node — file it as the *reachability at a lower unlock state*, chaining to `sensitive_data_exposure.disclosure_of_secrets.for_publicly_accessible_asset` (P1) if it is a live credential",AM-10 (physical locked — this is the whole point),"all; default is `""false""` on activities, services, receivers and providers","`developer.android.com/guide/topics/manifest/{activity,service,receiver,provider}-element` (`android:directBootAware`)",D03-manifest-and-permissions.md,false,,,,
D03-040,D03,AndroidManifest & Permission Model,P3,M3,Context-registered receivers are invisible to manifest analysis — and `RECEIVER_NOT_EXPORTED` is mandatory from API 33,support,`broken_access_control.exposed_sensitive_android_intent` (null),AM-03,all; the `RECEIVER_EXPORTED`/`RECEIVER_NOT_EXPORTED` requirement applies to apps targeting **Android 13 (API 33)+** for non-system broadcasts,"MASTG-TECH-0162, verbatim: *""receivers created at runtime are registered by calling `Context.registerReceiver` ... search the reverse-engineered code for calls to `registerReceiver` and for subclasses of `BroadcastReceiver` ... check whether the call specifies `RECEIVER_NOT_EXPORTED`, which since Android 13 (API level 33) prevents other apps from delivering broadcasts to the receiver""*",D03-manifest-and-permissions.md,false,,,,
D03-041,D03,AndroidManifest & Permission Model,P3,M3,Dialler secret-code receivers (`android.provider.Telephony.SECRET_CODE`),support,`broken_access_control.exposed_sensitive_android_intent` (null),AM-03 (broadcast it programmatically) / AM-02 (social-engineer the user into dialling),all; yield is highest on OEM/carrier builds,drozer `scanner.misc.secretcodes`; HackTricks drozer tutorial,D03-manifest-and-permissions.md,false,,,,
D03-042,D03,AndroidManifest & Permission Model,P3,M3,"Accessory intent filters (USB / NFC) — exported by necessity, therefore audit them as exported components",support,`broken_access_control.exposed_sensitive_android_intent` (null); the crash-only case is `application_level_denial_of_service_dos.app_crash.malformed_android_intents` (**P5**),AM-03 (forge the intent from an app) / AM-10–AM-11 (present the physical device or tag),"apps declaring `USB_DEVICE_ATTACHED`, `USB_ACCESSORY_ATTACHED` or `NDEF_DISCOVERED`","`developer.android.com/develop/connectivity/usb/host` (the `<action android:name=""android.hardware.usb.action.USB_DEVICE_ATTACHED""/>` + `<meta-data>` pattern); `developer.android.com/develop/connectivity/nfc/nfc` (the three dispatch actions); `developer.android.com/privacy-and-security/risks/android-exported`",D03-manifest-and-permissions.md,false,,,,
D03-043,D03,AndroidManifest & Permission Model,P3,M3,Account-type squatting against `AbstractAccountAuthenticator`,support,`broken_authentication_and_session_management.authentication_bypass` (P1) once harvested credentials complete an ATO; the primitive alone files under `broken_access_control.exposed_sensitive_android_intent` (null),AM-03 (install order matters — demonstrate it and state it),all Android versions for the squatting itself,"`developer.android.com/about/versions/oreo/android-8.0-changes`, verbatim: *""in Android 8.0 (API level 26), apps can no longer get access to user accounts unless the authenticator owns the accounts or the user grants that access. The `GET_ACCOUNTS` permission is no longer sufficient.""* — which is exactly why owning the *type* is the prize",D03-manifest-and-permissions.md,false,,,,
D03-044,D03,AndroidManifest & Permission Model,P3,M3,"`android:intentMatchingFlags` — `""none""` is an explicit opt-*out* of Android 16 intent hardening",support,`broken_access_control.exposed_sensitive_android_intent` (null),AM-03,"**Android 16 (API 36)+.** Settable on `<application>`, `<activity>`, `<activity-alias>`, `<receiver>`, `<service>`, `<provider>`.","`developer.android.com/about/versions/16/behavior-changes-16` — values `enforceIntentFilter` / `none` / `allowNullAction`; the documented logcat filter is `tag:PackageManager & (message:""Intent does not match component's intent filter:""",D03-manifest-and-permissions.md,false,,,,
D03-045,D03,AndroidManifest & Permission Model,P3,M3,`resolveActivity() == null` used as a security gate — the package-visibility trap,support,`broken_access_control.privilege_escalation` (null); rate on the control the gate protects,AM-03,"**targetSdk 30+ only.** Below 30 these calls are unfiltered and the gate works — this is a bug that *appears* when the app raises its target SDK, which is why it survives old checklists.","`developer.android.com/training/package-visibility` (filtering of `queryIntentActivities`, `getPackageInfo`, `getInstalledApplications`, and service binding); MASWE-0047 (Using Non-Standard APIs for Security-Critical Functionality)",D03-manifest-and-permissions.md,false,,,,
D03-046,D03,AndroidManifest & Permission Model,P3,M3,`QUERY_ALL_PACKAGES` and over-broad `<queries>` — and using `<queries><package>` to remove your own PoC's precondition,support,`privacy_concerns.unnecessary_data_collection` (varies) for the collection half; no dedicated node for the precondition half — file it with the parent finding,AM-03 / AM-08,**targetSdk 30+.** Free package visibility below 30 (LEGACY) — on those targets this is not a finding.,`developer.android.com/training/package-visibility`; MobSF/Play policy treatment of `QUERY_ALL_PACKAGES` as a restricted permission,D03-manifest-and-permissions.md,false,,,,
D03-047,D03,AndroidManifest & Permission Model,P3,M3,App-op-gated special permissions fail open at `MODE_IGNORED`,support,`mobile_security_misconfiguration.tapjacking` (**P5**) when the failed-open control is an overlay guard — escalate through what the disabled defence permits,AM-11 (to set the op) / AM-08,all; app-op modes are per-UID for security-relevant ops and per-package otherwise,"AOSP `AppOps.md` — modes `MODE_DEFAULT` / `MODE_ALLOWED` / `MODE_FOREGROUND` / `MODE_IGNORED` (*""deny access without throwing exceptions""*) / `MODE_ERRORED` (*""throw a `SecurityException` on access""*); *""certain permissions like `SYSTEM_ALERT_WINDOW` and `WRITE_SETTINGS` use the appop protection flag""*; shell syntax `appops set [--user USER_ID] PACKAGE OP MODE`, `appops get`, `appops reset`; AOSP `Permissions.md` checker flow (`MODE_ALLOWED` -> `PERMISSION_GRANTED`, `MODE_IGNORED` -> `PERMISSION_DENIED`, `MODE_DEFAULT` -> fall back to the grant state); `PROTECTION_FLAG_APPOP` = 0x40",D03-manifest-and-permissions.md,false,,,,
D03-048,D03,AndroidManifest & Permission Model,P3,M3,Foreground-only permissions: probe the background path where the op flips to `MODE_IGNORED`,support,`privacy_concerns.unnecessary_data_collection` (varies),n/a — this is a client-behaviour finding against the user's own stated choice,Android 10+ for the location tri-state; Android 11+ for camera/mic and one-time permissions,"AOSP `Permissions.md` — *""foreground: app-op mode is `MODE_ALLOWED`; background: app-op mode switches to `MODE_IGNORED`; `ACCESS_BACKGROUND_LOCATION` keeps the mode at `MODE_ALLOWED`""*; AOSP security-model paper §4.3.2 on the third state granting access *""only when an app is in the foreground, i.e. when it either has a visible activity or runs a foreground service with permanent notification""*; ATT&CK T1541 Foreground Persistence, T1430",D03-manifest-and-permissions.md,false,,,,
D03-049,D03,AndroidManifest & Permission Model,P3,M3,Restricted permissions and installer-granted allow-list exemptions,support,`broken_access_control.privilege_escalation` (null),AM-08 / AM-09 (the installer is the third party making the decision),Android 10+,"AOSP `Permissions.md` — `RESTRICTION_UPGRADE_EXEMPT` (*""whitelisted during P→Q upgrade""*), `RESTRICTION_INSTALLER_EXEMPT` (*""whitelisted by installer via `PackageInstaller.SessionParams.setWhitelistedRestrictedPermissions()`""*), `RESTRICTION_SYSTEM_EXEMPT`; `source.android.com/docs/core/permissions/runtime_perms` — *""hard restrictions: apps can't be granted permissions that aren't allowlisted""*, and allowlisting *""occurs during installation or upgrade, not through user action""*",D03-manifest-and-permissions.md,false,,,,
D03-050,D03,AndroidManifest & Permission Model,P3,M3,"`GRANTED_BY_DEFAULT` / `SYSTEM_FIXED` flags — read the flags, not just `granted=true`",support,`privacy_concerns.unnecessary_data_collection` (varies); `broken_access_control.privilege_escalation` (null) if it yields a capability the user cannot revoke,"n/a — this is a multi-party-authorisation violation, not an attack",Android 6.0+,"AOSP `Permissions.md` flags `USER_SET`, `USER_FIXED` (*""permanently denied; future requests denied without UI""*), `SYSTEM_FIXED` (*""required for normal device operation; user cannot revoke""*), `GRANTED_BY_DEFAULT` (*""pre-granted via `DefaultPermissionGrantPolicy`""*); `source.android.com/docs/core/permissions/runtime_perms` — OEMs may pre-grant for default handlers but *""pre-installed apps cannot bypass the runtime model — users retain revocation rights""*",D03-manifest-and-permissions.md,false,,,,
D03-051,D03,AndroidManifest & Permission Model,P3,M3,"`NEARBY_WIFI_DEVICES` without `usesPermissionFlags=""neverForLocation""`",support,`privacy_concerns.unnecessary_data_collection` (varies); `privacy_concerns.unnecessary_data_collection.wifi_ssid_password` (P4) when SSID/credential material is collected,n/a — client-behaviour finding,targetSdk 33+ (Android 13+),"`developer.android.com/about/versions/13/behavior-changes-13` — `NEARBY_WIFI_DEVICES` in the `NEARBY_DEVICES` group, and `android:usesPermissionFlags=""neverForLocation""`",D03-manifest-and-permissions.md,false,,,,
D03-052,D03,AndroidManifest & Permission Model,P3,M3,Attribution tags and `AppOpsManager.OnOpNotedCallback` — attribute every protected-data read to the SDK that made it,support,`privacy_concerns.unnecessary_data_collection` (varies); escalates to `sensitive_data_exposure.disclosure_of_secrets.pii_leakage_exposure` (VARIES),AM-08,Android 11+ (API 30) for the callback; `<attribution android:tag>` required for targetSdk 31+,"`developer.android.com/guide/topics/data/audit-access` — `AppOpsManager.OnOpNotedCallback`, `onNoted(SyncNotedAppOp)`, `onSelfNoted`, `onAsyncNoted(AsyncNotedAppOp)`, `setOnOpNotedCallback(mainExecutor, cb)`, `SyncNotedAppOp.op` / `.attributionTag`, `AsyncNotedAppOp.getMessage()`, and `<attribution android:tag=""sharePhotos"" android:label=""@string/...""/>`",D03-manifest-and-permissions.md,false,,,,
D03-053,D03,AndroidManifest & Permission Model,P3,M3,"SDK-injected permissions and components — attribute them, then find who consumes them",support,`privacy_concerns.unnecessary_data_collection` (varies),AM-08,all; `AD_ID` specifically at targetSdk 33+,"`developer.android.com/about/versions/13/behavior-changes-13` — `AD_ID` required for targetSdk 33+, *""if SDKs declare this permission, it auto-merges into app manifest""*, and without it the ID is *""replaced with string of zeroes""*; Oversecured's SDK-security research on SDKs *""declaring broader permissions than documented""*; Google Play ""Using SDKs safely and securely""",D03-manifest-and-permissions.md,false,,,,
D03-054,D03,AndroidManifest & Permission Model,P3,M3,"`android:maxSdkVersion`, permission splits, and the held-versus-requested delta",support,none (evidence discipline),n/a,"all; `android:maxSdkVersion` on `<uses-permission>` is honoured at install time, and several platform permissions are split, replaced or dropped by API level","MASTG-TECH-0126 (listing app permissions), MASTG-TOOL-0124 (aapt2), MASTG-TOOL-0004 (adb); AOSP `Permissions.md` (the per-package grant record and its flags); `/etc/permissions/platform.xml` permission-to-GID mapping",D03-manifest-and-permissions.md,false,,,,
D03-055,D03,AndroidManifest & Permission Model,P3,M3,Bind every dangerous permission to a consuming code path and a user-facing feature,support,"`privacy_concerns.unnecessary_data_collection` (varies), escalating to `sensitive_data_exposure.disclosure_of_secrets.pii_leakage_exposure` (VARIES) once third-party PII actually egresses. A permission inventory on its own maps to **no VRT node at all**",AM-08 (the SDK doing the collection inside the app); n/a for the pure over-request case,all; runtime permissions exist from Android 6.0 (API 23),"MASTG-TEST-0254 (Dangerous App Permissions), MASTG-TECH-0126, MASWE-0066 (Inadequate Permission Management), CWE-250; ATT&CK T1636.001 Calendar Entries, T1636.002 Call Log (*""most applications do not need call log access, so extra scrutiny could be applied to those that request it""*), T1636.003 Contact List, T1636.004 SMS Messages (*""most applications do not need access to SMS messages""*), T1636.005 Accounts, T1533; mitigations M1006, M1011. Google Invalid Reports: *""excessive permissions alone do not have enough of a security impact to qualify for a reward""*",D03-manifest-and-permissions.md,false,,,,
D03-056,D03,AndroidManifest & Permission Model,P3,M3,Device-administrator receiver (`BIND_DEVICE_ADMIN`) with an attacker-reachable policy sink,support,`broken_access_control.privilege_escalation` (null); the destructive outcome files under `application_level_denial_of_service_dos.critical_impact_and_or_easy_difficulty` (P2),AM-03 (to reach the sink),"all. From **Android 7**, `resetPassword()` is restricted to device/profile owners — arbitrary passcode reset by a plain admin app is **LEGACY**; `lockNow()` and `wipeData()` remain available to admins.","ATT&CK **T1626.001** Device Administrator Permissions (detection: *""checking for the `BIND_DEVICE_ADMIN` string in app manifests""*; capabilities listed are reset passwords, factory reset, disable cameras, prevent uninstall), T1626 with mitigation **M1013** (*""applications very rarely require administrator permission""*), detection **DET0642**; T1629.002 Device Lockout; T1630.002 File Deletion; T1642 Endpoint Denial of Service",D03-manifest-and-permissions.md,false,,,,
D03-057,D03,AndroidManifest & Permission Model,P3,M3,AccessibilityService scope — `typeAllMask` with no `packageNames` allow-list,support,`sensitive_data_exposure.disclosure_of_secrets.pii_leakage_exposure` (VARIES) when the captured text leaves the device,AM-08 (the SDK inside the app) / AM-02 (the user is walked through enabling it),all,"ATT&CK **T1453** Abuse Accessibility Features, **T1417.001** Keylogging (*""registering an `AccessibilityService` class, overriding the `onAccessibilityEvent` method, and listening for the `AccessibilityEvent.TYPE_VIEW_TEXT_CHANGED` event type""*), **T1516** Input Injection, detection **DET0697**, mitigation **M1012** (`DevicePolicyManager.setPermittedAccessibilityServices`); FluBot **S1067**, Chameleon (bypasses biometric auth and prevents uninstallation)",D03-manifest-and-permissions.md,false,,,,
D03-058,D03,AndroidManifest & Permission Model,P3,M3,"Default-SMS-handler role and `SMS_DELIVER` — read, send, and erase",support,`broken_authentication_and_session_management.two_fa_bypass` (P3) via the OTP chain; escalates to `broken_authentication_and_session_management.authentication_bypass` (P1) when the captured OTP completes an ATO,AM-02 (the role change needs a tap),The default-SMS-handler model with `SMS_DELIVER` dates from **Android 4.4**. Apps below that used `SMS_RECEIVED` with `abortBroadcast` — LEGACY.,"ATT&CK **T1582** SMS Control (*""if the app is set as the default SMS handler on the device, the `SMS_DELIVER` broadcast intent can be registered, which allows the app to write to the SMS content provider""*), **T1636.004** SMS Messages (*""most applications do not need access to SMS messages""*), **T1643** Generate Traffic from Victim, **T1644** Out of Band Data",D03-manifest-and-permissions.md,false,,,,
D03-059,D03,AndroidManifest & Permission Model,P3,M3,"Telephony call control — `CALL_PHONE`, `ANSWER_PHONE_CALLS`, `CallScreeningService` and MMI forwarding",support,`broken_access_control.exposed_sensitive_android_intent` (null — rated on what it does). The call-forwarding variant escalates into `broken_authentication_and_session_management.two_fa_bypass` (P3) or `.authentication_bypass` (P1) when it defeats a voice-verification factor,AM-03 (local app driving an exported entry point) / AM-02 (`BROWSABLE` deep link),all,"ATT&CK T1616 Call Control — ATT&CK quotes `CALL_PHONE` as *""allows the application to initiate a phone call without going through the Dialer interface""* and `ANSWER_PHONE_CALLS` as *""allows the application to answer incoming phone calls""*; Crocodilus S9004 *""demonstrates the ability to activate call forwarding""*; `Intent.ACTION_DIAL` *""requires explicit user action to complete the call — unless combined with Input Injection""*. Also T1643 Generate Traffic from Victim",D03-manifest-and-permissions.md,false,,,,
D03-060,D03,AndroidManifest & Permission Model,P3,M3,`USE_EXACT_ALARM` and `USE_FULL_SCREEN_INTENT` — auto-granted permissions that dodge the prompt,support,`broken_access_control.exposed_sensitive_android_intent` (null) for the FSI phishing surface,AM-01/AM-09 (a push payload) for the FSI case,"`USE_EXACT_ALARM` Android 13+; `SCHEDULE_EXACT_ALARM` default-deny for new installs from **Android 14**; the FSI restriction applies at **targetSdk 34+**, the capability check is Android 14+","`developer.android.com/about/versions/13/features` (`USE_EXACT_ALARM` auto-granted, restricted to alarm/timer/calendar apps); `developer.android.com/about/versions/14/behavior-changes-all` (`SCHEDULE_EXACT_ALARM` no longer pre-granted; compat flag `REQUIRE_EXACT_ALARM_PERMISSION`); `developer.android.com/about/versions/14/behavior-changes-14` (`USE_FULL_SCREEN_INTENT`, `NotificationManager.canUseFullScreenIntent()`, `Settings.ACTION_MANAGE_APP_USE_FULL_SCREEN_INTENT`, *""limits this to calling and alarm apps""*)",D03-manifest-and-permissions.md,false,,,,
D03-061,D03,AndroidManifest & Permission Model,P3,M3,"`SYSTEM_ALERT_WINDOW` held — and the inverse, the app's own screens undefended against other apps' overlays",support,"`mobile_security_misconfiguration.tapjacking` (**P5** — a pinned node). This item exists to feed D04's PoC and to remove a triager's ""the attacker cannot draw over us"" objection, never to be filed alone","AM-04 — the overlay app needs `SYSTEM_ALERT_WINDOW`, which ATT&CK records as *""at least under certain conditions, automatically granted to applications installed from the Google Play Store""*","all; `HIDE_OVERLAY_WINDOWS` exists from **Android 12 (API 31)**, so its absence on a `targetSdk >= 31` app is a current gap, not a legacy one","ATT&CK T1417.002 GUI Input Capture (*""applications must hold the `SYSTEM_ALERT_WINDOW` permission to create overlay windows""*; mitigation: *""the `HIDE_OVERLAY_WINDOWS` permission was introduced in Android 12 allowing apps to hide overlay windows of type `TYPE_APPLICATION_OVERLAY` drawn by other apps with the `SYSTEM_ALERT_WINDOW` permission""*), T1417, T1453",D03-manifest-and-permissions.md,false,,,,
D03-062,D03,AndroidManifest & Permission Model,P3,M3,`foregroundServiceType` and the sensor held while the app is not visible,support,"`privacy_concerns.unnecessary_data_collection` (varies), escalating to `sensitive_data_exposure.disclosure_of_secrets.pii_leakage_exposure` (VARIES) once the captured data egresses to a named host",AM-08 (the SDK doing it inside the app); n/a where it is first-party behaviour,the background-sensor cut-off is **Android 9+**; a declared `foregroundServiceType` is mandatory from **Android 10 (API 29)** and tightened again in Android 14; camera/microphone status indicators arrived in **Android 12**,"ATT&CK T1541 Foreground Persistence — apps *""can retain sensor access by running in the foreground, using Android's `startForeground()` API method""*, and *""the only requirement is displaying a persistent notification, which malicious actors can spoof to appear legitimate""*; Mandrake *""uses transparent notifications to hide foreground service activity""*. Also T1429 Audio Capture, T1512 Video Capture, T1430 Location Tracking",D03-manifest-and-permissions.md,false,,,,
D03-063,D03,AndroidManifest & Permission Model,P3,M3,`ACCESS_BACKGROUND_LOCATION` and the always-on location posture,support,"`privacy_concerns.unnecessary_data_collection` (varies) for the collection; through the history endpoint, `broken_access_control.idor.view_sensitive_information_iterable_object_identifiers` (P3) up to `broken_access_control.idor.modify_view_sensitive_information_iterable_object_identifiers` (P1)",AM-05 (another user of the same app) for the escalation; n/a for the collection half,"`ACCESS_BACKGROUND_LOCATION` as a separate grant is **Android 10+**. Below that, ""always"" was implicit with fine location — **LEGACY**, and worth stating when `targetSdk < 29`","ATT&CK T1430 Location Tracking — *""`ACCESS_BACKGROUND_LOCATION` permission in an application's manifest will allow applications to request location access even when the application is running in the background""*, and on Android 10 and up users *""cannot simply select 'Allow all the time'; they must navigate to settings""*; T1627.001 Geofencing; mitigation M1006",D03-manifest-and-permissions.md,false,,,,
D03-064,D03,AndroidManifest & Permission Model,P3,M3,Health Connect `android.permission.health.*` — the most sensitive permission family most checklists ignore,support,`sensitive_data_exposure.disclosure_of_secrets.pii_leakage_exposure` (VARIES) — argue the special-category nature explicitly,AM-08 / AM-09,"apps integrating Health Connect; Android 14+ ships it as a platform component. At **targetSdk 36+** the granular `android.permission.health.READ_HEART_RATE` etc. **replace** `BODY_SENSORS`, and `READ_HEALTH_DATA_IN_BACKGROUND` replaces `BODY_SENSORS_BACKGROUND`.","`developer.android.com/health-and-fitness/guides/health-connect/plan/data-types` (the exact permission strings); `developer.android.com/health-and-fitness/guides/health-connect` (`HealthConnectClient`, `READ_HEALTH_DATA_IN_BACKGROUND`, `READ_HEALTH_DATA_HISTORY`, and the required privacy-policy activity with `android.intent.action.VIEW_PERMISSION_USAGE`)",D03-manifest-and-permissions.md,false,,,,
D03-065,D03,AndroidManifest & Permission Model,P3,M3,`MANAGE_EXTERNAL_STORAGE` / `requestLegacyExternalStorage` — the scoped-storage escape,support,`insecure_data_storage.sensitive_application_data_stored_unencrypted.on_external_storage` (**P4**),AM-04 (a second app with storage/media access),`requestLegacyExternalStorage` is honoured only at **targetSdk 29**; ignored from targetSdk 30. `MANAGE_EXTERNAL_STORAGE` (API 30+) is the modern equivalent and is Play-policy restricted — its presence is itself worth chasing. Granular `READ_MEDIA_*` replaced `READ_EXTERNAL_STORAGE` at **API 33**.,"MASTG-TEST-0254 context; MASWE-0066; the corpus's warning that a scoped-storage-era ""external storage"" claim must show the actual read path",D03-manifest-and-permissions.md,false,,,,
D03-066,D03,AndroidManifest & Permission Model,P3,M3,Privileged-permission tiers on preloaded and OEM apps,support,`broken_access_control.privilege_escalation` (null),AM-03,preloaded / OEM / carrier apps only,"MASTG-KNOW-0017 (the risk-scored permission table, sourced from the Uraniborg ""Device Preloaded App Risks Scoring Metrics"" paper), MASTG-TEST-0364/-0365/-0366, MASWE-0018",D03-manifest-and-permissions.md,false,,,,
D03-067,D03,AndroidManifest & Permission Model,P3,M3,`sharedUserId` — one compromised sibling is all of them,support,`broken_access_control.privilege_escalation` (null) escalating through whatever the sibling holds,AM-08 (compromise the weak sibling) / AM-11,"all. **LEGACY declaration** — `android:sharedUserId` deprecated at API 29, deprecated for new users from Android 13 — but still honoured. The documented migration is `android:sharedUserMaxSdkVersion=""32""`, and the docs warn **not** to remove `android:sharedUserId` (that breaks updates), so both attributes must be read together.","`developer.android.com/guide/topics/manifest/manifest-element#uid` — apps sharing it *""can access each other's data""* and *""can optionally run in the same process""*; *""apps cannot remove `android:sharedUserId` entirely — migrating off a shared user ID is not supported""*; `developer.android.com/about/versions/13/behavior-changes-all`; AOSP `Permissions.md` — *""shared UIDs share a single permission grant-set""*; AOSP security-model paper §4.3.3",D03-manifest-and-permissions.md,false,,,,
D03-068,D03,AndroidManifest & Permission Model,P3,M3,`allowBackup` — the flag is P5; the finding is the credential you extract and replay,support,"`mobile_security_misconfiguration.auto_backup_allowed_by_default` (**P5**, CWE-919, baseline vector `AV:P/AC:L/PR:H/UI:N/S:U/C:H/I:N/A:N`). Lead instead with `insecure_data_storage.sensitive_application_data_stored_unencrypted.on_internal_storage` (P5) escalated by the acquisition path, or `broken_authentication_and_session_management.authentication_bypass` (P1) once the replayed token returns the victim's data.",AM-11 (physical unlocked + ADB) for the local path; AM-09/AM-05 for the cloud-restore path,"Auto Backup from Android 6.0 (API 23). **LEGACY:** `adb backup` is deprecated, gutted on Android 12+ and dead on many OEM builds — prove the extraction on an in-scope OS/device or the report closes as unreproducible. The `bmgr` local-transport route below does **not** need `android:debuggable`.","MASTG-TEST-0262 (static), MASTG-TEST-0216 (empirical restore), MASTG-TECH-0127, MASTG-TECH-0128; MASWE-0006 (CWE-212, CWE-313); MASVS-STORAGE-2; MobSF `app_allowbackup` / `allowbackup_not_set`; H1 **#12617** (account hijacking via ADB backup); drozer `app.package.backup`",D03-manifest-and-permissions.md,false,,,,
D03-069,D03,AndroidManifest & Permission Model,P3,M3,`dataExtractionRules` — cloud backup and device transfer are configured **separately**,support,`insecure_data_storage.sensitive_application_data_stored_unencrypted.on_internal_storage` (P5) escalated by the acquisition path; `broken_authentication_and_session_management.authentication_bypass` (P1) on replay,AM-05 / AM-11,`android:dataExtractionRules` on **API 31+ (Android 12+)**; `android:fullBackupContent` is the pre-31 equivalent and both are commonly present,"MASTG-TEST-0262, MASWE-0006, MASVS-STORAGE-2",D03-manifest-and-permissions.md,false,,,,
D03-070,D03,AndroidManifest & Permission Model,P3,M3,"Backup **restore** as a write primitive — `restoreAnyVersion`, a custom `backupAgent`, and a tampered archive",support,"`mobile_security_misconfiguration.auto_backup_allowed_by_default` (**P5**) covers the flag only. The finding is what the restored value changes: `broken_access_control.privilege_escalation` (null) for an entitlement flip, `broken_authentication_and_session_management.authentication_bypass` (P1) for an app-lock or PIN bypass","AM-11 (physical, unlocked, with developer mode enabled)",all; the `adb backup` / `adb restore` path is heavily restricted from Android 12 and dead on many OEM builds — demonstrate on an in-scope device or do not file. Samsung's programme explicitly downgrades reports that require persistently enabling developer mode,"`developer.android.com/guide/topics/manifest/application-element` — `android:backupAgent`, `android:restoreAnyVersion`, `android:fullBackupOnly`, `android:killAfterRestore`; MASWE-0006; MASTG-TEST-0216, MASTG-TECH-0127, MASTG-TECH-0128",D03-manifest-and-permissions.md,false,,,,
D03-071,D03,AndroidManifest & Permission Model,P3,M3,`android:debuggable` and `android:testOnly` in a shipped build,support,`insecure_data_storage.sensitive_application_data_stored_unencrypted.on_internal_storage` (P5 as the storage node) escalated by the no-root acquisition path; `broken_authentication_and_session_management.authentication_bypass` (P1) once the recovered token authenticates,AM-11 (physical unlocked with USB debugging),"all. Play blocks debuggable uploads, so this is found most often in enterprise, sideloaded, pre-prod and OEM channels — check every distribution channel in scope, not just the store build.",`developer.android.com/privacy-and-security/risks/android-debuggable`; MobSF `app_in_test_mode` for `testOnly`; drozer `app.package.debuggable`,D03-manifest-and-permissions.md,false,,,,
D03-072,D03,AndroidManifest & Permission Model,P3,M3,`<uses-native-library>` and `System.load()` from a path outside the APK,support,"`server_side_injection.remote_code_execution_rce` (P1) is the wrong node for a local load — file the local case under `broken_access_control.privilege_escalation` (null) with the code-execution impact stated, or `client_side_injection.binary_planting.privilege_escalation` (P3) where the planting shape fits","AM-03 / AM-04 (write the file), AM-09 (if the blob is downloaded)",Allow-list enforcement at **targetSdk 24+**; the `<uses-native-library>` manifest declaration is required from **API 31+**. LEGACY: `targetSdk < 24` can still `dlopen` private platform libraries for backward compatibility.,"`developer.android.com/about/versions/12/behavior-changes-12` (`<uses-native-library>` required for targetSdk 31+); AOSP ""Namespaces for native libraries""; `/system/etc/public.libraries.txt`; CDD 3.1.1",D03-manifest-and-permissions.md,false,,,,
D03-073,D03,AndroidManifest & Permission Model,P3,M3,Framework meta-data keys in the merged manifest — the code-delivery configuration hides here,support,`server_side_injection.remote_code_execution_rce` (P1) when an attacker-controllable update channel delivers executable content,AM-09 (malicious backend/CDN) / AM-06,"React Native + Expo, Flutter, CodePush-enabled RN apps","MASTG-TECH-0141 (Inspecting the Merged AndroidManifest), MASTG-TECH-0150; expo `UpdatesConfiguration.kt`; flutter `FlutterActivityLaunchConfigs.java`; `CodePush.java` / `docs/setup-android.md`",D03-manifest-and-permissions.md,false,,,,
D03-074,D03,AndroidManifest & Permission Model,P3,M3,Manifest-derived backend hosts and API versions — the shadow-API bridge,support,"`broken_authentication_and_session_management.authentication_bypass` (P1) / `broken_access_control.idor.*` (P1–P3) / `sensitive_data_exposure.disclosure_of_secrets.pii_leakage_exposure` (VARIES) — file the *weakened control*, never the version difference",AM-01,any versioned API,"Claude-BugHunter `hunt-shadow-api` Stages 1 & 3; the corpus calls this *""the highest-value mobile→backend bridge in the repo""*",D03-manifest-and-permissions.md,false,,,,
D03-075,D03,AndroidManifest & Permission Model,P3,M3,`REQUEST_INSTALL_PACKAGES` and the update-identity boundary,support,`server_side_injection.remote_code_execution_rce` (P1) for the attacker-controlled-artefact case,AM-06 / AM-09,all apps with an out-of-Play update path; on `targetSdk >= 26` the installer requires `REQUEST_INSTALL_PACKAGES` — note whether the target declares it,"AOSP security-model paper §4.7.1 item (5): *""an update can only be installed if the new APK is signed with the same identity or by an identity that was delegated by the original signer""*; `developer.android.com/training/permissions/requesting-special`",D03-manifest-and-permissions.md,false,,,,
D03-076,D03,AndroidManifest & Permission Model,P3,M3,"Rate the reached behaviour, not the manifest attribute — and file the chain in the right order",support,n/a — this is the rule for *choosing* the VRT node,n/a,every finding in this chapter,"Claude-BugHunter `triage-validation` PRE-SEVERITY GATE, `bugcrowd-reporting` §5 and §8; Bugcrowd's own `broken_access_control.exposed_sensitive_android_intent` node carrying priority **VARIES**, CWE-927 — *""varies""* is the whole game",D03-manifest-and-permissions.md,false,,,,
D04-001,D04,"Exported Activities, Task & UI-Redress Attacks",P5,M5,"Build the exported-activity register from the installed package, not the source manifest",support,`broken_access_control.exposed_sensitive_android_intent` (null — rated on what it exposes),AM-03,all,"MASTG-TECH-0160, MASTG-TOOL-0004, MASTG-TOOL-0015; `risks/android-exported`",D04-exported-activities-and-task.md,false,,,,
D04-002,D04,"Exported Activities, Task & UI-Redress Attacks",P5,M5,"Resolve the real export default per component type and targetSdk before calling anything ""not exported""",support,`broken_access_control.exposed_sensitive_android_intent` (null),AM-03,all; the implicit-export default is **LEGACY** and applies only at targetSdk < 31,`risks/android-exported`; `about/versions/12/behavior-changes-12#exported`; MobSF `exported_intent_filter_exists` / `explicitly_exported`; mindedsecurity `MSTG-PLATFORM-4_3`,D04-exported-activities-and-task.md,false,,,,
D04-003,D04,"Exported Activities, Task & UI-Redress Attacks",P5,M5,"`<activity-alias>` re-exporting an activity that is itself `exported=""false""`",high,`broken_access_control.exposed_sensitive_android_intent` (null); `broken_authentication_and_session_management.authentication_bypass` (P1) if the aliased screen is post-auth,AM-03,all,"MASTG-TECH-0160 (""activity aliases have their own `android:exported`, `android:permission`, and intent filters, so review them separately""); MASTG-KNOW-0132; `guide/topics/manifest/activity-alias-element`; hackwithsingh sec-14-16 #41, sec-14-19 #46",D04-exported-activities-and-task.md,false,,,,
D04-004,D04,"Exported Activities, Task & UI-Redress Attacks",P5,M5,"Fire every exported activity from an unprivileged UID and read `topResumedActivity`, not the exit code",support,`broken_access_control.exposed_sensitive_android_intent` (null),AM-03,all,"MASTG-TECH-0160; MASTG-TOOL-0015 (drozer `app.activity.info` / `app.activity.start`); objection `android intent launch_activity`, `android hooking get current_activity`",D04-exported-activities-and-task.md,false,,,,
D04-005,D04,"Exported Activities, Task & UI-Redress Attacks",P5,M5,Re-prove every candidate from a zero-permission attacker APK — an adb-only proof does not establish AM-03,support,`broken_access_control.exposed_sensitive_android_intent` (null),AM-03,all,"sec-88 ""Exported Activity Hacking""; Google Mobile VRP ""user must install malicious app"" column; MASTG-TEST-0364",D04-exported-activities-and-task.md,false,,,,
D04-006,D04,"Exported Activities, Task & UI-Redress Attacks",P5,M5,"`android:intentMatchingFlags` absent, or a per-component `none` hole punched in the app's own hardening",medium,`broken_access_control.exposed_sensitive_android_intent` (null),AM-03,targetSdk >= 36 for the control; the underlying gap exists on every version,"`about/versions/16/behavior-changes-16` (""Safer Intents"", `intentMatchingFlags` values `none` / `enforceIntentFilter` / `allowNullAction`); `guide/topics/manifest/{application,activity,activity-alias,receiver,service,provider}-element`",D04-exported-activities-and-task.md,false,,,,
D04-007,D04,"Exported Activities, Task & UI-Redress Attacks",P5,M5,Post-authentication activity renders account data with no session check,critical,`broken_authentication_and_session_management.authentication_bypass` (P1) when the backend honours it; `broken_access_control.exposed_sensitive_android_intent` (null) when it renders cached local data only,AM-03,all,"MASTG-TEST-0364, MASTG-TEST-0029 (deprecated v1 predecessor, retains the Sieve walkthrough); MASWE-0018 (CWE-306, 862, 863, 926); MASVS-AUTH-1; Mobile Top 10 2024 M3 Scenario 2 (""backend assumes hidden UI elements prevent unauthorized access""); H1 #55064, #145402, #951691; sec-88 checklist §8",D04-exported-activities-and-task.md,false,,,,
D04-008,D04,"Exported Activities, Task & UI-Redress Attacks",P5,M5,In-app lock / PIN / biometric gate bypassed by starting an inner activity,medium,`broken_access_control.exposed_sensitive_android_intent` (null); `broken_authentication_and_session_management.authentication_bypass` (P1) only if it crosses a *user* boundary rather than the local gate,AM-03 where the inner activity is exported; AM-11 otherwise,"every app shipping an ""app lock"", ""require biometrics to open"" or PIN-on-resume setting","H1 #637194 (Shopify, Low $500), #1825679 (Nextcloud, Low 1.8), #1784645 (Nextcloud, Low 2.5), #50884 (Whisper, $100), #2245437 / #1847368 / #631206 (Nextcloud passcode bypasses); Google Mobile VRP non-qualifying ""Secondary lockscreen bypasses""; Xiaomi rates ""Bypass APP lock screen"" MEDIUM",D04-exported-activities-and-task.md,false,,,,
D04-009,D04,"Exported Activities, Task & UI-Redress Attacks",P5,M5,Do not claim an auth bypass from a rendered screen — prove the layer you actually passed,support,governs `broken_authentication_and_session_management.authentication_bypass` (P1) claims,n/a — kill gate,every auth-bypass claim originating in this chapter,"claude-bughunter `triage-validation` ""THE LAYER-ORDERING TRAP""; MASWE-0018",D04-exported-activities-and-task.md,false,,,,
D04-010,D04,"Exported Activities, Task & UI-Redress Attacks",P5,M5,"Attacker-chosen extras name an identity, a role or an amount that the backend honours",critical,`broken_access_control.idor.modify_view_sensitive_information_iterable_object_identifiers` (P1) for read+write on iterable ids; `broken_access_control.idor.view_sensitive_information_iterable_object_identifiers` (P3) read-only; `broken_access_control.idor.modify_view_sensitive_information_guid` (P4) for GUIDs,AM-03,all,"MASTG-TEST-0364; ATT&CK T1626 (detection DET0642 correlates ""rapid transition to elevated capability state without expected user interaction patterns""); EDB 49563 (Tasks 9.7.3, `ShareLinkActivity` / `VoiceCommandActivity`); sec-88 ""Android App Components Security Cheatsheet""; Het Mehta Phase 3",D04-exported-activities-and-task.md,false,,,,
D04-011,D04,"Exported Activities, Task & UI-Redress Attacks",P5,M5,Exported activity writes attacker data straight into persistent identity state,high,`broken_access_control.exposed_sensitive_android_intent` (null); the permanent-DoS half is `application_level_denial_of_service_dos.high_impact_and_or_medium_difficulty` (P3),AM-03; AM-02 where the same activity carries a `BROWSABLE` filter,all,"ghandar0x, `com.target.ui.AuthAnswerActivity` (scheme `target`, host `app`) — ""Interface Spoofing"" plus a permanent DoS",D04-exported-activities-and-task.md,false,,,,
D04-012,D04,"Exported Activities, Task & UI-Redress Attacks",P5,M5,Exported activity commits a server-side state change for the logged-in user,medium,`broken_access_control.exposed_sensitive_android_intent` (null),AM-03,"all; especially `SEND`, `PROCESS_TEXT`, `VIEW` share-target activities","Raju Kumar, Medium Android `SaveToMediumActivity` (reported 2020-09-29, fixed and bountied 2020-10-02); EDB 49563; VRT remediation note for this path points at Mobile Top 10 2016-M1 Improper Platform Usage",D04-exported-activities-and-task.md,false,,,,
D04-013,D04,"Exported Activities, Task & UI-Redress Attacks",P5,M5,"Debug, developer or internal tooling activity left exported in a release build",high,`broken_access_control.exposed_sensitive_android_intent` (null); `sensitive_data_exposure.disclosure_of_secrets.for_internal_asset` (P3) when it prints tokens,AM-03,all; React Native and Ionic builds specifically,"YesWeHack Android recon guide, ""Testing exported activities"" (`DebugActivity`: ""Debug activities often bypass authentication or reveal sensitive internal state""); React Native `devsupport/DevServerHelper.kt` (bundle URL format, `/inspector/device`, `/open-debugger`)",D04-exported-activities-and-task.md,false,,,,
D04-014,D04,"Exported Activities, Task & UI-Redress Attacks",P5,M5,Fragment injection — an exported activity instantiates a class named in an extra,high,`broken_access_control.exposed_sensitive_android_intent` (null),AM-03,the `PreferenceActivity` path is **LEGACY** (API 19 enforces `isValidFragment()`); the extra-driven class-instantiation pattern applies to all API levels,"H1 #43988 (Twitter, **$0 — crash only**); mindedsecurity `MSTG-PLATFORM-2_5` and `MSTG-PLATFORM-2_6`; Google ASI campaign ""Fragment Injection"" (started 2016-11-29), support page `faqs/answer/7188427`; hackwithsingh sec-14-13 #45, sec-14-19 #14",D04-exported-activities-and-task.md,false,,,,
D04-015,D04,"Exported Activities, Task & UI-Redress Attacks",P5,M5,Exported activity loads an attacker-supplied URL into a WebView,critical,`broken_authentication_and_session_management.authentication_bypass` (P1) when the loaded origin yields a session token; `broken_access_control.exposed_sensitive_android_intent` (null) otherwise,AM-03; AM-02 where the same activity is `BROWSABLE`,any app with an exported activity that renders web content,"H1 #499348 (Twitter Lite, **Critical**), #283058 (IRCCloud, Medium), #2555949 (US DoD, Medium), #532836 (Exness, Low $400), #694053 (Lark, Medium $1000), #414101 (Shipt, $350), #1737358 (Shopify, Low); Yousef Elsheikh `CheckoutActivity` (Oct 2025); B3nac index ""Token leakage due to stolen files via unprotected Activity"" (H1 #288955)",D04-exported-activities-and-task.md,false,,,,
D04-016,D04,"Exported Activities, Task & UI-Redress Attacks",P5,M5,Exported activity loads an attacker-supplied HTML **body** into a WebView,high,`broken_access_control.exposed_sensitive_android_intent` (null),AM-03,apps whose WebView host activity accepts both a `url` and an `html` extra,"H1 #189793 (Quora, Low as filed, with the escalation ladder documented in the report)",D04-exported-activities-and-task.md,false,,,,
D04-017,D04,"Exported Activities, Task & UI-Redress Attacks",P5,M5,Extra re-launched as an external `ACTION_VIEW` — phishing navigation under the app's identity,medium,`server_side_injection.content_spoofing.external_authentication_injection` (P4); `broken_access_control.exposed_sensitive_android_intent` (null),AM-03,all,"m_kamal finding #3 (`LoginSelectorActivity`, extra `orig_uri`, field `this.onDemandUrl`)",D04-exported-activities-and-task.md,false,,,,
D04-018,D04,"Exported Activities, Task & UI-Redress Attacks",P5,M5,Flutter `route` / `dart_entrypoint` / `cached_engine_id` extras on an exported `FlutterActivity`,high,`broken_access_control.exposed_sensitive_android_intent` (null); `broken_authentication_and_session_management.authentication_bypass` (P1) if the route renders session data,AM-03,"Flutter apps using `io.flutter.embedding.android.FlutterActivity` (v2 embedding), all current Flutter versions","Flutter `FlutterActivityLaunchConfigs.java` — `EXTRA_INITIAL_ROUTE = ""route""`, `EXTRA_DART_ENTRYPOINT = ""dart_entrypoint""`, `EXTRA_DART_ENTRYPOINT_ARGS = ""dart_entrypoint_args""`, `EXTRA_CACHED_ENGINE_ID = ""cached_engine_id""`, `EXTRA_CACHED_ENGINE_GROUP_ID`, `EXTRA_ENABLE_STATE_RESTORATION`; MASTG-TECH-0160",D04-exported-activities-and-task.md,false,,,,
D04-019,D04,"Exported Activities, Task & UI-Redress Attacks",P5,M5,Exported start activity destroys the authenticated session,medium,`broken_access_control.exposed_sensitive_android_intent` (null); `application_level_denial_of_service_dos.high_impact_and_or_medium_difficulty` (P3) if you can hold the user out,AM-03,"apps whose launcher/start activity is `launchMode=""singleInstance""` and re-runs startup navigation in `onNewIntent()`","H1 #3764217 (Basecamp, Medium 4.0), #3829030 (Yelp, Low 3.3)",D04-exported-activities-and-task.md,false,,,,
D04-020,D04,"Exported Activities, Task & UI-Redress Attacks",P5,M5,Exported share/receive activity consumes a caller-supplied `EXTRA_STREAM` — and the `/data/user/0/` path-check bypass,high,`broken_access_control.exposed_sensitive_android_intent` (null); `sensitive_data_exposure.disclosure_of_secrets.for_internal_asset` (P3) or `authentication_bypass` (P1) depending on the file,AM-03,all apps with a `SEND` / `SEND_MULTIPLE` / `GET_CONTENT` receiving activity,"H1 #377107 (ownCloud, Medium $750), #161710 (Harvest), #288955 (IRCCloud, **High** — the stolen file held the session token), #258460 (Quora, Medium), #1454002 (ownCloud, $50), #1408692 (Nextcloud)",D04-exported-activities-and-task.md,false,,,,
D04-021,D04,"Exported Activities, Task & UI-Redress Attacks",P5,M5,`android:requireContentUriPermissionFromCaller` absent on an activity that opens a caller-supplied `content://` URI,high,`broken_access_control.exposed_sensitive_android_intent` (null),AM-03,Android 15 / API 35+ for the attribute; the underlying confused deputy works on every version,"`guide/topics/manifest/activity-element` (`requireContentUriPermissionFromCaller` values `none` (default) / `read` / `write` / `readOrWrite` / `readAndWrite`, enforced over `Intent.getData()`, `Intent.EXTRA_STREAM` and `Intent.getClipData()`); `about/versions/15/features` (`Context.checkContentUriPermissionFull()`, `ComponentCaller`)",D04-exported-activities-and-task.md,false,,,,
D04-022,D04,"Exported Activities, Task & UI-Redress Attacks",P5,M5,Exported activity returns sensitive data to its caller through `setResult`,high,`broken_access_control.exposed_sensitive_android_intent` (null); `broken_authentication_and_session_management.authentication_bypass` (P1) when the returned value is a session token,AM-03,all,"HackTricks README ""Sensitive information leakage — activities can also return results … calling the `setResult` method and returning sensitive information""; Hrishikesh C08; Google Invalid Reports ""Intended Behavior"" (an export is a vulnerability only when it grants unauthorised access)",D04-exported-activities-and-task.md,false,,,,
D04-023,D04,"Exported Activities, Task & UI-Redress Attacks",P5,M5,"Full-intent echo — `setResult(RESULT_OK, getIntent())` launders URI grants",critical,`broken_access_control.exposed_sensitive_android_intent` (null); rate on the provider reached,AM-03,"all; the victim's own providers become reachable only where `android:grantUriPermissions=""true""` (the `<provider>` default for that attribute is `""false""`)","Oversecured, ""Gaining access to arbitrary Content Providers"" (four vectors: direct intent return, intent interception, intent manipulation, permission escalation); `risks/intent-redirection` (flag-clearing mitigation list); AOSP §4.3.1 URI permission grants",D04-exported-activities-and-task.md,false,,,,
D04-024,D04,"Exported Activities, Task & UI-Redress Attacks",P5,M5,Activity result spoofing — the app trusts whatever an implicit responder returns,high,`broken_access_control.exposed_sensitive_android_intent` (null); rate on the sink,AM-03,all apps calling `startActivityForResult`/`registerForActivityResult` with an implicit Intent,"MHL Defense Checklist (""Validate all data received in `onNewIntent()` and `onActivityResult()`""); MASTG-TECH-0164",D04-exported-activities-and-task.md,false,,,,
D04-025,D04,"Exported Activities, Task & UI-Redress Attacks",P5,M5,`FLAG_ACTIVITY_FORWARD_RESULT` — the result is delivered to a recipient you chose,medium,`broken_access_control.exposed_sensitive_android_intent` (null),AM-03,activities that return results and can be started in the same task,drozer Intent flag map verified in `src/drozer/android.py`: `ACTIVITY_FORWARD_RESULT 0x02000000`,D04-exported-activities-and-task.md,false,,,,
D04-026,D04,"Exported Activities, Task & UI-Redress Attacks",P5,M5,`getCallingActivity()` / `getCallingPackage()` used as an authentication signal,high,`broken_authentication_and_session_management.authentication_bypass` (P1) when the guarded branch is the auth gate,AM-03,all,"`risks/intent-redirection` — ""Checking `getCallingActivity()` returns non-null"" is listed verbatim as a common mistake, and ""Malicious apps can supply null""; `risks/access-control-to-exported-components`",D04-exported-activities-and-task.md,false,,,,
D04-027,D04,"Exported Activities, Task & UI-Redress Attacks",P5,M5,`checkCallingPermission()` called as if it threw — the return value is discarded,high,`broken_access_control.exposed_sensitive_android_intent` (null); `broken_authentication_and_session_management.authentication_bypass` (P1) where the ignored check was the only gate,AM-03,all,"`risks/intent-redirection` — ""Assuming `checkCallingPermission()` always throws exceptions (it returns an integer)""; `risks/access-control-to-exported-components`",D04-exported-activities-and-task.md,false,,,,
D04-028,D04,"Exported Activities, Task & UI-Redress Attacks",P5,M5,`singleTask` / `singleTop` re-delivery — `onNewIntent` re-drives an already-authenticated screen,high,`broken_access_control.idor.view_sensitive_information_iterable_object_identifiers` (P3) for cross-user reads; `broken_access_control.idor.modify_view_sensitive_information_iterable_object_identifiers` (P1) when it also writes,AM-03,"all; `launchMode` in `singleTop`, `singleTask`, `singleInstance`, `singleInstancePerTask`",`guide/components/activities/tasks-and-back-stack`; `guide/topics/manifest/activity-element` (launchMode table); MHL Defense Checklist,D04-exported-activities-and-task.md,false,,,,
D04-029,D04,"Exported Activities, Task & UI-Redress Attacks",P5,M5,"Caller validated in `onCreate` but not in `onNewIntent` (`ComponentCaller`, API 35)",high,`broken_access_control.exposed_sensitive_android_intent` (null),AM-03,Android 15 / API 35+ for the API; the `onNewIntent` gap itself is universal,"`about/versions/15/features` (`ComponentCaller`, `Context.checkContentUriPermissionFull()`); `risks/intent-redirection`",D04-exported-activities-and-task.md,false,,,,
D04-030,D04,"Exported Activities, Task & UI-Redress Attacks",P5,M5,`FLAG_ACTIVITY_NEW_TASK` plus matching affinity resurfaces a mid-flow authenticated task,medium,`broken_access_control.exposed_sensitive_android_intent` (null),AM-03,all,"`guide/components/activities/tasks-and-back-stack` (""if a task exists with the same affinity, the system brings it to the foreground and restores state""); `content/Intent.java` flag constants",D04-exported-activities-and-task.md,false,,,,
D04-031,D04,"Exported Activities, Task & UI-Redress Attacks",P5,M5,Task-manipulation flag sweep — the full `FLAG_ACTIVITY_*` grammar against every exported activity,support,`broken_access_control.exposed_sensitive_android_intent` (null),AM-03,all,drozer flag map verified in `src/drozer/android.py`; MASTG-TOOL-0015,D04-exported-activities-and-task.md,false,,,,
D04-032,D04,"Exported Activities, Task & UI-Redress Attacks",P5,M5,Task hijacking via inherited `taskAffinity` + `allowTaskReparenting` (StrandHogg v1),medium,"no dedicated path. File as `broken_access_control.exposed_sensitive_android_intent` (null) when an exported component is the pivot, or `server_side_injection.content_spoofing.external_authentication_injection` (P4) if the triager insists on spoofing framing — argue up with the captured credential",AM-03,"**LEGACY.** Live only where `minSdkVersion` still admits devices below API 30. `risks/strandhogg` states both variants are patched at OS level in Android 11+ (v1 March 2019, v2 September 2020) and recommends `minSdkVersion=30`","`risks/strandhogg` (MASVS-PLATFORM); MobSF `task_affinity_set`; QARK `qark/plugins/generic/task_affinity.py` and `manifest/task_reparenting.py`; sec-88 ""Task Hijacking"" (victim+attacker PoC, `github.com/az0mb13/Task_Hijacking_Strandhogg`); H1 #1325649; ATT&CK T1417.002, T1655.001",D04-exported-activities-and-task.md,false,,,,
D04-033,D04,"Exported Activities, Task & UI-Redress Attacks",P5,M5,"`launchMode=""singleTask""` on the launcher activity with `targetSdk < 28` (the MobSF `task_hijacking` rule)",medium,as D04-032,AM-03,**LEGACY.** MobSF's condition is `target_sdk < ANDROID_9_0_LEVEL and launchmode == 'singleTask'`,"MobSF `task_hijacking` (level `high`); MobSF `task_hijacking2` (condition `target_sdk < 29` AND `exported=""true""` AND (`launchMode != ""singleInstance""` OR `taskAffinity != """"`), remediation string: set `launchMode=""singleInstance""` **and** `taskAffinity=""""`, or raise targetSdk to 29+); sec-88 vulnerable pattern `<activity android:name="".MainActivity"" android:launchMode=""singleTask"">` on LAUNCHER",D04-exported-activities-and-task.md,false,,,,
D04-034,D04,"Exported Activities, Task & UI-Redress Attacks",P5,M5,StrandHogg 2.0 — reflective task hijack that ignores `taskAffinity` (CVE-2020-0096),medium,as D04-032,AM-03,**LEGACY.** Android 8.0 / 8.1 / 9 below the May 2020 security patch level; Android 10 and later are not affected. sec-88 states the exposure floor as API < 29,"CVE-2020-0096 (`nvd.nist.gov/vuln/detail/CVE-2020-0096`), described in the corpus as ""StrandHogg 2.0""; HackTricks `android-task-hijacking.md`; Promon write-up",D04-exported-activities-and-task.md,false,,,,
D04-035,D04,"Exported Activities, Task & UI-Redress Attacks",P5,M5,`android:allowCrossUidActivitySwitchFromBelow` not set to `false` — the modern task-hijack opt-in was not taken,medium,`broken_access_control.exposed_sensitive_android_intent` (null),AM-03,"Android 15+ for the defence; the docs place full enforcement at API 37+, so on Android 15/16 this is an opt-in the app must have taken","`guide/components/activities/background-starts` (Rule 1 / Rule 2, `android:allowCrossUidActivitySwitchFromBelow`, `setAllowCrossUidActivitySwitchFromBelow(true)` as a per-activity exception); `risks/strandhogg`",D04-exported-activities-and-task.md,false,,,,
D04-036,D04,"Exported Activities, Task & UI-Redress Attacks",P5,M5,`setAllowCrossUidActivitySwitchFromBelow(true)` called at runtime — a self-inflicted hardening opt-out,medium,`broken_access_control.exposed_sensitive_android_intent` (null),AM-03,Android 15+,`guide/components/activities/background-starts`,D04-exported-activities-and-task.md,false,,,,
D04-037,D04,"Exported Activities, Task & UI-Redress Attacks",P5,M5,`android:allowEmbedded` without `knownActivityEmbeddingCerts`,medium,`broken_access_control.exposed_sensitive_android_intent` (null),AM-03,"all; `android:allowEmbedded` defaults to `""false""`","`guide/topics/manifest/activity-element` (`allowEmbedded`, `knownActivityEmbeddingCerts`)",D04-exported-activities-and-task.md,false,,,,
D04-038,D04,"Exported Activities, Task & UI-Redress Attacks",P5,M5,Background-Activity-Launch is the make-or-break precondition — state it or the PoC is not reproducible,support,governs every redirected- or background-launch PoC in this chapter,AM-03,"**CURRENT** — decisive at API 34+; weaker below, so state the API level you tested","`about/versions/14/behavior-changes-14`; `about/versions/15/behavior-changes-15` (""PendingIntent creators block background activity launches by default""; ""prevent launching arbitrary activities from other apps into your own task""); `guide/components/activities/background-starts`",D04-exported-activities-and-task.md,false,,,,
D04-039,D04,"Exported Activities, Task & UI-Redress Attacks",P5,M5,Non-exported activity started through a system deputy (LaunchAnyWhere),high,`broken_access_control.exposed_sensitive_android_intent` (null); `broken_authentication_and_session_management.authentication_bypass` (P1) if the reached screen is post-auth,AM-03,"all; mitigated for *implicit* intents at targetSdk 34+, but nested-**explicit** redirection is unaffected","Oversecured, ""Discovering vendor-specific vulnerabilities in Android"" — the `com.android.settings.homepage.SettingsHomepageActivity` case, ""since Settings runs with UID 1000 (system), this escalated to accessing non-exported activities across all apps on the device""; AOSP threat classes [T.A2] and [T.A7]",D04-exported-activities-and-task.md,false,,,,
D04-040,D04,"Exported Activities, Task & UI-Redress Attacks",P5,M5,"Bubble activity — `allowEmbedded` + `documentLaunchMode=""always""` is a permission-free float-over-other-apps surface",high,`broken_access_control.exposed_sensitive_android_intent` (null); `broken_access_control.idor.view_sensitive_information_iterable_object_identifiers` (P3) if it renders another user's conversation,AM-03,API 29+ for bubbles; API 30+ requires a long-lived sharing shortcut,"`develop/ui/views/notifications/bubbles` — `NotificationCompat.BubbleMetadata.Builder`, `setAutoExpandBubble(true)`, `setSuppressNotification(true)`, `setShortcutId()`, `android:allowEmbedded=""true""`, `android:resizeableActivity=""true""`, `android:documentLaunchMode=""always""`, and ""Bubbles float on top of other app content""",D04-exported-activities-and-task.md,false,,,,
D04-041,D04,"Exported Activities, Task & UI-Redress Attacks",P5,M5,"`documentLaunchMode=""always""` leaves one Recents entry — and one snapshot — per document",low,`insecure_data_storage.screen_caching_enabled` (P5),AM-11,"all; `documentLaunchMode` defaults to `""none""`, `excludeFromRecents` defaults to `""false""`","`guide/topics/manifest/activity-element` (`documentLaunchMode`, `excludeFromRecents`, `autoRemoveFromRecents`, `noHistory`); MASTG-TEST-0289",D04-exported-activities-and-task.md,false,,,,
D04-042,D04,"Exported Activities, Task & UI-Redress Attacks",P5,M5,"`FLAG_SECURE` set on login and forgotten on the card, OTP and transaction screens",low,`insecure_data_storage.screen_caching_enabled` (P5); escalate through `sensitive_data_exposure.disclosure_of_secrets.pii_leakage_exposure` (null) only with a named consumer,AM-04 (a screen-capture-capable co-resident app) or AM-11,all,"MASTG-TEST-0291 (References to Screen Capturing Prevention APIs), MASTG-TEST-0289 (runtime verification); MASWE-0038 (CWE-200, CWE-359); MASVS-PLATFORM-3; AOSP threat [T.A5] ""Reading content from system or other app user interfaces""; Hrishikesh C19 ""Background Screen Caching""; sec-88 checklist §19, §23",D04-exported-activities-and-task.md,false,,,,
D04-043,D04,"Exported Activities, Task & UI-Redress Attacks",P5,M5,Recover the on-disk task snapshot rather than relying on the Recents thumbnail,low,`insecure_data_storage.screen_caching_enabled` (P5),"AM-12 for the file read itself — **this is evidence-gathering, not an attack**; the attacker model for the finding is AM-04 or AM-11",all,"MASTG-TEST-0289; MASTG-TECH-0002; HackTricks README (""Background Images"", `/data/system_ce/0/snapshots`)",D04-exported-activities-and-task.md,false,,,,
D04-044,D04,"Exported Activities, Task & UI-Redress Attacks",P5,M5,`clearFlags(FLAG_SECURE)` and the three surfaces `FLAG_SECURE` does not cover,low,`insecure_data_storage.screen_caching_enabled` (P5),AM-04 / AM-11,"all; the three named tests are `status: placeholder` in the current MASTG, so there is no published procedure — test them by hand","MASTG-TEST-0292 (`setRecentsScreenshotEnabled` not used), MASTG-TEST-0293 (`SurfaceView.setSecure` not used), MASTG-TEST-0294 (Compose dialog `SecureOn` not used); MASTG-TEST-0291",D04-exported-activities-and-task.md,false,,,,
D04-045,D04,"Exported Activities, Task & UI-Redress Attacks",P5,M5,Orientation and aspect-ratio locks ignored on large screens (targetSdk 36) unmask a field the portrait layout hid,medium,`sensitive_data_exposure.disclosure_of_secrets.pii_leakage_exposure` (null),AM-11,targetSdk 36+ on `sw600dp`+ displays; games (`android:appCategory`) are excepted,"`about/versions/16/behavior-changes-16` — for displays with `smallestWidth >= 600dp`, `android:screenOrientation`, `android:resizableActivity`, `android:minAspectRatio`, `android:maxAspectRatio` and `Activity#setRequestedOrientation()` are ignored; opt-out `<property android:name=""android.window.PROPERTY_COMPAT_ALLOW_RESTRICTED_RESIZABILITY"" android:value=""true""/>` is temporary and does not apply at API 37+",D04-exported-activities-and-task.md,false,,,,
D04-046,D04,"Exported Activities, Task & UI-Redress Attacks",P5,M5,Edge-to-edge enforcement (targetSdk 35/36) hides the material terms of a confirmation,medium,`broken_access_control.exposed_sensitive_android_intent` (null); rate on the action confirmed,"AM-01 (no attacker required — the app does it to itself), escalating with AM-04",targetSdk 35+ / 36+,"`about/versions/15/behavior-changes-15` (edge-to-edge default, `Window.setStatusBarColor()` and friends are no-ops, `Configuration.screenWidthDp/screenHeightDp/orientation` now include the system bars); `about/versions/16/behavior-changes-16` (`R.attr#windowOptOutEdgeToEdgeEnforcement` deprecated and disabled)",D04-exported-activities-and-task.md,false,,,,
D04-047,D04,"Exported Activities, Task & UI-Redress Attacks",P5,M5,Classic full-occlusion tapjacking — and verifying whether the platform already stops it,low,`mobile_security_misconfiguration.tapjacking` (**P5**),AM-04 (`SYSTEM_ALERT_WINDOW` is a user-granted special permission from Android 6.x),app-side `filterTouchesWhenObscured` gap on all versions; the *exploit* is largely mitigated on Android 12 / API 31+,"MASTG-TEST-0340 (References to Overlay Attack Protections); MASWE-0039 (App Vulnerable to Overlay Attacks, CWE-1021), MASWE-0036; MASVS-PLATFORM-3; MASTG-KNOW-0022, MASTG-BEST-0040; `risks/tapjacking`; MobSF `android_tapjacking`, mobsfscan `android_detect_tapjacking`; mindedsecurity `MSTG-PLATFORM-9_1`/`9_2`; AOSP threat [T.A6]; ATT&CK T1516, T1417.002",D04-exported-activities-and-task.md,false,,,,
D04-048,D04,"Exported Activities, Task & UI-Redress Attacks",P5,M5,Partial occlusion — the variant Android 12 does not block,medium,`mobile_security_misconfiguration.tapjacking` (P5) as filed; move it to the action's own category (-> D23) to be paid,AM-04,all; this is the live variant on API 31+,MASTG-TEST-0340; MASWE-0039; `risks/tapjacking`; ATT&CK T1516,D04-exported-activities-and-task.md,false,,,,
D04-049,D04,"Exported Activities, Task & UI-Redress Attacks",P5,M5,"Prove the *trigger*, not just the overlay",support,governs every tapjacking claim,AM-04,every overlay item in this chapter,"`risks/tapjacking`; ATT&CK T1453 (Abuse Accessibility Features), T1417.002",D04-exported-activities-and-task.md,false,,,,
D04-050,D04,"Exported Activities, Task & UI-Redress Attacks",P5,M5,"`TYPE_ACCESSIBILITY_OVERLAY` — a full-screen overlay with no ""draw over other apps"" prompt",high,`broken_access_control.exposed_sensitive_android_intent` (null); the captured-credential outcome is `broken_authentication_and_session_management.authentication_bypass` (P1),AM-04 (the user enables an accessibility service),all; API 34+ gives the app a concrete defence to check for,"HackTricks `tapjacking.md` (""Accessibility Overlay Phishing (Banking-Trojan Variant)""), `accessibility-services-abuse.md`; MASWE-0040; ATT&CK T1453, T1417.002; `risks/tapjacking` (accessibility overlays are an explicit exception to the Android 12 touch block)",D04-exported-activities-and-task.md,false,,,,
D04-051,D04,"Exported Activities, Task & UI-Redress Attacks",P5,M5,TapTrap — animation-driven tapjacking that needs no overlay permission,high,"`mobile_security_misconfiguration.tapjacking` (P5) as filed; the *outcome* (a granted dangerous permission, device-admin activation) is the reportable category",AM-03 — no overlay permission required,"Android 13–16 per the researchers; **fixed by the December 2025 security update**. Report against builds below that patch level, and against apps that still meet all three preconditions on a patched build as defence-in-depth","TapTrap, USENIX Security 2025 (taptrap.click), TU Wien; HackTricks `android-checklist.md` (""Test for Tapjacking / Animation-driven attacks (TapTrap 2025) even on Android 15+ (no overlay permission required)"")",D04-exported-activities-and-task.md,false,,,,
D04-052,D04,"Exported Activities, Task & UI-Redress Attacks",P5,M5,"The activity sandwich — launch the victim's exported activity, then overlay your own in the same task",medium,`mobile_security_misconfiguration.tapjacking` (P5) as filed; rate on the action,AM-03 — no overlay permission,"all; the documented mitigation is ""don't export activities unnecessarily""",`risks/tapjacking` (the documented variant); ATT&CK T1417.002,D04-exported-activities-and-task.md,false,,,,
D04-053,D04,"Exported Activities, Task & UI-Redress Attacks",P5,M5,`Window.setHideOverlayWindows(true)` absent on the screens that authorise something,low,`mobile_security_misconfiguration.tapjacking` (P5),AM-04,"API 31+ only; below that, touch filtering is the sole control","MASTG-TEST-0340; MASTG-BEST-0040; `risks/tapjacking`; Bugcrowd's own remediation note for the tapjacking path (""set `filterTouchesWhenObscured` true or implement `onFilterTouchEventForSecurity()`"")",D04-exported-activities-and-task.md,false,,,,
D04-054,D04,"Exported Activities, Task & UI-Redress Attacks",P5,M5,Predictive back (targetSdk 36) silently disables a security control implemented in `onBackPressed()`,medium,`broken_access_control.exposed_sensitive_android_intent` (null); rate on what the control protected,AM-01 (the platform disables it) escalating with AM-11,targetSdk 36+ on Android 16; also verify on Android 15 where animations are default-on for opted-in apps,"`about/versions/16/behavior-changes-16` — predictive back default at targetSdk 36; ""`onBackPressed()` no longer called""; ""`KeyEvent.KEYCODE_BACK` not dispatched""; `android:enableOnBackInvokedCallback`; `guide/navigation/custom-back/predictive-back-gesture`",D04-exported-activities-and-task.md,false,,,,
D04-055,D04,"Exported Activities, Task & UI-Redress Attacks",P5,M5,`PRIORITY_SYSTEM_NAVIGATION_OBSERVER` used as if it blocked navigation,medium,`broken_access_control.exposed_sensitive_android_intent` (null); usually a business-logic defect,AM-01,Android 16+,"`guide/navigation/custom-back/predictive-back-gesture` — the priority constants `PRIORITY_DEFAULT`, `PRIORITY_OVERLAY`, `PRIORITY_SYSTEM_NAVIGATION_OBSERVER`, the last documented as ""Observer-only; doesn't consume event""",D04-exported-activities-and-task.md,false,,,,
D04-056,D04,"Exported Activities, Task & UI-Redress Attacks",P5,M5,`showWhenLocked` / `turnScreenOn` activity reachable before unlock,high,`broken_access_control.exposed_sensitive_android_intent` (null); `broken_authentication_and_session_management.authentication_bypass` (P1) if it reaches the account,AM-10 physical locked; AM-03 where an installed app supplies the trigger,"all. Android 15+ restricts *background* activity launches, so trigger it with a foreground-equivalent path (notification action, Quick Settings tile, NFC tag, USB attach) and say which you used","`guide/topics/manifest/activity-element` (`android:showWhenLocked`); `frameworks/base` `KeyguardManager.requestDismissKeyguard` javadoc, verbatim: ""The activity must either be visible by using `android.R.attr#showWhenLocked` or `Activity#setShowWhenLocked(boolean)`, or must be in a state in which it would be visible if Keyguard would not be hiding it""; AOSP rates lockscreen bypass **High**",D04-exported-activities-and-task.md,false,,,,
D04-057,D04,"Exported Activities, Task & UI-Redress Attacks",P5,M5,`android:showForAllUsers` / `android:directBootAware` on an activity that renders user data,high,`broken_access_control.exposed_sensitive_android_intent` (null); `broken_access_control.privilege_escalation` (null) for the cross-user case,AM-05 another user of the same device/profile; AM-10 for the pre-unlock case,`showForAllUsers` is API 23+; `directBootAware` defaults to `false`,"`guide/topics/manifest/activity-element` — `android:showForAllUsers` makes an activity display when the current user differs from the launching user; `android:directBootAware`, ""during Direct Boot, activity can only access device-protected storage""",D04-exported-activities-and-task.md,false,,,,
D04-058,D04,"Exported Activities, Task & UI-Redress Attacks",P5,M5,Map the deep-link trampoline / router activity's route table before testing anything downstream,support,`broken_access_control.exposed_sensitive_android_intent` (null),AM-03; AM-02 through the browser,all apps with a single entry activity that dispatches by URI,"MASTG-TECH-0172 (Listing Deep Links); the worked shape in the corpus is Meesho's `TrampolineActivity` -> `AbstractC11424m5.m21326b(host, data)`",D04-exported-activities-and-task.md,false,,,,
D04-059,D04,"Exported Activities, Task & UI-Redress Attacks",P5,M5,Notification trampoline restriction as a locator for the arbitrary-activity-start gadget,medium,`broken_access_control.exposed_sensitive_android_intent` (null); inherits the PendingIntent finding in D08,AM-03 / AM-08,targetSdk >= 31,"`about/versions/12/behavior-changes-12` (notification trampoline restriction, `NOTIFICATION_TRAMPOLINE_BLOCK`, exact logcat string)",D04-exported-activities-and-task.md,false,,,,
D04-060,D04,"Exported Activities, Task & UI-Redress Attacks",P5,M5,"Null-intent and type-confusion fuzzing as a triage-ordering signal, not a finding",support,`application_level_denial_of_service_dos.app_crash.malformed_android_intents` (**P5**),AM-03,all,"Android Hacker's Handbook (""Null-Intent fuzzing is nearly free""); Google Invalid Reports, ""App crashes""; Grab and Spotify both: ""Crashes due to malformed Intents sent to exported Activity/Service/BroadcastReceiver **(exploiting these for sensitive data leakage is commonly in scope)**""; Xiaomi out-of-scope: ""Sending malformed intents to the exported component causes the APP to crash only""",D04-exported-activities-and-task.md,false,,,,
D04-061,D04,"Exported Activities, Task & UI-Redress Attacks",P5,M5,Persistent crash loop — the only DoS shape in this domain that is payable,medium,`application_level_denial_of_service_dos.app_crash.malformed_android_intents` is **P5**; to be paid you must move it to `application_level_denial_of_service_dos.high_impact_and_or_medium_difficulty` (**P3**) or `.critical_impact_and_or_easy_difficulty` (**P2**),AM-03,all,"H1 #65729 (""Activities are not Protected and able to crash app using other app""), #1061211 (""[Java] CWE-755: Query to detect Local Android DoS caused by NFE""); AOSP rates ""Local persistent denial of service (permanent, requiring reflashing the entire operating system, or factory reset)"" as **High** and ""Local temporary denial of service … resolved by rebooting the device or uninstalling the triggering app"" as NSI; Meta prices persistent DoS at up to $5,000 against $500 temporary; Google notes a bug ""that leads to the app crashing every time it is started … might be eligible … as an abuse-related Denial of Service attack""",D04-exported-activities-and-task.md,false,,,,
D04-062,D04,"Exported Activities, Task & UI-Redress Attacks",P5,M5,Exported-component crash as a process-restart primitive,support,`application_level_denial_of_service_dos.app_crash.malformed_android_intents` (P5) alone,AM-03,all,"HackTricks `android-applications-basics.md` (""other exported components that crash on `intent.getData()`, missing extras, or bad casts, giving you a **restart primitive**""); Hrishikesh C08 item 4; the bugscale Samsung S25 chain, where `com.samsung.android.iap.receiver.IapReceiver` forced a restart so a `new Random(System.currentTimeMillis())` challenge seed could be brute-forced inside a ±200 ms window",D04-exported-activities-and-task.md,false,,,,
D04-063,D04,"Exported Activities, Task & UI-Redress Attacks",P5,M5,The app's own launcher entry can be disabled by an attacker-reachable path,medium,`broken_access_control.exposed_sensitive_android_intent` (null); `application_level_denial_of_service_dos.high_impact_and_or_medium_difficulty` (P3) for the availability half,AM-03,"From **Android 10** the OS shows a synthesised launcher entry pointing at the app's settings page unless the app is a system app, requests no permissions, has no launcher activity, or is in a managed device/work-profile context — so full concealment is **LEGACY** except in those four carve-outs, which are exactly where to test it","ATT&CK T1628.001 Suppress Application Icon (""Hiding the application's icon programmatically does not require any special permissions""), T1628, detection DET0640/AN1715 which correlates ""visibility reductions (icon suppression, launcher disablement) with continued application execution""",D04-exported-activities-and-task.md,false,,,,
D04-064,D04,"Exported Activities, Task & UI-Redress Attacks",P5,M5,The activity's backend call is an older API version than the web app uses,high,`broken_authentication_and_session_management.authentication_bypass` (P1) where the old version accepts no token; `broken_access_control.idor.view_sensitive_information_iterable_object_identifiers` (P3) or `.modify_view_sensitive_information_iterable_object_identifiers` (P1) for the field-exposure and write regressions,AM-01 / AM-06 (the API is reachable from `curl`),any versioned API behind a mobile client,claude-bughunter `hunt-shadow-api` Stages 1 & 3 plus its severity table; explicit chain from `apk-redteam-pipeline`,D04-exported-activities-and-task.md,false,,,,
D04-065,D04,"Exported Activities, Task & UI-Redress Attacks",P5,M5,Evidence: the five-screenshot pattern for an exported-activity state change,support,governs every state-changing finding in this chapter,n/a,"D04-010, -011, -012, -019, -061, -063 and every chained outcome","claude-bughunter `evidence-hygiene` §7 (five-screenshot pattern), §§2, 4, 5, 6, 8 (redaction)",D04-exported-activities-and-task.md,false,,,,
D04-066,D04,"Exported Activities, Task & UI-Redress Attacks",P5,M5,"Chain filing: primitives first, consumer second, then backfill",support,n/a,n/a,every D04 chain (exported activity -> WebView -> token -> ATO; exported activity -> URI grant -> provider read),claude-bughunter `bugcrowd-reporting` §5 and submission-order strategy §8,D04-exported-activities-and-task.md,false,,,,
D04-067,D04,"Exported Activities, Task & UI-Redress Attacks",P5,M5,"The pre-severity gate — run it against the Critical *claim*, not against the bug",support,governs every P1/P2 claim originating in this chapter,n/a,"every ""exported activity = authentication bypass"" claim",claude-bughunter `triage-validation` PRE-SEVERITY GATE and retraction discipline,D04-exported-activities-and-task.md,false,,,,
D04-068,D04,"Exported Activities, Task & UI-Redress Attacks",P5,M5,"Quick Settings `TileService` performs its action, or launches its activity, over the keyguard",high,`broken_access_control.exposed_sensitive_android_intent` (null — rated on what the tile exposes); `broken_authentication_and_session_management.authentication_bypass` (P1) only where the tile reaches account data across a user boundary,AM-10 physical locked,"apps shipping a Quick Settings tile; API 24+ for `TileService`, API 34+ for the `startActivityAndCollapse(PendingIntent)` form","`develop/ui/views/quicksettings-tiles` — the docs state directly: ""Your tile may display on top of the lock screen on locked devices"", and supply `isLocked()`, `isSecure()` and `unlockAndRun(Runnable)` as the guards; MASWE-0023 (Step-Up Authentication Not Implemented)",D04-exported-activities-and-task.md,false,,,,
D04-069,D04,"Exported Activities, Task & UI-Redress Attacks",P5,M5,A bundled library's exported activity writes to a caller-supplied `Uri` inside the host app's private storage,high,`broken_access_control.exposed_sensitive_android_intent` (null — rated on the file overwritten); `broken_authentication_and_session_management.authentication_bypass` (P1) where the overwritten file is the session/credential store and you show the resulting auth-state change,AM-03 zero-permission local app; AM-08 where the library itself is the supply-chain vector,"apps bundling `com.theartofdev.edmodo:android-image-cropper:2.8.+`, `com.github.arthurhub:android-image-cropper:2.7.0` or `com.vanniktech:android-image-cropper` below 4.7.0 — and, as a class, any library activity that accepts a destination `Uri` from an extra","Oversecured SDK-security write-up — ""Unvalidated `customOutputUri` parameter allowed writing to arbitrary paths including credential stores"", chain `Bundle extras → Uri.Builder → customOutputUri → overwrites SecureStore.xml`; axeploit/dev.to root-cause analysis of `BitmapUtils.writeBitmapToUri` (""accepts the attacker-controlled Uri and writes to it directly, with no validation of the destination path, the file extension, or whether an existing file would be overwritten""); CanHub CHANGELOG 4.7.0 (2025-11-27) ""Security: Added URI validation to prevent file system manipulation (fixes #613)"". **No CVE was assigned — say so in the report so triage does not close it on ""no CVE"".**",D04-exported-activities-and-task.md,false,,,,
D04-070,D04,"Exported Activities, Task & UI-Redress Attacks",P5,M5,Exported engine/player activity whose extras are consumed by game or framework code,high,`broken_access_control.exposed_sensitive_android_intent` (null); rises with what the extra controls,AM-03,Unity Android builds (`com.unity3d.player.UnityPlayerActivity` and subclasses); by extension any engine or framework activity exported as `MAIN`/`LAUNCHER`,Il2CppDumper README (`dump.cs` contains method and field information); MASTG-TECH-0160,D04-exported-activities-and-task.md,false,,,,
D04-071,D04,"Exported Activities, Task & UI-Redress Attacks",P5,M5,The widget or lock-screen surface renders the account data the in-app screen protects,medium,`insecure_data_storage.screen_caching_enabled` (P5) as filed; escalate through `sensitive_data_exposure.disclosure_of_secrets.pii_leakage_exposure` (varies) on the data class,AM-10 physical locked,"apps shipping an `AppWidgetProvider`; especially banking, 2FA, delivery and messaging","no external identifier verified in the corpus for the widget-content path; contrast with MASTG-TEST-0289/-0291 which cover the task snapshot, and `develop/ui/views/quicksettings-tiles` for the sibling tile surface",D04-exported-activities-and-task.md,false,,,,
D04-072,D04,"Exported Activities, Task & UI-Redress Attacks",P5,M5,False-positive discipline for the four claims this chapter makes,support,governs every claim in this chapter,n/a — kill gate,every item above,"claude-bughunter `bb-methodology` PART 4 — Marker Discipline, the Body-Diff Rule, the Statistical-Sample Rule, Server-Policy-vs-State and the Shell-Loop Ban; `triage-validation` 7-Question Gate",D04-exported-activities-and-task.md,false,,,,
D05-001,D05,Broadcast Receivers & Implicit Intents,P5,M5,"Build the manifest receiver inventory with exported, permission and filter columns",support,n/a — enabler for `broken_access_control.exposed_sensitive_android_intent` (null),AM-03,"All. `targetSdk < 31`: a `<receiver>` with at least one `<intent-filter>` and no explicit `android:exported` defaults to **exported**; with no filter it defaults to false. From targetSdk 31 the attribute is mandatory, so `exported=""true""` there is a deliberate decision.","MASTG-TECH-0162 (Enumerating Broadcast Receivers), MASTG-TEST-0366, MASWE-0018",D05-receivers-and-implicit-intents.md,false,,,,
D05-002,D05,Broadcast Receivers & Implicit Intents,P5,M5,Enumerate runtime-registered receivers — the surface the manifest never shows,support,n/a — enabler,AM-03,"All. These never appear in `AndroidManifest.xml`, at any API level.","MASTG-TECH-0162 (""Identifying Context-Registered Receivers""), MASTG-KNOW-0134 (the four `Context.registerReceiver` overloads and their `flags` / `broadcastPermission` arguments), MASTG-TECH-0043",D05-receivers-and-implicit-intents.md,false,,,,
D05-003,D05,Broadcast Receivers & Implicit Intents,P5,M5,`RECEIVER_EXPORTED` audit — the Android 13/14 compile fix that widened the surface,high,`broken_access_control.exposed_sensitive_android_intent` (null — rate on the handler),AM-03,`targetSdk >= 34` mandatory (`Context.RECEIVER_EXPORTED` / `RECEIVER_NOT_EXPORTED` must be passed for non-system broadcasts); the constants exist from API 33 and via `ContextCompat` 1.9.0+. System-broadcast-only registrations are exempt.,"MASTG-TEST-0366 (""Determine whether context-registered receivers are registered with `RECEIVER_NOT_EXPORTED`""), MASTG-KNOW-0134, MASWE-0018, `developer.android.com/about/versions/14/behavior-changes-14`",D05-receivers-and-implicit-intents.md,false,,,,
D05-004,D05,Broadcast Receivers & Implicit Intents,P5,M5,LEGACY — context-registered receivers below targetSdk 33 are exported by omission,high,`broken_access_control.exposed_sensitive_android_intent` (null),AM-03,"**LEGACY:** `targetSdk <= 32`. The `flags` parameter does not exist, so every context-registered receiver whose action is not a protected broadcast is reachable by any app, with no attribute anywhere to grep for.","MASTG-TECH-0162, MASWE-0018, `developer.android.com/privacy-and-security/risks/insecure-broadcast-receiver`",D05-receivers-and-implicit-intents.md,false,,,,
D05-005,D05,Broadcast Receivers & Implicit Intents,P5,M5,Classify each receiver action against the protected-broadcast list,support,n/a — enabler; prevents a false positive and a false negative simultaneously,AM-03,All,QARK `qark/plugins/manifest/exported_tags.py` `PROTECTED_BROADCASTS`; `developer.android.com/privacy-and-security/risks/insecure-broadcast-receiver`,D05-receivers-and-implicit-intents.md,false,,,,
D05-006,D05,Broadcast Receivers & Implicit Intents,P5,M5,"Explicit-component reachability of ""protected broadcast"" receivers",support,`broken_access_control.exposed_sensitive_android_intent` (null),AM-03,All,MASTG-TEST-0366; MASWE-0018; CWE-925 (Improper Verification of Intent by Broadcast Receiver),D05-receivers-and-implicit-intents.md,false,,,,
D05-007,D05,Broadcast Receivers & Implicit Intents,P5,M5,`setPackage(victim)` defeats the Android 8 manifest implicit-broadcast restriction,support,n/a — enabler; kills the single most common false negative in this domain,AM-03,Device API >= 26. The restriction applies to manifest-declared receivers and implicit delivery; it is not a defence against a targeted cross-app broadcast.,`developer.android.com/guide/components/broadcasts` (Android 8.0 implicit-broadcast restrictions); CVE-2020-8913 PoC shape (`am broadcast -a <action> -p <victim>`),D05-receivers-and-implicit-intents.md,false,,,,
D05-008,D05,Broadcast Receivers & Implicit Intents,P5,M5,The stopped-package false negative — your broadcast never reached a freshly installed app,support,n/a — enabler,AM-03,"All. A package that has been installed but never launched, or that has been `force-stop`ped, is in the stopped state and does not receive broadcasts unless the sender sets `FLAG_INCLUDE_STOPPED_PACKAGES`.",`developer.android.com/guide/components/broadcasts`; `adb shell am help` intent-flag list,D05-receivers-and-implicit-intents.md,false,,,,
D05-009,D05,Broadcast Receivers & Implicit Intents,P5,M5,The `result=0` trap — a completed broadcast is not a handled broadcast,support,n/a — enabler; the domain's equivalent of the layer-ordering trap,AM-03,All,Pre-severity gate discipline; MASTG-TECH-0162,D05-receivers-and-implicit-intents.md,false,,,,
D05-010,D05,Broadcast Receivers & Implicit Intents,P5,M5,Marker discipline for broadcast-driven side effects,support,n/a — enabler,AM-03,"All. Mandatory on any claim of the form ""my broadcast caused the app to do X"".",Marker Discipline and the Body-Diff Rule from the bug-hunting corpus,D05-receivers-and-implicit-intents.md,false,,,,
D05-011,D05,Broadcast Receivers & Implicit Intents,P5,M5,`adb shell` is not AM-03 — re-prove every receiver finding from a zero-permission APK,support,n/a — enabler; decides whether the report is credible,AM-03,"All. `adb shell` runs as uid 2000 (`shell`), which holds `android.permission.INTERACT_ACROSS_USERS`, signature-ish reach and shell-only allowances a real attacker app does not have.",AM-03 definition; Phase 5 exit condition,D05-receivers-and-implicit-intents.md,false,,,,
D05-012,D05,Broadcast Receivers & Implicit Intents,P5,M5,Enumerate and replay every extra key `onReceive` actually reads,high,`broken_access_control.exposed_sensitive_android_intent` (null),AM-03,All,"MASTG-TEST-0366, MASTG-TOOL-0015 (drozer `app.broadcast.info` / `app.broadcast.send`), MASWE-0018, CWE-306, CWE-862",D05-receivers-and-implicit-intents.md,false,,,,
D05-013,D05,Broadcast Receivers & Implicit Intents,P5,M5,Receiver extras piped into a permission-holding API — permission re-delegation,critical,"`broken_access_control.privilege_escalation` (null, CWE-269) and `broken_access_control.exposed_sensitive_android_intent` (null)",AM-03,"Apps holding a dangerous permission the caller does not: `SEND_SMS`, `CAMERA`, `ACCESS_FINE_LOCATION`, `WRITE_CONTACTS`, `READ_CALL_LOG`.","MASTG-TEST-0366, MASTG-TEST-0029 (deprecated; source of the InsecureBankv2 walkthrough), MASTG-APP-0010, MASWE-0018, ATT&CK T1635",D05-receivers-and-implicit-intents.md,false,,,,
D05-014,D05,Broadcast Receivers & Implicit Intents,P5,M5,"Receiver that repoints the backend base URL, environment or a security feature flag",critical,`broken_access_control.exposed_sensitive_android_intent` (null); chain to `sensitive_data_exposure.disclosure_of_secrets.for_publicly_accessible_asset` (P1) once the app posts credentials to your host,AM-03,All. Very common in apps with a build-flavour/debug-environment switcher left in the release build.,"MASTG-TEST-0366, MASWE-0018, ATT&CK T1624.001; `developer.android.com/privacy-and-security/risks/insecure-broadcast-receiver`",D05-receivers-and-implicit-intents.md,false,,,,
D05-015,D05,Broadcast Receivers & Implicit Intents,P5,M5,"Receiver that flips entitlement, subscription or premium state",high,"`broken_access_control.exposed_sensitive_android_intent` (null); if the entitlement is honoured server-side, argue up on the business impact",AM-03,"Apps with paid tiers, feature gating, trial state or a licence check.","MASTG-TEST-0366, MASWE-0018",D05-receivers-and-implicit-intents.md,false,,,,
D05-016,D05,Broadcast Receivers & Implicit Intents,P5,M5,"Receiver that terminates, rotates or fixates the session",high,`broken_access_control.exposed_sensitive_android_intent` (null); `broken_authentication_and_session_management.authentication_bypass` (P1) if you can set the session rather than only clear it,AM-03,All,"MASTG-TEST-0366, MASWE-0018, ATT&CK T1624.001",D05-receivers-and-implicit-intents.md,false,,,,
D05-017,D05,Broadcast Receivers & Implicit Intents,P5,M5,Receiver that renders an attacker-supplied notification or in-app message,high,`broken_access_control.exposed_sensitive_android_intent` (null); `server_side_injection.content_spoofing.external_authentication_injection` (P4) only if a triager insists on the spoofing framing — argue up with credential capture,AM-03,All apps with a notification or in-app-message pipeline driven by a broadcast.,"H1 #97295 (ok.ru — forged private message attributed to a real account), H1 #394332 (VK, Low), MASWE-0018",D05-receivers-and-implicit-intents.md,false,,,,
D05-018,D05,Broadcast Receivers & Implicit Intents,P5,M5,Receiver guarded by a squattable or non-signature custom permission,high,"`broken_access_control.privilege_escalation` (null, CWE-269) plus `broken_access_control.exposed_sensitive_android_intent` (null)",AM-03,"All. `<receiver android:permission=""X"">` is only as strong as X's *enforced* protection level, and an orphaned or first-declarer-wins custom permission is no guard at all (see D03).",`developer.android.com/training/permissions/restrict-interactions`; `developer.android.com/privacy-and-security/risks/custom-permissions`,D05-receivers-and-implicit-intents.md,false,,,,
D05-019,D05,Broadcast Receivers & Implicit Intents,P5,M5,Broadcast sent with a `receiverPermission` that is not signature level,high,`broken_access_control.exposed_sensitive_android_intent` (null),AM-03,All,"QARK `BROADCAST_WITH_RECEIVER` (""may still be vulnerable to interception, if the protection level of the permission is not set to signature or signatureOrSystem""); QARK `BROADCAST_WITH_RECEIVER_UNDER_21` (LEGACY pre-API-21 squatting window)",D05-receivers-and-implicit-intents.md,false,,,,
D05-020,D05,Broadcast Receivers & Implicit Intents,P5,M5,Receiver makes a trust decision with no caller identity at all,high,"`broken_access_control.exposed_sensitive_android_intent` (null), CWE-925",AM-03,"All. `BroadcastReceiver.getSentFromUid()` / `getSentFromPackage()` exist only from **API 34**, and only return a value when the sender opted in with `BroadcastOptions.setShareIdentityEnabled(true)`. Below 34 there is no caller identity in a broadcast at all.","`developer.android.com/privacy-and-security/risks/sender-of-pending-intents`; Google security-tips ""Perform input validation in intent receivers""; CWE-925",D05-receivers-and-implicit-intents.md,false,,,,
D05-021,D05,Broadcast Receivers & Implicit Intents,P5,M5,Weak receiver challenge-response seeded from wall-clock time,high,`broken_access_control.exposed_sensitive_android_intent` (null); `broken_authentication_and_session_management.authentication_bypass` (P1) if the guarded action is authentication,AM-03,Apps (commonly OEM/preinstalled) that guard an exported receiver with a broadcast challenge/response rather than a permission.,"HackTricks `android-applications-basics` (""Weak receiver challenge-response and crash-to-restart primitives"")",D05-receivers-and-implicit-intents.md,false,,,,
D05-022,D05,Broadcast Receivers & Implicit Intents,P5,M5,AppWidgetProvider receiver custom actions — exported by construction,high,`broken_access_control.exposed_sensitive_android_intent` (null),AM-03,"Any app shipping a home-screen widget. An `AppWidgetProvider` **is** a `BroadcastReceiver` and **must** be `android:exported=""true""` for the system to drive it — so its custom actions are open to every app by construction, not by mistake.",`developer.android.com/develop/ui/views/appwidgets`; `developer.android.com/privacy-and-security/risks/insecure-broadcast-receiver`; MASWE-0018,D05-receivers-and-implicit-intents.md,false,,,,
D05-023,D05,Broadcast Receivers & Implicit Intents,P5,M5,`DownloadManager` completion receivers that trust `EXTRA_DOWNLOAD_ID`,high,`broken_access_control.exposed_sensitive_android_intent` (null); `server_side_injection.remote_code_execution_rce` (P1) is the band you are aiming at if the handler loads the referenced file,AM-03,"All. The receiver must be `exported=""false""` or permission-guarded at any targetSdk — the implicit-export default only helps from targetSdk 31.","`developer.android.com/reference/android/app/DownloadManager` (`ACTION_DOWNLOAD_COMPLETE`, `ACTION_NOTIFICATION_CLICKED`, `COLUMN_LOCAL_URI`)",D05-receivers-and-implicit-intents.md,false,,,,
D05-024,D05,Broadcast Receivers & Implicit Intents,P5,M5,Boot / package-replaced receiver that reads configuration from a writable location,high,`broken_access_control.exposed_sensitive_android_intent` (null); chain to `sensitive_data_exposure.disclosure_of_secrets.for_publicly_accessible_asset` (P1) if the injected config redirects credentialed traffic,AM-03 / AM-04 (storage),All. `BOOT_COMPLETED` remains manifest-registrable and `RECEIVE_BOOT_COMPLETED` is a normal permission. Most other implicit system broadcasts are not manifest-registrable from API 26.,"ATT&CK T1624.001 (Broadcast Receivers — BOOT_COMPLETED named first, used by EventBot, FakeSpy, SimBad), T1398, T1603",D05-receivers-and-implicit-intents.md,false,,,,
D05-025,D05,Broadcast Receivers & Implicit Intents,P5,M5,FCM / c2dm push receiver reachable locally,high,`broken_access_control.exposed_sensitive_android_intent` (null),AM-03,"All apps using FCM or a third-party push SDK. A correct implementation guards the receiver with the `com.google.android.c2dm.permission.SEND` signature permission and declares the messaging service `exported=""false""`; an unprotected one is the finding.",MASWE-0018; `developer.android.com/privacy-and-security/risks/insecure-broadcast-receiver`,D05-receivers-and-implicit-intents.md,false,,,,
D05-026,D05,Broadcast Receivers & Implicit Intents,P5,M5,Receiver that hands attacker input to a deferred `WorkManager` / `JobScheduler` / `AlarmManager` job,high,`broken_access_control.exposed_sensitive_android_intent` (null),AM-03,All,"ATT&CK T1603 (Scheduled Task/Job — ""WorkManager was introduced to unify task scheduling on Android, using JobScheduler, GcmNetworkManager, and AlarmManager internally""), T1624.001",D05-receivers-and-implicit-intents.md,false,,,,
D05-027,D05,Broadcast Receivers & Implicit Intents,P5,M5,Reading any single extra deserialises the whole Bundle,high,`broken_access_control.exposed_sensitive_android_intent` (null); `server_side_injection.remote_code_execution_rce` (P1) is the band a proven gadget chain reaches,AM-03,All,"MASWE-0050 (CWE-20, CWE-345); the Play Core analysis (""attackers create malicious Parcelable objects containing code executed during deserialization via the `createFromParcel()` method"")",D05-receivers-and-implicit-intents.md,false,,,,
D05-028,D05,Broadcast Receivers & Implicit Intents,P5,M5,Receiver that forwards a nested Intent — the redirection sink discovered in D05,high,"`broken_access_control.privilege_escalation` (null, CWE-269) / `broken_access_control.exposed_sensitive_android_intent` (null)",AM-03,All,CWE-926; Oversecured TikTok analysis (`com.ss.android.ugc.awemepushlib.receiver.NotificationBroadcastReceiver`); `developer.android.com/privacy-and-security/risks/intent-redirection`,D05-receivers-and-implicit-intents.md,false,,,,
D05-029,D05,Broadcast Receivers & Implicit Intents,P5,M5,Receiver that copies files from caller-supplied URIs (the Play Core / SmartSwitch shape),critical,`broken_access_control.exposed_sensitive_android_intent` (null); `server_side_injection.remote_code_execution_rce` (P1) is the band the full chain reaches,AM-03,"Any app bundling `com.google.android.play:core` below **1.7.2** (CVE-2020-8913), and any SDK with a restore/import receiver taking URI arrays. The monolithic `com.google.android.play:core` was deprecated in April 2022 and receives no further fixes — an app still on the monolith is unpatched against anything found since.","CVE-2020-8913; MASWE-0050 (CWE-22, CWE-73)",D05-receivers-and-implicit-intents.md,false,,,,
D05-030,D05,Broadcast Receivers & Implicit Intents,P5,M5,"Implicit broadcast carrying a session token, OTP or credential",critical,"`sensitive_data_exposure.disclosure_of_secrets.for_publicly_accessible_asset` (**P1**) for the token once you replay it; `broken_access_control.exposed_sensitive_android_intent` (null) for the mechanism; `broken_authentication_and_session_management.two_fa_bypass` (**P3**) for an intercepted OTP, `authentication_bypass` (**P1**) with full takeover",AM-03,"All. The three documented controls are a permission on `sendBroadcast`, `setPackage(String)` (API 14+), or `exported=""false""` on the receiving side.","MASTG-TEST-0374 (References to Implicit Intents Carrying Sensitive Extras), MASTG-TECH-0164 (Sniffing Implicit Intents and Broadcasts), MASWE-0032, MASTG-KNOW-0025, MASTG-BEST-0056, rule `mastg-android-implicit-intent-leaking-extras`, MASTG-TOOL-0110, MASTG-TOOL-0015; CWE-927; ATT&CK T1635, T1533; H1 #56002, #185862, #192886, #167481",D05-receivers-and-implicit-intents.md,false,,,,
D05-031,D05,Broadcast Receivers & Implicit Intents,P5,M5,The whole-API-response broadcast,critical,`sensitive_data_exposure.disclosure_of_secrets.for_publicly_accessible_asset` (P1),AM-03,Apps using a broadcast bus for intra-app network plumbing.,"H1 #56002 (Shopify — network layer broadcast every API response; `access_token` and `admin_cookie` captured by an app declaring no permissions, ""No special permission or root required. No user interactions and awareness.""); CWE-927",D05-receivers-and-implicit-intents.md,false,,,,
D05-032,D05,Broadcast Receivers & Implicit Intents,P5,M5,"Location, file-event and upload broadcasts — the permission-bypass framing",low,"`sensitive_data_exposure.disclosure_of_secrets.pii_leakage_exposure` (null, CWE-200) / `broken_access_control.exposed_sensitive_android_intent` (null)",AM-03,All,"H1 #185862 (Twitter, Low, $560 — `com.twitter.library.geo.LOCATION_CHANGED` carrying a `Location` extra); H1 #167481 (Nextcloud, accepted — `FileUploader.UPLOAD_START` / `UPLOAD_FINISH` / `UPLOADS_ADDED`); H1 #192886 (Mapbox, Low, $1000)",D05-receivers-and-implicit-intents.md,false,,,,
D05-033,D05,Broadcast Receivers & Implicit Intents,P5,M5,`LocalBroadcastManager` removal regression,support,n/a — enabler; the finding it surfaces is D05-030,AM-03,All. `LocalBroadcastManager` is deprecated; Google points developers to `LiveData` and observable holders.,"MASTG-KNOW-0134, MASTG-TEST-0374",D05-receivers-and-implicit-intents.md,false,,,,
D05-034,D05,Broadcast Receivers & Implicit Intents,P5,M5,"Sticky broadcast read — `registerReceiver(null, filter)` (LEGACY)",medium,`broken_access_control.exposed_sensitive_android_intent` (null),AM-03,**LEGACY.** `sendStickyBroadcast` deprecated at API 21; `BROADCAST_STICKY` is no longer grantable to normal third-party apps on recent releases. Treat as an OEM / preinstalled / low-`minSdk` check.,"MASTG-KNOW-0134 (""Sticky broadcasts ... persist after delivery and offer no access control""), MASTG-TEST-0374; `developer.android.com/privacy-and-security/risks/sticky-broadcast`; QARK/MobSF `STICKY_BROADCAST`",D05-receivers-and-implicit-intents.md,false,,,,
D05-035,D05,Broadcast Receivers & Implicit Intents,P5,M5,"Sticky broadcast overwrite, and `setPackage()` being ignored on re-broadcast (LEGACY)",medium,`broken_access_control.exposed_sensitive_android_intent` (null),AM-03,"**LEGACY**, same gate as D05-034.",`developer.android.com/privacy-and-security/risks/sticky-broadcast` (sticky re-broadcasts ignore `setPackage()`; `BROADCAST_STICKY` is granted automatically at install; a new sticky with the same action/data/type/identifier/class/categories **replaces** the previous one),D05-receivers-and-implicit-intents.md,false,,,,
D05-036,D05,Broadcast Receivers & Implicit Intents,P5,M5,Ordered-broadcast priority interception — and the Android 16 per-process narrowing,support,`broken_access_control.exposed_sensitive_android_intent` (null); `broken_authentication_and_session_management.two_fa_bypass` (P3) for an intercepted OTP,AM-03,"**API <= 35: works.** **API 36+ (Android 16): closed for ordered broadcasts.** Delivery order via `android:priority` / `IntentFilter#setPriority()` is no longer guaranteed across different processes; priorities are respected only within the same application process, and values are confined to the range `SYSTEM_LOW_PRIORITY + 1` .. `SYSTEM_HIGH_PRIORITY - 1`, with only system components allowed to set the extremes. This is an **all-apps** change, not targetSdk-gated.","`developer.android.com/about/versions/16/behavior-changes-all` (ordered-broadcast priority); `developer.android.com/guide/components/broadcasts` (ordered broadcasts, priority); MASTG-TECH-0164",D05-receivers-and-implicit-intents.md,false,,,,
D05-037,D05,Broadcast Receivers & Implicit Intents,P5,M5,`abortBroadcast()` suppression of a security-relevant flow,medium,`broken_access_control.exposed_sensitive_android_intent` (null); to be paid as a denial of service you must reach `application_level_denial_of_service_dos.high_impact_and_or_medium_difficulty` (P3) or `.critical_impact_and_or_easy_difficulty` (P2) — the `app_crash.malformed_android_intents` node is P5,AM-03,API <= 35 for cross-process priority (see D05-036).,"`developer.android.com/guide/components/broadcasts` (ordered broadcasts, `abortBroadcast`)",D05-receivers-and-implicit-intents.md,false,,,,
D05-038,D05,Broadcast Receivers & Implicit Intents,P5,M5,`setResultData` / `setResultExtras` tampering,high,`broken_access_control.exposed_sensitive_android_intent` (null); `broken_authentication_and_session_management.authentication_bypass` (P1) when the tampered result drives an auth decision,AM-03,API <= 35 for cross-process priority (D05-036).,`developer.android.com/guide/components/broadcasts`; MASTG-TECH-0164,D05-receivers-and-implicit-intents.md,false,,,,
D05-039,D05,Broadcast Receivers & Implicit Intents,P5,M5,"The app trusts `getResultData()` — sender-side ordered-result trust, broken on Android 16",high,`broken_access_control.exposed_sensitive_android_intent` (null),AM-03,"**Android 16 (API 36) specifically.** On API <= 35 the developer's ""our receiver runs first"" assumption holds and this is not a finding.",`developer.android.com/about/versions/16/behavior-changes-all` (ordered-broadcast priority confined to the same application process),D05-receivers-and-implicit-intents.md,false,,,,
D05-040,D05,Broadcast Receivers & Implicit Intents,P5,M5,Implicit-intent sender inventory,support,n/a — enabler for D05-041 to D05-049,AM-03,All,"MASTG-TEST-0372, MASTG-TEST-0374, MASTG-KNOW-0025 (Explicit vs Implicit Intents), MASTG-BEST-0056; Google vulnerability-classes auditing tip: ""Look for all intent broadcasts that do not have a target set ... Lacks `setComponent`, `setClass`, `setClassName` or an explicit constructor.""",D05-receivers-and-implicit-intents.md,false,,,,
D05-041,D05,Broadcast Receivers & Implicit Intents,P5,M5,Implicit intent carrying sensitive extras to an unconstrained recipient,critical,`sensitive_data_exposure.disclosure_of_secrets.for_publicly_accessible_asset` (P1) for a token; `broken_access_control.exposed_sensitive_android_intent` (null) for the mechanism,AM-03,All,"MASTG-TEST-0374, MASWE-0032 (CWE-927, CWE-940), MASTG-TECH-0164, MASTG-TOOL-0110 (semgrep), rule `mastg-android-implicit-intent-leaking-extras`; MASTG's own impact wording: ""This can disclose credentials, session tokens, one-time codes, personal data, account identifiers, or internal state to an untrusted app.""",D05-receivers-and-implicit-intents.md,false,,,,
D05-042,D05,Broadcast Receivers & Implicit Intents,P5,M5,Implicit intent used for internal app communication — hijack by matching filter,high,"`broken_access_control.exposed_sensitive_android_intent` (null, CWE-927)",AM-03,"All. `targetSdk >= 30` package-visibility limits *enumeration* of other apps, but the `<queries>` restriction does not stop your filter matching — it is not a defence here.","MASTG-TEST-0372 (Implicit Intents Used for Internal App Communication), MASWE-0032, MASTG-KNOW-0025, rule `mastg-android-implicit-intent-internal-communication`; `developer.android.com/privacy-and-security/risks/implicit-intent-hijacking`",D05-receivers-and-implicit-intents.md,false,,,,
D05-043,D05,Broadcast Receivers & Implicit Intents,P5,M5,"`android:priority=""999""` chooser win plus silent forward-on",high,"`broken_access_control.exposed_sensitive_android_intent` (null, CWE-927)",AM-03,All. **Not** affected by the Android 16 ordered-broadcast change — activity resolution priority is a different mechanism.,"MobSF `high_intent_priority_found` / `high_action_priority_found`; Oversecured ""Interception of Android implicit intents""; CWE-927",D05-receivers-and-implicit-intents.md,false,,,,
D05-044,D05,Broadcast Receivers & Implicit Intents,P5,M5,`queryIntentActivities` / `resolveActivity` ordering trusted as a gate,medium,`broken_access_control.exposed_sensitive_android_intent` (null),AM-03,"All. On `targetSdk >= 30` the app needs `<queries>` or `QUERY_ALL_PACKAGES` to see your package at all — which frequently makes the ""safety check"" return *nothing* and the app fail open.",MASTG-KNOW-0025; `developer.android.com/privacy-and-security/risks/implicit-intent-hijacking`,D05-receivers-and-implicit-intents.md,false,,,,
D05-045,D05,Broadcast Receivers & Implicit Intents,P5,M5,Implicit `startService` / `bindService`,medium,"`broken_access_control.exposed_sensitive_android_intent` (null); if the reached service shells out, `insecure_os_firmware.command_injection` (P1, CWE-77)",AM-03,All. `bindService` with an implicit Intent throws `IllegalArgumentException: Service Intent must be explicit` on modern platforms — verify on the in-scope API level. `startService` with an action-only Intent still resolves.,"Bugcrowd's remediation text for `exposed_sensitive_android_intent`: ""Using an implicit intent to start a service is a security risk as you can't be certain what service will respond to the intent""",D05-receivers-and-implicit-intents.md,false,,,,
D05-046,D05,Broadcast Receivers & Implicit Intents,P5,M5,Poisoned result from a hijacked `ACTION_GET_CONTENT` / `ACTION_PICK`,medium,"`broken_access_control.exposed_sensitive_android_intent` (null); with an arbitrary write inside the sandbox, aim at `server_side_injection.remote_code_execution_rce` (P1) via the D17 chain",AM-03 (plus one user tap on your app in the chooser — state that precondition; both accepted Nextcloud reports did),All,"MASTG-TEST-0375, MASWE-0050 (CWE-20, CWE-22, CWE-73, CWE-345), MASTG-TECH-0043; H1 #1142918 (Nextcloud, Medium), H1 #1408692 (Nextcloud, Low 2.3, GHSA-vw2w-gpcv-v39f)",D05-receivers-and-implicit-intents.md,false,,,,
D05-047,D05,Broadcast Receivers & Implicit Intents,P5,M5,Responder-controlled `DISPLAY_NAME` and `ClipData` — path traversal in the consumer,high,`broken_access_control.exposed_sensitive_android_intent` (null); the chain target is `server_side_injection.remote_code_execution_rce` (P1) through D17,AM-03 + one user tap,All. MASTG names this one of the most under-tested Android surfaces.,"MASTG-TEST-0375, MASTG-TECH-0043, MASWE-0050 (CWE-20, CWE-22, CWE-73, CWE-345), MASVS-CODE-4",D05-receivers-and-implicit-intents.md,false,,,,
D05-048,D05,Broadcast Receivers & Implicit Intents,P5,M5,"targetSdk 34 implicit-intent restriction — and the `exported=""true""` fix that replaced it",high,`broken_access_control.exposed_sensitive_android_intent` (null) — rate on the now-reachable component,AM-03,`targetSdk >= 34`. Implicit intents are delivered only to **exported** components; the documented fix is `Intent(...).setPackage(context.getPackageName())`. Mutable `PendingIntent`s with an unspecified component or package now throw.,"`developer.android.com/about/versions/14/behavior-changes-14` (""Implicit intents are restricted from being delivered to unexported components ... Use explicit intents for unexported components OR mark as exported"")",D05-receivers-and-implicit-intents.md,false,,,,
D05-049,D05,Broadcast Receivers & Implicit Intents,P5,M5,Android 14 did not fix implicit *sending* — the half the checklists get wrong,high,`broken_access_control.exposed_sensitive_android_intent` (null); P1 via the token path in D05-030,AM-03,All,`developer.android.com/privacy-and-security/risks/implicit-intent-hijacking`; `developer.android.com/about/versions/14/behavior-changes-14`,D05-receivers-and-implicit-intents.md,false,,,,
D05-050,D05,Broadcast Receivers & Implicit Intents,P5,M5,SMS User Consent receiver registered without `SmsRetriever.SEND_PERMISSION`,support,`broken_access_control.exposed_sensitive_android_intent` (null); `broken_authentication_and_session_management.two_fa_bypass` (P3) if you inject an accepted OTP,AM-03,"Any app using the GMS SMS User Consent API — extremely common in fintech onboarding, card 3DS and OTP autofill.","`developers.google.com/identity/sms-retriever/user-consent/request` (documents `SmsRetriever.SEND_PERMISSION`, `EXTRA_CONSENT_INTENT`, `EXTRA_SMS_MESSAGE`, `CommonStatusCodes.SUCCESS`/`TIMEOUT`); MASWE-0020, MASWE-0018; CVE-2021-4438 (React Native SMS User Consent)",D05-receivers-and-implicit-intents.md,false,,,,
D05-051,D05,Broadcast Receivers & Implicit Intents,P5,M5,`EXTRA_CONSENT_INTENT` arbitrary-Intent-launch gadget and the self-grant exfiltration chain,critical,"`broken_access_control.privilege_escalation` (null, CWE-269) plus `sensitive_data_exposure.disclosure_of_secrets.for_publicly_accessible_asset` (P1) for the token in the stolen file",AM-04 (the PoC needs `INTERNET` to exfiltrate; the read itself is AM-03),Any app using GMS SMS User Consent / SMS autofill. **BAL gate on API 34+** — see the precondition below.,`developers.google.com/identity/sms-retriever/user-consent/request`; CWE-926; MASWE-0050; CVE-2021-4438,D05-receivers-and-implicit-intents.md,false,,,,
D05-052,D05,Broadcast Receivers & Implicit Intents,P5,M5,The OTP-injection variant — trace the handshake before claiming it,support,"`broken_authentication_and_session_management.two_fa_bypass` (P3), or `authentication_bypass` (P1) with full takeover",AM-03,All apps with SMS/WhatsApp OTP autofill.,MASWE-0020 (Local Authentication Can Be Bypassed); MASTG-TEST-0366,D05-receivers-and-implicit-intents.md,false,,,,
D05-053,D05,Broadcast Receivers & Implicit Intents,P5,M5,Telephony `SMS_RECEIVED` receiver fed a forged OTP body,high,`broken_authentication_and_session_management.two_fa_bypass` (P3); `broken_access_control.exposed_sensitive_android_intent` (null) for the mechanism,AM-03,"Apps holding `RECEIVE_SMS`/`READ_SMS` with their own SMS parser. `SmsRetriever` (hash-bound, no permission) is the safe API; `RECEIVE_SMS` plus a broadcast receiver is the risky one.",ATT&CK T1624.001 (names `SMS_RECEIVED` among the registrable broadcasts); MASWE-0018,D05-receivers-and-implicit-intents.md,false,,,,
D05-054,D05,Broadcast Receivers & Implicit Intents,P5,M5,Restricted App Standby Bucket suppresses `BOOT_COMPLETED` — disarming a security control,medium,`application_level_denial_of_service_dos.high_impact_and_or_medium_difficulty` (P3) when a security feature is the thing disabled; the `app_crash.malformed_android_intents` node (P5) is not the right filing,AM-03 / AM-11,"Android 12+ for the bucket, **Android 13+** for the broadcast suppression: an app in the restricted bucket receives neither `BOOT_COMPLETED` nor `LOCKED_BOOT_COMPLETED`, alarms do not fire and jobs do not run.",`developer.android.com/about/versions/13/behavior-changes-13`; `developer.android.com/about/versions/13/behavior-changes-all`; `developer.android.com/about/versions/12/behavior-changes-all` (`am set-standby-bucket`),D05-receivers-and-implicit-intents.md,false,,,,
D05-055,D05,Broadcast Receivers & Implicit Intents,P5,M5,Android 15 force-stop cancels every `PendingIntent` — time-based controls silently die,medium,`application_level_denial_of_service_dos.high_impact_and_or_medium_difficulty` (P3) when the cancelled action is a security control,AM-11 (the user or anyone with the unlocked device force-stops the app),"**Android 15+, all apps regardless of targetSdk.** Entering the stopped state cancels every pending intent the app created; widgets grey out until the user relaunches.",`developer.android.com/about/versions/15/behavior-changes-all` (stopped state cancels pending intents; widgets disabled; `ApplicationStartInfo.wasForceStopped()`),D05-receivers-and-implicit-intents.md,false,,,,
D05-056,D05,Broadcast Receivers & Implicit Intents,P5,M5,Bluetooth `ACTION_KEY_MISSING` / `ACTION_ENCRYPTION_CHANGE` unhandled,high,`broken_authentication_and_session_management.authentication_bypass` (P1) where the companion device is the authenticator; otherwise `broken_access_control.exposed_sensitive_android_intent` (null),AM-06 (proximity),"**Android 16+ (API 36).** `BluetoothDevice#ACTION_KEY_MISSING` is broadcast when a remote bond is lost; `BluetoothDevice#ACTION_ENCRYPTION_CHANGE` when encryption status, algorithm or key size changes.","`developer.android.com/about/versions/16/behavior-changes-16` (`ACTION_KEY_MISSING`, `ACTION_ENCRYPTION_CHANGE`, `CompanionDeviceManager#removeBond(int)`, ""Consider bond restored if link successfully encrypted"")",D05-receivers-and-implicit-intents.md,false,,,,
D05-057,D05,Broadcast Receivers & Implicit Intents,P5,M5,`CONNECTIVITY_ACTION` and Wi-Fi broadcast stale assumptions that fail open,high,`broken_access_control.exposed_sensitive_android_intent` (null); chain to the D14 filings once the relaxed branch is taken,AM-06,"Device **API >= 28**. `CONNECTIVITY_ACTION` is delivered only to context-registered receivers. Since Android 9, `WifiManager.NETWORK_STATE_CHANGED_ACTION` no longer carries SSID, BSSID, connection info or scan results.",`developer.android.com/guide/components/broadcasts` (Android 9 / Android 7.0 changes),D05-receivers-and-implicit-intents.md,false,,,,
D05-058,D05,Broadcast Receivers & Implicit Intents,P5,M5,`intent://` in a WebView — the vector that upgrades every receiver primitive to one click,support,`broken_access_control.exposed_sensitive_android_intent` (null) — rated on the component reached,"AM-02 (remote, one click) — this item exists to *change the attacker model* of the rest of the chapter from AM-03",Any app whose WebView (or any `shouldOverrideUrlLoading` / deep-link router) calls `Intent.parseUri()` on attacker-reachable content. Also reachable from an XSS in any page the WebView loads.,"Oversecured WebView checklist (""arbitrary activity launching via the `intent://` scheme""); CWE-926; `developer.android.com/privacy-and-security/risks/intent-redirection`",D05-receivers-and-implicit-intents.md,false,,,,
D05-059,D05,Broadcast Receivers & Implicit Intents,P5,M5,"`directBootAware=""true""` receiver that runs before the device is ever unlocked",high,`broken_access_control.exposed_sensitive_android_intent` (null); chain to `sensitive_data_exposure.disclosure_of_secrets.for_publicly_accessible_asset` (P1) when the pre-unlock path exposes a token,"AM-03 (an attacker app can declare `directBootAware` on its own components too, so it runs in the same window); AM-10 for the physical-locked variant","Android 7+ file-based-encryption devices. `android:directBootAware` defaults to **false** on activities, services, receivers and providers; `LOCKED_BOOT_COMPLETED` is delivered only to direct-boot-aware components. During Direct Boot only **device-protected** storage (`/data/user_de/<user>/<pkg>`) is available.",`developer.android.com/guide/topics/manifest/receiver-element` (`android:directBootAware`); ATT&CK T1624.001 (`LOCKED_BOOT_COMPLETED`); MASWE-0018,D05-receivers-and-implicit-intents.md,false,,,,
D05-060,D05,Broadcast Receivers & Implicit Intents,P5,M5,Turn the broadcast-harvested route inventory into a shadow-API version diff,support,`broken_authentication_and_session_management.authentication_bypass` (P1) where the old version accepts no token; `broken_access_control.idor.*` (P1/P2/P3) where it exposes objects the current version protects; a bare version difference is **Informational**,"AM-01 (once it is the backend, no device is involved)","Any app whose broadcasts, implicit intents or sniffed API-response bus (D05-030, D05-031) reveal backend hosts, routes or an API version segment.","Shadow/zombie-API methodology from the bug-hunting corpus (""a mobile app's hardcoded backend calls look older than the current web app's""); CWE-1059-adjacent operational debt — file under the behaviour you prove, not under ""old version""",D05-receivers-and-implicit-intents.md,false,,,,
D05-061,D05,Broadcast Receivers & Implicit Intents,P5,M5,"Prove delivery-order and spray wins statistically, never from one lucky run",support,"n/a — enabler; governs D05-036, D05-037, D05-038, D05-042, D05-043, D05-046 and the D05-051 spray",AM-03,"Every claim of the form ""my receiver gets it first"", ""my component wins resolution"", ""the consent-Intent spray lands"".",Statistical-Sample Rule and the Shell-Loop Ban from the bug-hunting corpus,D05-receivers-and-implicit-intents.md,false,,,,
D05-062,D05,Broadcast Receivers & Implicit Intents,P5,M5,"Run the pre-severity gate against the Critical claim, not against the receiver",support,n/a — governs every Critical/High filing in this domain,n/a,Every Critical or High claim in D05.,Pre-severity gate and retraction discipline from the bug-hunting corpus,D05-receivers-and-implicit-intents.md,false,,,,
D05-063,D05,Broadcast Receivers & Implicit Intents,P5,M5,The five-screenshot pattern for a receiver state-change finding,support,n/a — evidence standard,n/a,"Every D05 finding whose impact is a state change (D05-014, -015, -016, -024).",Evidence-hygiene five-screenshot pattern; PoC standard,D05-receivers-and-implicit-intents.md,false,,,,
D05-064,D05,Broadcast Receivers & Implicit Intents,P5,M5,Chain-filing order for receiver primitives,support,n/a — filing strategy,n/a,"Every multi-finding D05 chain, especially D05-050 → D05-051 → D08 → D17.","Chain-filing discipline from the bug-hunting corpus; ""one fix = one bounty""",D05-receivers-and-implicit-intents.md,false,,,,
D06-001,D06,"Services, AIDL & Bound IPC",P5,M5,"Build the service register from the MERGED manifest, not from `base.apk`",support,n/a — coverage method,n/a,All; mandatory for any app shipped as an AAB (split APKs are the norm),MASTG-TECH-0161 (Enumerating Services),D06-services-aidl-bound-ipc.md,false,,,,
D06-002,D06,"Services, AIDL & Bound IPC",P5,M5,Classify every exported service by reachability and by the protection level of its guard,support,n/a — inventory; `broken_access_control.exposed_sensitive_android_intent` (null) only once a reached action is demonstrated,AM-03,"All. **targetSdk < 31 (LEGACY):** a `<service>` with an `<intent-filter>` and no explicit `android:exported` is exported by default. From targetSdk 31 the attribute is mandatory, so `implicit-*` rows in your register mean you mis-parsed the manifest — re-check against `dumpsys`.","MASTG-TEST-0365, MASTG-TECH-0161, MASTG-TOOL-0015 (drozer `app.service.info`), MASTG-KNOW-0133",D06-services-aidl-bound-ipc.md,false,,,,
D06-003,D06,"Services, AIDL & Bound IPC",P5,M5,"`android:permission` on `<service>` is checked at bind/start time only, never per transaction",high,`broken_access_control.idor.modify_view_sensitive_information_iterable_object_identifiers` (P1) when a method takes another user's id; `broken_access_control.privilege_escalation` (null) otherwise,AM-04 (holds the bind permission) or AM-05 (second account),All bound services with a manifest permission,"MASTG-TEST-0365, MASTG-KNOW-0133, MASWE-0018 (CWE-862, CWE-863)",D06-services-aidl-bound-ipc.md,false,,,,
D06-004,D06,"Services, AIDL & Bound IPC",P5,M5,"`android:process="":remote""` — instrument the right PID or you will report a false negative",support,n/a — method,n/a,All; services in a separate process are the usual pattern for a remote interface,"MASTG-KNOW-0133 (`android:process`, ""common for services that expose a remote interface to other apps""), MASTG-TECH-0043, MASTG-TOOL-0001",D06-services-aidl-bound-ipc.md,false,,,,
D06-005,D06,"Services, AIDL & Bound IPC",P5,M5,Do not claim Instant-App or browser reach for a service without `android:visibleToInstantApps`,support,n/a — precondition control,Governs whether AM-02 can be claimed at all,All,H1 #258460 (Quora) — the researcher's own published correction,D06-services-aidl-bound-ipc.md,false,,,,
D06-006,D06,"Services, AIDL & Bound IPC",P5,M5,"Enumerate the service classes that *cannot* be un-exported, and test what they added",high,`broken_access_control.exposed_sensitive_android_intent` (null — rated on what is exposed),AM-03,"All; any targetSdk — the intent filter *is* the export, so the targetSdk 31 explicit-export rule does not close these","H1 #146179 (ownCloud — `AccountAuthenticatorService` and `FileSyncService` both `exported=""true""`), MASTG-TEST-0365, MASWE-0018",D06-services-aidl-bound-ipc.md,false,,,,
D06-007,D06,"Services, AIDL & Bound IPC",P5,M5,Recover the complete AIDL method table before touching the device,support,n/a — method,n/a,All apps exposing bound services,"MASTG-TECH-0161 (""you first need to identify the inputs it expects … the methods of an AIDL interface""), MASTG-TECH-0023, MASTG-KNOW-0020 (Binder)",D06-services-aidl-bound-ipc.md,false,,,,
D06-008,D06,"Services, AIDL & Bound IPC",P5,M5,Build the per-method check matrix — interfaces check one method and forget the rest,critical,`sensitive_data_exposure.disclosure_of_secrets.for_publicly_accessible_asset` (P1) when a method returns a token that authenticates an internet-facing API; `broken_access_control.privilege_escalation` (null) otherwise,AM-03,All; highest yield on OEM system services and on companion-app interfaces,"MASTG-TEST-0365 (""Determine whether the service verifies the caller's permission at runtime … before processing sensitive requests""), MASTG-BEST-0052, MASWE-0018",D06-services-aidl-bound-ipc.md,false,,,,
D06-009,D06,"Services, AIDL & Bound IPC",P5,M5,Trace the Dagger/Hilt generated wrapper to the real delegate before concluding anything,support,n/a — method; prevents a confident false negative,n/a,"Dagger/Hilt/tiktok-DI codebases — i.e. most large modern apps, and all Google first-party apps",MASTG-TECH-0023 (Reviewing Decompiled Java Code),D06-services-aidl-bound-ipc.md,false,,,,
D06-010,D06,"Services, AIDL & Bound IPC",P5,M5,"Hook `onTransact` at runtime to recover codes, arguments and the real calling UID",critical,`broken_access_control.privilege_escalation` (null) — rated on the transaction reached,AM-03,Apps exposing AIDL services; requires a Frida-capable harness (D26),"MASTG-TECH-0042 (Getting Loaded Classes and Methods Dynamically), MASTG-TECH-0043 (Method Hooking), MASTG-TOOL-0001",D06-services-aidl-bound-ipc.md,false,,,,
D06-011,D06,"Services, AIDL & Bound IPC",P5,M5,Sweep the raw transaction space with the NPE-versus-`SecurityException` oracle,high,`broken_access_control.privilege_escalation` (null),AM-03,All Android versions with `service call`; essential when the interface is obfuscated and the method table is unrecoverable,"CVE-2026-0047 (""Phase 1: Confirming the Bug""), CWE-280",D06-services-aidl-bound-ipc.md,false,,,,
D06-012,D06,"Services, AIDL & Bound IPC",P5,M5,Raw `IBinder.transact()` bypasses hidden-API restrictions entirely,critical,`broken_access_control.privilege_escalation` (null); `sensitive_data_exposure.disclosure_of_secrets.for_internal_asset` (P3) or higher on what is returned,AM-03,Android 9+ (hidden-API blocklist era). The bypass property holds because the blocklist is an ART-level check that does not exist at the binder layer.,"CVE-2026-0047, CWE-280; MHL ""CVE-2026-0047: Stealing Screenshots from Every App with Zero Permissions"", PoC `github.com/mobilehackinglab/CVE-2026-0047-poc`; ATT&CK T1575",D06-services-aidl-bound-ipc.md,false,,,,
D06-013,D06,"Services, AIDL & Bound IPC",P5,M5,Audit the `dump*` / `*Proto` method family for a missing `DUMP` enforcement,critical,`sensitive_data_exposure.disclosure_of_secrets.for_publicly_accessible_asset` (P1) when the dumped data is rendered UI containing credentials or OTP screens,AM-03,AOSP/system-app and OEM assessments; also any app service that exposes a diagnostic method over binder,"CVE-2026-0047, CWE-280 (""Improper Handling of Insufficient Permissions or Privileges"")",D06-services-aidl-bound-ipc.md,false,,,,
D06-014,D06,"Services, AIDL & Bound IPC",P5,M5,Start the pipe reader thread *before* the transaction on any FD-returning API,support,n/a — prevents a false negative on a Critical,n/a,All `dumpsys`-shaped binder APIs and any AIDL method taking a `ParcelFileDescriptor`,"CVE-2026-0047 PoC, ""The critical implementation detail is pipe management""",D06-services-aidl-bound-ipc.md,false,,,,
D06-015,D06,"Services, AIDL & Bound IPC",P5,M5,No caller check anywhere in the `$Stub` body — the base bug of the domain,critical,`sensitive_data_exposure.disclosure_of_secrets.for_publicly_accessible_asset` (P1) when a method returns a token; `broken_authentication_and_session_management.authentication_bypass` (P1) when it mints or validates auth material; `broken_access_control.exposed_sensitive_android_intent` (null) for the primitive itself,AM-03,All,"MASTG-TEST-0365, MASWE-0018 (CWE-306, CWE-749, CWE-862), MASVS-PLATFORM-1, Mobile Top 10 2024 M3; Oversecured ""Vulnerabilities that lead to account takeover in banking and fintech mobile apps"", item 7 (AIDL Interface Abuse); H1 #384257 (Zomato, Low, $300 — ""leakage of access token of the user that leads to account takeover"")",D06-services-aidl-bound-ipc.md,false,,,,
D06-016,D06,"Services, AIDL & Bound IPC",P5,M5,`Binder.getCallingUid()` evaluated off the transaction thread returns *your own* UID,critical,`broken_authentication_and_session_management.authentication_bypass` (P1) — a total authorisation bypass on the IPC surface,AM-03,"All. Android ships the lint check `BinderGetCallingInMainThread` (""Incorrect usage of getCallingUid() or getCallingPid()"") — its presence in the build config is worth checking too.",Android Lint `BinderGetCallingInMainThread`; `android.os.Binder` (local calls return your own UID/PID; `getCallingUidOrThrow()` exists to fail closed when there is no remote caller); MASWE-0018,D06-services-aidl-bound-ipc.md,false,,,,
D06-017,D06,"Services, AIDL & Bound IPC",P5,M5,The three ways a permission check inside a Binder method is a no-op,high,"`broken_access_control.privilege_escalation` (null) — ""a permission check that does not fail closed is a complete access-control bypass""",AM-03,All,"Google `privacy-and-security/risks/intent-redirection` ""Common Mistakes to Avoid"" (assuming `checkCallingPermission()` throws exceptions instead of returning integers); MASTG-TEST-0365; MASWE-0018",D06-services-aidl-bound-ipc.md,false,,,,
D06-018,D06,"Services, AIDL & Bound IPC",P5,M5,`clearCallingIdentity()` scope creep — the confused deputy in one line,high,`broken_access_control.privilege_escalation` (null),AM-03,All,`android.os.Binder.clearCallingIdentity()` / `restoreCallingIdentity(long)`; Google `privacy-and-security/security-tips` (Binder/Messenger section); MASWE-0018,D06-services-aidl-bound-ipc.md,false,,,,
D06-019,D06,"Services, AIDL & Bound IPC",P5,M5,`getCallingPackage()` / `getCallingActivity()` used inside a Service,high,`broken_access_control.privilege_escalation` (null),AM-03,All,"Google `privacy-and-security/risks/intent-redirection` ""Common Mistakes to Avoid"" (relying on `getCallingActivity()` returning non-null); MASWE-0018",D06-services-aidl-bound-ipc.md,false,,,,
D06-020,D06,"Services, AIDL & Bound IPC",P5,M5,Caller allow-list keyed on package name with no signature check,high,`broken_access_control.privilege_escalation` (null); escalates to `broken_authentication_and_session_management.authentication_bypass` (P1) if the impersonated peer's methods mint auth material,AM-03,"All. The `<queries>` requirement at **targetSdk ≥ 30** makes hardcoded peer package names much more common, so the pattern is growing.","Google `privacy-and-security/risks/sender-of-pending-intents` (""You should always check if the calling package has the expected signature, as sideloaded packages can have package names overlapping with ones from the Play Store""); `risks/insecure-machine-to-machine`; MASWE-0018 (CWE-926)",D06-services-aidl-bound-ipc.md,false,,,,
D06-021,D06,"Services, AIDL & Bound IPC",P5,M5,UID→package resolution that assumes one package per UID,high,`broken_access_control.privilege_escalation` (null),AM-03 (with a shared-UID sibling) or AM-08,All; the exposure is real wherever the vendor ships a `sharedUserId` family,"Google ""Permission-based access control to exported components"" (the mitigation snippet uses `getNameForUid(callingUid)` compared against a hardcoded name — a pattern that must be paired with a signature check); MASWE-0018",D06-services-aidl-bound-ipc.md,false,,,,
D06-022,D06,"Services, AIDL & Bound IPC",P5,M5,Caller identity taken from `getCallingPid()` — the PID-reuse race,high,`broken_access_control.privilege_escalation` (null),AM-03,"All, but overwhelmingly a system/OEM-service finding. In a client app, look for it in any service doing its own caller authorisation.","CVE-2017-13236 (`getpidcon` permission bypass in the KeyStore service, EDB 43996); CVE-2017-13209 (hardware service manager arbitrary service replacement due to `getpidcon`, EDB 43513); CVE-2019-2023 (`getpidcon()` in hardware binder ServiceManager permits ACL bypass, EDB 46504); EDB 40381",D06-services-aidl-bound-ipc.md,false,,,,
D06-023,D06,"Services, AIDL & Bound IPC",P5,M5,The caller check never compares the Android **user id**,high,`broken_access_control.idor.modify_view_sensitive_information_iterable_object_identifiers` (P1) when the crossing yields another user's data,"AM-03 inside a work profile / Private Space / OEM clone, or AM-05","Android 5+ multi-user. Note that by default a second user cannot see user 0's packages — so prove whether your bind actually crossed; if it did not, test the **clone / work-profile** variant instead (same profile group, different UID).","Google Android & Google Devices programme in-scope impact ""Cross-user sensitive data access""; MASWE-0018",D06-services-aidl-bound-ipc.md,false,,,,
D06-024,D06,"Services, AIDL & Bound IPC",P5,M5,"Permission enforced only in `onBind()`, then the binder handle is relayed",high,`broken_access_control.privilege_escalation` (null),AM-03 (the relaying app holds nothing),All,"Google ""Permission-based access control to exported components"" (recommends `enforceCallingPermission()` and per-method `Binder.getCallingUid()` validation); `android.os.Binder.linkToDeath`/`isBinderAlive` (binder handles are first-class transferable objects); MASWE-0018",D06-services-aidl-bound-ipc.md,false,,,,
D06-025,D06,"Services, AIDL & Bound IPC",P5,M5,Session state cleaned up only in `binderDied()`,high,`broken_authentication_and_session_management.authentication_bypass` (P1) when the surviving session is an authenticated one,AM-03,All services that keep per-client state keyed to a binder token,"`android.os.Binder.linkToDeath(DeathRecipient, int)`, `isBinderAlive()`; MASWE-0018",D06-services-aidl-bound-ipc.md,false,,,,
D06-026,D06,"Services, AIDL & Bound IPC",P5,M5,The guarding permission's `protectionLevel` is not `signature`,high,`broken_access_control.privilege_escalation` (null),AM-03 (requests the permission) or AM-04,All apps defining a custom permission to guard a service,"MASTG-TEST-0365, MASWE-0018; cross-reference D03",D06-services-aidl-bound-ipc.md,false,,,,
D06-027,D06,"Services, AIDL & Bound IPC",P5,M5,Exported service reached through `onStartCommand` — the path reviewers skip,critical,`broken_access_control.exposed_sensitive_android_intent` (null — rated on the action); `insecure_os_firmware.command_injection` (P1) if the service shells out,AM-03,"All. `startService` from the background is restricted on API 26+ — use `startForegroundService` semantics or bind instead; a refusal there is a platform limitation, not app hardening.","MASTG-TEST-0365, MASTG-TECH-0161, MASTG-TOOL-0015 (drozer `app.service.start` / `app.service.stop`); CVE-2015-7889 / EDB 38558 (Samsung `QuickReplyService`, action `com.samsung.android.email.intent.action.QUICK_REPLY_BACKGROUND`, no permission, composed and sent the victim's message to any address the caller named)",D06-services-aidl-bound-ipc.md,false,,,,
D06-028,D06,"Services, AIDL & Bound IPC",P5,M5,"Service as a network-egress confused deputy — attacker URL, victim's credentials",critical,`sensitive_data_exposure.disclosure_of_secrets.for_publicly_accessible_asset` (P1) for the exfiltrated bearer token; `broken_access_control.exposed_sensitive_android_intent` (null) for the reach,AM-03,All,MASWE-0018; ATT&CK T1635 (Steal Application Access Token); Mobile Top 10 2024 M3,D06-services-aidl-bound-ipc.md,false,,,,
D06-029,D06,"Services, AIDL & Bound IPC",P5,M5,Upload-helper service with caller-chosen file **and** destination,critical,`sensitive_data_exposure.disclosure_of_secrets.for_publicly_accessible_asset` (P1) when the exfiltrated file contains session cookies or credentials,AM-03,"All; library-contributed services are the usual source, so this needs the merged manifest (D06-001)","H1 #258460 (Quora, Medium — ""It's really serious vulnerability which allows to takeover accounts""); B3nac index ""Steal files due to exported services""; MASWE-0018 (CWE-306)",D06-services-aidl-bound-ipc.md,false,,,,
D06-030,D06,"Services, AIDL & Bound IPC",P5,M5,"AIDL method that trusts a caller-supplied `savePath` / `filename` — write into `app_lib`, get RCE",critical,`server_side_injection.remote_code_execution_rce` (P1),AM-03,"All apps whose bound interface accepts a path, filename or URL","Oversecured TikTok — `com.ss.android.socialbase.downloader.downloader.IndependentProcessDownloadService` exposing `tryDownload()` (URL, filename, path) → wrote `/data/user/0/com.zhiliaoapp.musically/app_lib/libuserinfo.so`, loaded on restart; CWE-73 (External Control of Filename or Path); MASWE-0050",D06-services-aidl-bound-ipc.md,false,,,,
D06-031,D06,"Services, AIDL & Bound IPC",P5,M5,Stopping a security-relevant service from an unprivileged app,medium,`application_level_denial_of_service_dos.high_impact_and_or_medium_difficulty` (P3) when it durably disables a control; P5 when it is transient,AM-03,All,"drozer `app.service.stop` — ""Formulate an Intent to stop a service, and deliver it to another application""; MASTG-TOOL-0015",D06-services-aidl-bound-ipc.md,false,,,,
D06-032,D06,"Services, AIDL & Bound IPC",P5,M5,`Messenger` service — enumerate every `what` code and every `Bundle` key,critical,`broken_authentication_and_session_management.authentication_bypass` (P1) when a `what` code reaches a credential-validation branch; `sensitive_data_exposure.disclosure_of_secrets.for_publicly_accessible_asset` (P1) when a reply carries a token,AM-03,Apps exposing `Messenger`/`Handler`-based services,"MASTG-TEST-0365, MASTG-TECH-0161 (shows the `--bundle-as-obj` form verbatim), MASTG-TEST-0029 (deprecated; source of the Sieve `AuthService` `MSG_SET /*6345*/`, `TYPE_KEY /*7452*/` walkthrough), MASTG-TOOL-0015",D06-services-aidl-bound-ipc.md,false,,,,
D06-033,D06,"Services, AIDL & Bound IPC",P5,M5,"`Messenger` IPC is structurally unauthenticatable with the public SDK — say so, then test it",critical,`broken_authentication_and_session_management.authentication_bypass` (P1),AM-03,Every app exposing an exported `Messenger`,"Google `privacy-and-security/security-tips`: ""If you are creating an interface that requires authentication and/or access controls, you must explicitly add those controls as code in the `Binder` or `Messenger` interface""; Android Lint `BinderGetCallingInMainThread`; MASWE-0018",D06-services-aidl-bound-ipc.md,false,,,,
D06-034,D06,"Services, AIDL & Bound IPC",P5,M5,`msg.replyTo` trusted as the result channel — and as a binder the target now holds,high,`sensitive_data_exposure.disclosure_of_secrets.for_publicly_accessible_asset` (P1) when the reply carries a token; otherwise `sensitive_data_exposure.disclosure_of_secrets.pii_leakage_exposure` (null),AM-03,Apps whose `Messenger` protocol replies to `msg.replyTo`,Google bound-service model; MASWE-0018; MASWE-0036,D06-services-aidl-bound-ipc.md,false,,,,
D06-035,D06,"Services, AIDL & Bound IPC",P5,M5,Exported entry point that starts a `camera` / `microphone` / `location` foreground service,critical,`sensitive_data_exposure.disclosure_of_secrets.pii_leakage_exposure` (null — rate on the capture); `broken_access_control.privilege_escalation` (null) for the permission-model bypass,AM-03,"**targetSdk 34+** (mandatory `android:foregroundServiceType`). The platform blocks background starts for while-in-use types unless the app is visible or exempt, so the PoC must start from a visible-app state or an exempt path — **record which, because it changes the severity.**","`develop/background-work/services/fgs/service-types` (type ↔ permission table); `about/versions/14/behavior-changes-14`; ATT&CK T1541 (Foreground Persistence), T1513 (Screen Capture); MASWE-0018",D06-services-aidl-bound-ipc.md,false,,,,
D06-036,D06,"Services, AIDL & Bound IPC",P5,M5,`specialUse` foreground service — compare the declared subtype with what the service does,medium,`sensitive_data_exposure.disclosure_of_secrets.pii_leakage_exposure` (null) when the work is sensor or PII collection,AM-12 for the observation; the *finding* is a privacy/disclosure one about the app itself,targetSdk 34+,"`develop/background-work/services/fgs/service-types` (`specialUse` requires `<property android:name=""android.app.PROPERTY_SPECIAL_USE_FGS_SUBTYPE"" …/>`, reviewed by Play); ATT&CK T1541",D06-services-aidl-bound-ipc.md,false,,,,
D06-037,D06,"Services, AIDL & Bound IPC",P5,M5,`systemExempted` FGS type claimed by an app with no qualifying role,medium,`broken_access_control.privilege_escalation` (null) — background-execution restriction bypass,n/a (app-configuration finding),targetSdk 34+,"`develop/background-work/services/fgs/service-types` (`systemExempted` qualifying-conditions list: demo mode, Device Owner, Profile Owner, Emergency role, Device Admin, `SCHEDULE_EXACT_ALARM`/`USE_EXACT_ALARM`, or a VPN app)",D06-services-aidl-bound-ipc.md,false,,,,
D06-038,D06,"Services, AIDL & Bound IPC",P5,M5,FGS timeout budgets as a starvation attack on a security-relevant background task,medium,`application_level_denial_of_service_dos.high_impact_and_or_medium_difficulty` (P3) when the starved task is a revocation or policy refresh,AM-06 / AM-09 (needs to slow the app's own endpoint),`shortService`: targetSdk 34+. The 6-hour `dataSync`/`mediaProcessing` cap: **targetSdk 35+ (Android 15).**,"`develop/background-work/services/fgs/service-types` (`shortService` ~3-minute limit, `Service.onTimeout(int, int)`, not sticky, cannot start other FGSs, ANR on overrun); `about/versions/15/behavior-changes-15` (6-hour cumulative cap per 24 h, `FOREGROUND_SERVICE_TYPE_MEDIA_PROCESSING`, `FGS_INTRODUCE_TIME_LIMITS`)",D06-services-aidl-bound-ipc.md,false,,,,
D06-039,D06,"Services, AIDL & Bound IPC",P5,M5,Android 15 FGS start restrictions — the fallback path is the finding,medium,`application_level_denial_of_service_dos.high_impact_and_or_medium_difficulty` (P3) when a security control fails to re-arm,n/a for the restriction; the fallback is rated on its own shape,**targetSdk 35+ (Android 15)**,"`about/versions/15/behavior-changes-15` — `FGS_BOOT_COMPLETED_RESTRICTIONS` (blocks `dataSync`, `camera`, `mediaPlayback`, `phoneCall`, `mediaProjection`, `microphone` FGS types from a `BOOT_COMPLETED` receiver) and `FGS_SAW_RESTRICTIONS` (`SYSTEM_ALERT_WINDOW` exemption now requires a **visible** `TYPE_APPLICATION_OVERLAY` window; `View.getWindowVisibility()`, `View.onWindowVisibilityChanged(int)`)",D06-services-aidl-bound-ipc.md,false,,,,
D06-040,D06,"Services, AIDL & Bound IPC",P5,M5,Background FGS launch used to acquire while-in-use permissions,high,`broken_access_control.privilege_escalation` (null) — a permission-model bypass with a privacy payload,AM-03,Android 10+ for while-in-use semantics; Android 12+ for background FGS-launch restrictions. **Cite the API level you proved it on.**,"Google Android & Google Devices in-scope impact, ""Activity & Intent Spoofing"" — ""unprivileged background Foreground Service (FGS) launches to gain while-in-use permissions""; ""While-In-Use (WIU) Abuse: Retaining sensitive WIU/One-Time permissions past process death or reboot, or launching services from background with undesired access to sensitive WIU permissions""; ATT&CK T1541",D06-services-aidl-bound-ipc.md,false,,,,
D06-041,D06,"Services, AIDL & Bound IPC",P5,M5,Attribute every declared `foregroundServiceType` — and every service — to its owning package namespace,medium,`broken_access_control.privilege_escalation` (null) — a third party holds a sensitive background capability inside the app's UID,AM-08 (malicious or compromised third-party SDK); AM-03 once an exported entry point can start that service,targetSdk 34+ for the mandatory type declaration; all targetSdk for the service-ownership question,"`develop/background-work/services/fgs/service-types` (the full type ↔ permission table: `camera`/`FOREGROUND_SERVICE_CAMERA`, `microphone`/`FOREGROUND_SERVICE_MICROPHONE`, `location`, `health`, `mediaProjection`, `connectedDevice`, `dataSync`, `mediaProcessing`, `remoteMessaging`, `shortService`, `specialUse`, `systemExempted`); `about/versions/13/behavior-changes-13` (SDK-declared permissions auto-merge into the app manifest); MASWE-0018",D06-services-aidl-bound-ipc.md,false,,,,
D06-042,D06,"Services, AIDL & Bound IPC",P5,M5,Implicit `Intent` used to start or bind a service — the attacker answers,high,`broken_access_control.exposed_sensitive_android_intent` (null); Critical when the forged answer is an entitlement or auth verdict,AM-03,"All. `bindService()` with an implicit Intent **throws from API 21**, so verify the real code path; `startService()` with an implicit Intent is not blocked the same way on older code paths, and package visibility at targetSdk 30+ narrows discovery but not delivery.","Google `guide/components/intents-filters` — ""Using an implicit intent to start a service is a security hazard because you can't be certain what service will respond to the intent, and the user can't see which service starts""; `privacy-and-security/security-tips` (""Never use implicit intents with `bindService()`""); Android Studio's ""Implicit Internal Intent"" ASI campaign; Bugcrowd's own remediation text for `broken_access_control.exposed_sensitive_android_intent` repeats the same warning",D06-services-aidl-bound-ipc.md,false,,,,
D06-043,D06,"Services, AIDL & Bound IPC",P5,M5,"The app binds a peer resolved by package name, with no signature check on the connection",high,`broken_access_control.exposed_sensitive_android_intent` (null),AM-03,All; the `<queries>` block at targetSdk 30+ is where the trusted peer names are written down,Google `privacy-and-security/risks/insecure-machine-to-machine` (MASVS-CODE); D01's `<queries>` trust-graph item,D06-services-aidl-bound-ipc.md,false,,,,
D06-044,D06,"Services, AIDL & Bound IPC",P5,M5,`BIND_ALLOW_ACTIVITY_STARTS` handed to a third-party service,high,`broken_access_control.privilege_escalation` (null) — a delegated background activity launch,AM-03 (the peer) or AM-08,**targetSdk 34+**,`about/versions/14/behavior-changes-14` (`Context.BIND_ALLOW_ACTIVITY_STARTS`); `guide/components/activities/background-starts`,D06-services-aidl-bound-ipc.md,false,,,,
D06-045,D06,"Services, AIDL & Bound IPC",P5,M5,"gRPC-over-binder — the `SecurityPolicy` is the caller check, not the manifest",critical,`broken_access_control.privilege_escalation` (null); `sensitive_data_exposure.disclosure_of_secrets.for_publicly_accessible_asset` (P1) on what the RPCs return,AM-03,Google/GMS-family apps and anything using grpc-binder,"Local senior-researcher corpus, gRPC-over-binder section; MASWE-0018",D06-services-aidl-bound-ipc.md,false,,,,
D06-046,D06,"Services, AIDL & Bound IPC",P5,M5,Privileged listener service declared **without** its `BIND_*` permission,high,`broken_access_control.privilege_escalation` (null) — rated on what the callback accepts,AM-03,"All. Declaration-side issue, independent of targetSdk.","MASWE-0018 (Lack of Authentication or Authorization on App Components); MASVS-PLATFORM; Oversecured banking write-up ""AIDL Interface Abuse — service exposes AIDL interface performing auth operations without validating calling UID/package""",D06-services-aidl-bound-ipc.md,false,,,,
D06-047,D06,"Services, AIDL & Bound IPC",P5,M5,"The app's own `AccessibilityService`, and the app's exposure to someone else's",critical,`broken_authentication_and_session_management.authentication_bypass` (P1) when screen scrape plus gesture injection completes a transaction,"AM-04 (the user must enable the service — a single user action, not an exploit)","All. `accessibilityDataSensitive` is **Android 16+**; `android:filterTouchesWhenObscured=""true""` implicitly enables it.","`guide/topics/ui/accessibility/service` (`canRetrieveWindowContent`, `canPerformGestures`, `dispatchGesture`, `AccessibilityNodeInfo.performAction`); `privacy-and-security/risks/tapjacking`; ATT&CK T1513 (Screen Capture), T1516 (Input Injection), T1663 (Remote Access Software); MASWE-0039",D06-services-aidl-bound-ipc.md,false,,,,
D06-048,D06,"Services, AIDL & Bound IPC",P5,M5,`NotificationListenerService` as an OTP and `PendingIntent` siphon,critical,`broken_authentication_and_session_management.two_fa_bypass` (P3) at the VRT default; request P1 `authentication_bypass` when the captured OTP completes an account takeover end to end,AM-04 (the user grants notification access),All,"AOSP `NotificationListenerService.java` (permission, `SERVICE_INTERFACE`, `onNotificationPosted`, `getActiveNotifications`, `cancelNotification`, `snoozeNotification`); `reference/android/service/notification/NotificationListenerService` (`Notification.extras`, `EXTRA_TEXT`, `contentIntent`); `privacy-and-security/risks/sender-of-pending-intents` (names the listener as the acquisition vector); ATT&CK T1517 (Access Notifications), T1636.004 (SMS Messages); MASWE-0037; MASTG-TEST-0005",D06-services-aidl-bound-ipc.md,false,,,,
D06-049,D06,"Services, AIDL & Bound IPC",P5,M5,Sensitive fields not excluded from the Autofill `AssistStructure`,medium,`sensitive_data_exposure.disclosure_of_secrets.pii_leakage_exposure` (null),AM-04 (the user enables a third-party autofill or accessibility consumer),API 26+,"`identity/autofill/autofill-services` (`AssistStructure` traversal, `IMPORTANT_FOR_AUTOFILL_YES/NO/AUTO`, `setDataIsSensitive()`, `BIND_AUTOFILL_SERVICE`, action `android.service.autofill.AutofillService`); MASWE-0036, MASWE-0040, MASWE-0019",D06-services-aidl-bound-ipc.md,false,,,,
D06-050,D06,"Services, AIDL & Bound IPC",P5,M5,`TileService` action performed while the device is locked,high,`broken_access_control.bypass_of_password_confirmation.change_password` (P4) shape for a state toggle; rate higher via `broken_access_control.privilege_escalation` (null) when the tile performs a financial or data-revealing action,"AM-10 (physical access, device locked) — check the programme's rules before spending time here",API 24+ for `TileService`; the `startActivityAndCollapse(PendingIntent)` form is API 34+,"`develop/ui/views/quicksettings-tiles` — ""Your tile may display on top of the lock screen on locked devices"", with `isLocked()`/`isSecure()`/`unlockAndRun(Runnable)` as the required guards; MASWE-0023 (Step-Up Authentication Not Implemented)",D06-services-aidl-bound-ipc.md,false,,,,
D06-051,D06,"Services, AIDL & Bound IPC",P5,M5,Exported `SliceProvider` whose `onBindSlice` acts on the URI,medium,`sensitive_data_exposure.disclosure_of_secrets.pii_leakage_exposure` (null); `broken_access_control.privilege_escalation` (null) for an unauthenticated state change,AM-03,"Apps shipping AndroidX Slices — declining in prevalence, so almost never reviewed","`guide/slices/getting-started` (provider XML, `android.app.slice.category.SLICE`, `onBindSlice`); MASWE-0036",D06-services-aidl-bound-ipc.md,false,,,,
D06-052,D06,"Services, AIDL & Bound IPC",P5,M5,`AppWidgetProvider` accepts a forged `APPWIDGET_UPDATE` or custom action,high,`broken_access_control.exposed_sensitive_android_intent` (null); `sensitive_data_exposure.disclosure_of_secrets.for_publicly_accessible_asset` (P1) if the handler exfiltrates the cached session token,AM-03,All apps shipping a home-screen widget,"`develop/ui/views/appwidgets` (the receiver is declared `android:exported=""true""` with the `APPWIDGET_UPDATE` filter); `privacy-and-security/risks/insecure-broadcast-receiver`; MASWE-0018",D06-services-aidl-bound-ipc.md,false,,,,
D06-053,D06,"Services, AIDL & Bound IPC",P5,M5,`MediaBrowserService` with no `onGetRoot` package validation,high,`sensitive_data_exposure.disclosure_of_secrets.pii_leakage_exposure` (null); `broken_access_control.idor.view_sensitive_information_iterable_object_identifiers` (P3) when media ids are directly fetchable,AM-03,"All apps with media playback; **any targetSdk** — the intent filter *is* the export, so the targetSdk 31 explicit-export rules do not close it","`guide/topics/media-apps/audio-app/building-a-mediabrowserservice` — action `android.media.browse.MediaBrowserService`; ""If the method returns null, the connection is refused""; ""(Optional) Control the level of access for the specified package name. You'll need to write your own logic to do this""; `PackageValidator` in the `android/uamp` sample; MASWE-0018",D06-services-aidl-bound-ipc.md,false,,,,
D06-054,D06,"Services, AIDL & Bound IPC",P5,M5,`CarAppService` shipped with `ALLOW_ALL_HOSTS_VALIDATOR`,high,`sensitive_data_exposure.disclosure_of_secrets.pii_leakage_exposure` (null); `broken_access_control.privilege_escalation` (null) for the command channel,AM-03,Any app shipping an Android for Cars integration (categories `androidx.car.app.category.NAVIGATION` / `.POI` / `.IOT` / `.WEATHER`),`training/cars/apps` — the docs name `createHostValidator()` and `HostValidator.ALLOW_ALL_HOSTS_VALIDATOR` and explicitly warn to validate the binding host; MASWE-0018,D06-services-aidl-bound-ipc.md,false,,,,
D06-055,D06,"Services, AIDL & Bound IPC",P5,M5,`WearableListenerService` path routing with no node or capability verification,high,"`broken_authentication_and_session_management.authentication_bypass` (P1) when a path carries a ""user authenticated"" claim the phone trusts",AM-03,"Any app with a Wear OS companion. The Data Layer is Android-phone-only, so the path set is often *less* tested than the main app's API.","`training/wearables/data/data-layer` and `.../data/messages` (`DataClient`, `MessageClient`, `WearableListenerService`, `sendMessage(nodeId, path, data)`); MASWE-0018, MASWE-0032",D06-services-aidl-bound-ipc.md,false,,,,
D06-056,D06,"Services, AIDL & Bound IPC",P5,M5,"`ChooserTargetService` — LEGACY, but still shipping in old code",medium,`sensitive_data_exposure.disclosure_of_secrets.pii_leakage_exposure` (null),AM-03 when the bind permission is missing; otherwise the finding is the data the targets disclose,"**LEGACY — deprecated at API 30**, superseded by sharing shortcuts / `ShortcutManager` Direct Share. Live only where the app still declares it.","Local senior-researcher corpus, ""privileged listener/service surfaces — validated action, unvalidated caller""; MASWE-0018, MASWE-0036",D06-services-aidl-bound-ipc.md,false,,,,
D06-057,D06,"Services, AIDL & Bound IPC",P5,M5,`androidx.startup.InitializationProvider` — the pre-authentication code path nobody wrote,medium,`sensitive_data_exposure.disclosure_of_secrets.pii_leakage_exposure` (null); the install-collision variant is availability only,AM-08 (an SDK's initializer) for the code path; AM-03 for the authority-collision hypothesis,"Any app using AndroidX App Startup, Firebase or WorkManager","`topic/libraries/app-startup` (provider XML, authority format `${applicationId}.androidx-startup`, documented `android:exported=""false""`); MASWE-0069",D06-services-aidl-bound-ipc.md,false,,,,
D06-058,D06,"Services, AIDL & Bound IPC",P5,M5,`JobService` missing `BIND_JOB_SERVICE`,high,`broken_access_control.privilege_escalation` (null),AM-03,All apps using `JobScheduler` or WorkManager (which contributes `SystemJobService`),"`reference/android/app/job/JobScheduler` (`BIND_JOB_SERVICE`, `setPersisted` + `RECEIVE_BOOT_COMPLETED`, `setExtras` persisted vs `setTransientExtras` in-memory); `about/versions/14/behavior-changes-14` (`ACCESS_NETWORK_STATE` now required for `setRequiredNetworkType()`/`setRequiredNetwork()` or `SecurityException`; ANR on `onStartJob`/`onStopJob` overrun); MASWE-0018",D06-services-aidl-bound-ipc.md,false,,,,
D06-059,D06,"Services, AIDL & Bound IPC",P5,M5,WorkManager's persisted `WorkSpec` input and its injected components,high,`sensitive_data_exposure.disclosure_of_secrets.for_publicly_accessible_asset` (P1) when a live token is recovered from the persisted input; `insecure_data_storage.sensitive_application_data_stored_unencrypted.on_internal_storage` (P5) for the storage fact alone,AM-03 only once the reach is proved (see the escalation); AM-11/AM-12 for the observation,All apps using WorkManager,`topic/libraries/architecture/workmanager` (SQLite persistence and the injected components); MASTG-TEST-0007,D06-services-aidl-bound-ipc.md,false,,,,
D06-060,D06,"Services, AIDL & Bound IPC",P5,M5,`WorkManager` / `AlarmManager` job input hijack from an exported entry point,high,`broken_access_control.exposed_sensitive_android_intent` (null); `sensitive_data_exposure.disclosure_of_secrets.for_publicly_accessible_asset` (P1) when the delayed request carries the victim's token to your host,AM-03,All,MASWE-0018; cross-reference D05 (the receiver entry point) and D14 (the endpoint),D06-services-aidl-bound-ipc.md,false,,,,
D06-061,D06,"Services, AIDL & Bound IPC",P5,M5,`androidx.work.multiprocess` — `RemoteWorkerService` is a bound service with a parcel boundary,high,`broken_access_control.privilege_escalation` (null),AM-03,Any app declaring `android:process` or using multiprocess WorkManager,Corpus note that the `androidx/work/multiprocess/RemoteWorkerService` reference page did not render — **verify the class's declaration in the merged manifest of the app under test rather than citing documented behaviour**; michalbednarski/ReparcelBug2 (CVE-2021-0928) and TheLastBundleMismatch (CVE-2023-45777) for the mismatch class,D06-services-aidl-bound-ipc.md,false,,,,
D06-062,D06,"Services, AIDL & Bound IPC",P5,M5,"`JobIntentService` entry points — LEGACY, and still the enqueue path in old builds",high,`broken_access_control.exposed_sensitive_android_intent` (null),AM-03,**LEGACY** — deprecated in favour of `WorkManager`; live wherever an app still ships a `JobIntentService` subclass,Local senior-researcher corpus (exported `WorkManager`/`JobIntentService` entry points listed among the privileged listener surfaces); MASWE-0018,D06-services-aidl-bound-ipc.md,false,,,,
D06-063,D06,"Services, AIDL & Bound IPC",P5,M5,A security decision implemented as a `oneway` transaction,high,"`broken_authentication_and_session_management.failure_to_invalidate_session.on_logout` (P4) when a ""revoke""/""logout"" call can be dropped; `broken_access_control.privilege_escalation` (null) when the dropped call is a lock or entitlement revocation","AM-03 (must be able to interpose, typically via D06-042) or AM-08",All,"AOSP ""Binder threading"" — one-way calls return immediately; ordering is guaranteed only within a single interface; the driver reserves a separate async area. `android.os.Binder.FLAG_ONEWAY`.",D06-services-aidl-bound-ipc.md,false,,,,
D06-064,D06,"Services, AIDL & Bound IPC",P5,M5,Transaction-buffer exhaustion and a fail-open `TransactionTooLargeException` catch,high,`application_level_denial_of_service_dos.high_impact_and_or_medium_difficulty` (P3) for the availability effect; `broken_access_control.privilege_escalation` (null) when the exception path is a fail-open branch,AM-03,All,"`android.os.TransactionTooLargeException` javadoc: ""The Binder transaction buffer has a limited fixed size, currently 1MB, which is shared by all transactions in progress for the process… this exception can be thrown when there are many transactions in progress even when most of the individual transactions are of moderate size.""",D06-services-aidl-bound-ipc.md,false,,,,
D06-065,D06,"Services, AIDL & Bound IPC",P5,M5,A `ParcelFileDescriptor` returned over binder is a live FD in your process,critical,`server_side_injection.file_inclusion.local` (P1) for a sandbox-crossing read; `server_side_injection.remote_code_execution_rce` (P1) when the FD is writable and the file is later loaded,AM-03,All,"AOSP ""Binder IPC"" (a `Parcel` carries active objects — binder references and file descriptors); `ParcelFileDescriptor` as the standard AIDL FD carrier; MASTG-TEST-0007",D06-services-aidl-bound-ipc.md,false,,,,
D06-066,D06,"Services, AIDL & Bound IPC",P5,M5,The app's own `Parcelable` has a `writeToParcel`/`createFromParcel` mismatch,critical,`broken_access_control.privilege_escalation` (null); Critical when it turns a validated object into a different one after the boundary,AM-03,"Any app that passes its own `Parcelable`s across a process boundary — a `:remote` service, multiprocess WorkManager, widget `RemoteViews`, or AIDL","michalbednarski/ReparcelBug2 — **CVE-2021-0928** (""a `writeToParcel`/`createFromParcel` serialization mismatch in `OutputConfiguration`""); michalbednarski/LeakValue — **CVE-2022-20452**; michalbednarski/TheLastBundleMismatch — **CVE-2023-45777** (bypass of Android 13's Lazy Bundle mitigation because `AccountManagerService.checkKeyIntent()` used the untyped `bundle.getParcelable(KEY_INTENT)`); MASWE-0050",D06-services-aidl-bound-ipc.md,false,,,,
D06-067,D06,"Services, AIDL & Bound IPC",P5,M5,"`isolatedProcess` — a real containment boundary, in both directions",support,n/a standalone — it modifies the rating of a memory-safety finding,n/a,Android 4.1+,"`guide/topics/manifest/service-element` (`isolatedProcess`); AOSP security-model paper Table 2 (Android 4.1): ""Isolated process: Apps may run services in a process with no Android permissions and access to only two binder services. For example, the Chrome browser runs its renderer in an isolated process"", mitigating [T.A3][T.A2][T.A5][T.A6][T.A7]; SELinux `isolated_app` domain",D06-services-aidl-bound-ipc.md,false,,,,
D06-068,D06,"Services, AIDL & Bound IPC",P5,M5,Binder domains and vendor interfaces are not app-reachable — the false-positive gate,support,n/a — this gate stops an over-rated report,n/a,"Android 8+ (multiple binder contexts, introduced with Treble); the AIDL-HAL variant is Android 11+ and OEM/vendor images only","AOSP ""Binder IPC"": `/dev/binder` = framework/app AIDL, `/dev/hwbinder` = framework↔vendor and vendor↔vendor HIDL, `/dev/vndbinder` = vendor↔vendor AIDL with its own `vndservicemanager`; contexts are isolated so ""binder nodes passed through a specific context are accessible only within that same context""; `ProcessState::initWithDriver(""/dev/vndbinder"")`. AOSP ""AIDL for HALs"": `@VintfStability` + `stability: ""vintf""`; `vts_treble_vintf_vendor_test` verifies frozen interfaces ""are frozen at a known released version… both sides of the interface agree on the exact definition"".",D06-services-aidl-bound-ipc.md,false,,,,
D06-069,D06,"Services, AIDL & Bound IPC",P5,M5,"Binder threadpool re-entrancy — check-then-act races, proved statistically",high,`broken_access_control.privilege_escalation` (null); `broken_access_control.idor.modify_sensitive_information_iterable_object_identifiers` (P2) when the race duplicates a ledger entry,AM-03,All,"`guide/components/processes-and-threads` — ""`IBinder` methods execute in a thread pool, not the UI thread""; ContentProvider `query/insert/delete/update/getType` ""are called from a pool of threads… must be implemented as thread-safe""; AOSP ""Binder threading"" (per-process shared threadpool, reentrancy on the same binder thread for nested calls)",D06-services-aidl-bound-ipc.md,false,,,,
D06-070,D06,"Services, AIDL & Bound IPC",P5,M5,Local socket or localhost HTTP server bound by the app without authentication,critical,`sensitive_data_exposure.disclosure_of_secrets.for_publicly_accessible_asset` (P1) when bound to `0.0.0.0` and serving data or commands to the LAN; `broken_access_control.privilege_escalation` (null) for localhost-only,AM-03 for localhost; **AM-06** for a `0.0.0.0` bind,All. Frequently a leftover from React Native / Flutter debug tooling — cross-check D19.,"MASWE-0018 mode ""Binding a local web service or open port that accepts connections without authentication"" (CWE-306, CWE-749); MASTG-TECH-0028 (Get Open Connections); MASVS-PLATFORM-1; Mobile Top 10 2024 M3/M8",D06-services-aidl-bound-ipc.md,false,,,,
D06-071,D06,"Services, AIDL & Bound IPC",P5,M5,Shell-backed binder brokers (Shizuku-class) as an assumed-privilege path,support,`broken_access_control.privilege_escalation` (null),AM-04 (the user completes the pairing flow),"Android 11+ (wireless debugging pairing). Boundaries still apply: shell cannot read `/data/user/0/<pkg>`, and shell permissions are trimmed by release and by OEM.",HackTricks `shizuku-privileged-api.md`; ATT&CK T1626 (Abuse Elevation Control Mechanism),D06-services-aidl-bound-ipc.md,false,,,,
D06-072,D06,"Services, AIDL & Bound IPC",P5,M5,Service acting as a network proxy or registering a `VpnService`,critical,`broken_access_control.privilege_escalation` (null); `sensitive_data_exposure.disclosure_of_secrets.pii_leakage_exposure` (null) for the redirected traffic,AM-06 for a LAN-reachable listener; AM-09 for the VPN case,All,"ATT&CK T1604 (Proxy Through Victim — ""On Android specifically, attackers can use the `Proxy` API to establish SOCKS proxy connections or interact with raw sockets directly""; Exobot S0522 ""can open a SOCKS proxy connection through the compromised device""); T1638 (Adversary-in-the-Middle — ""a malicious application may register itself as a VPN client, effectively redirecting device traffic to adversary-owned resources""); T1428 (Exploitation of Remote Services); DressCode S0300 ""general purpose tunnel""; mitigation M1012",D06-services-aidl-bound-ipc.md,false,,,,
D06-073,D06,"Services, AIDL & Bound IPC",P5,M5,Remote-support / screen-share module embedded as a service,critical,`broken_authentication_and_session_management.authentication_bypass` (P1) when a session can be started or joined without per-session user consent,AM-01 / AM-02 depending on how a session is initiated,All. `MediaProjection` requires a user-consent dialog per session — verify the app does not cache or reuse the projection token beyond its session.,"ATT&CK T1663 (Remote Access Software — names ""VNC, TeamViewer, AirDroid, AirMirror"" and notes such software ""typically requires many privileged permissions, such as accessibility services or device administrator""), T1513 (Screen Capture), T1516 (Input Injection); mitigation M1012",D06-services-aidl-bound-ipc.md,false,,,,
D06-074,D06,"Services, AIDL & Bound IPC",P5,M5,Cast / remote-playback session as an unauthenticated control and content channel,high,`sensitive_data_exposure.disclosure_of_secrets.for_publicly_accessible_asset` (P1) when the cast payload carries a reusable account token; `broken_access_control.privilege_escalation` (null) for a signed-URL entitlement bypass,AM-06 (same LAN),Apps integrating the Google Cast SDK or remote playback,"No external identifier verified in this session — cite the captured traffic, not a standard.",D06-services-aidl-bound-ipc.md,false,,,,
D06-075,D06,"Services, AIDL & Bound IPC",P5,M5,"THE LAYER-ORDERING TRAP, binder edition — an argument error does not prove you passed the caller check",support,n/a,n/a,"**Every** auth-bypass claim in this chapter, and every APK-derived HTTP endpoint the service calls","`triage-validation` ""THE LAYER-ORDERING TRAP""; CVE-2026-0047 (""Phase 1: Confirming the Bug"") for the binder-side oracle",D06-services-aidl-bound-ipc.md,false,,,,
D06-076,D06,"Services, AIDL & Bound IPC",P5,M5,Shadow API — the bound service is a bridge to an older backend version,critical,`broken_authentication_and_session_management.authentication_bypass` (P1) when the old version accepts no token; `broken_access_control.idor.view_sensitive_information_iterable_object_identifiers` (P3) for a field-exposure regression,AM-01 (against the backend) reached via AM-03 (against the service),Any versioned API — and the app's hardcoded calls are the number-one source of old-version endpoints,`hunt-shadow-api` Stages 1 & 3 and its severity table,D06-services-aidl-bound-ipc.md,false,,,,
D06-077,D06,"Services, AIDL & Bound IPC",P5,M5,Confirm the SELinux domain before claiming an escalation `untrusted_app` cannot perform,support,n/a,n/a,Android 5.x+ (SELinux enforcing for all userspace); Android 9+ for the per-app SELinux sandbox at targetSdk ≥ 28,"source.android.com SELinux concepts (contexts, `permissive=0` meaning enforcing) and device-policy (the note that excluding `untrusted_app` from a rule is ""trivial to work around because all apps may optionally run services in the `isolated_app` domain"" — which cuts both ways, since `isolated_app` is strictly weaker)",D06-services-aidl-bound-ipc.md,false,,,,
D06-078,D06,"Services, AIDL & Bound IPC",P5,M5,Marker discipline and the body-diff rule for binder returns,support,n/a,n/a,"Every ""the service returned my data"" and ""the service consumed my input"" claim","`bb-methodology` PART 4 (Marker Discipline, Body-Diff Rule)",D06-services-aidl-bound-ipc.md,false,,,,
D06-079,D06,"Services, AIDL & Bound IPC",P5,M5,Evidence hygiene for a service-driven state change,support,n/a,n/a,"Every state-change finding in this chapter (credential overwrite, entitlement flip, service stop, file drop)","`evidence-hygiene` §§2, 4, 5, 6, 7, 8",D06-services-aidl-bound-ipc.md,false,,,,
D06-080,D06,"Services, AIDL & Bound IPC",P5,M5,`adb shell` is UID 2000 — re-prove every candidate from a zero-permission app,support,n/a,Decides whether you may write AM-03 at all,Every dynamic test in this chapter,"`docs/05-attacker-models.md` (AM-03: ""Your PoC for this model is a **second app**, not an adb command""); ISSUES.md Phase 5 exit condition",D06-services-aidl-bound-ipc.md,false,,,,
D06-081,D06,"Services, AIDL & Bound IPC",P5,M5,Severity governance and chain-filing order for binder findings,support,n/a — governs the VRT choice for every other item,n/a,Every Critical or High claim arising from this chapter,"`triage-validation` PRE-SEVERITY GATE; `bugcrowd-reporting` §§1–3, 5",D06-services-aidl-bound-ipc.md,false,,,,
D07-001,D07,ContentProviders & FileProvider,P5,M5,Enumerate every declared authority with all six access-control attributes,support,n/a (enabler),AM-03,all,"MASTG-TECH-0163, MASTG-TEST-0355, rule `mastg-android-content-provider-exported.yml`",D07-contentproviders-and-fileprovider.md,false,,,,
D07-002,D07,ContentProviders & FileProvider,P5,M5,The targetSdk<17 default-export gate — state it or lose the report,support,n/a (rating qualifier),AM-03,`targetSdkVersion < 17` only — **LEGACY**,MASTG-TEST-0355; MobSF `exported_provider` family (`ANDROID_4_2_LEVEL = 17`),D07-contentproviders-and-fileprovider.md,false,,,,
D07-003,D07,ContentProviders & FileProvider,P5,M5,Cross-check the merged manifest against the runtime provider table,support,n/a (enabler),AM-03,all; especially apps with bundled SDKs,MASTG-TECH-0163,D07-contentproviders-and-fileprovider.md,false,,,,
D07-004,D07,ContentProviders & FileProvider,P5,M5,Recover the URI path space the manifest never names,support,n/a (enabler),AM-03,all,"MASTG-TECH-0163; drozer `app.provider.finduri`, `scanner.provider.finduris` (MASTG-TOOL-0015)",D07-contentproviders-and-fileprovider.md,false,,,,
D07-005,D07,ContentProviders & FileProvider,P5,M5,"Read, write and `call()` are three separate questions",critical,`server_side_injection.file_inclusion.local` (P1) where it yields file bytes; `broken_access_control.exposed_sensitive_android_intent` (VARIES) for the access itself,AM-03,all,"MASTG-TECH-0148, MASTG-TEST-0356, MASWE-0018",D07-contentproviders-and-fileprovider.md,false,,,,
D07-006,D07,ContentProviders & FileProvider,P5,M5,Classify the exception by layer before recording a positive or a negative,support,n/a (false-positive gate),AM-03,all,the layer-ordering trap (an error from a layer in front of the auth check does not prove you passed the auth check),D07-contentproviders-and-fileprovider.md,false,,,,
D07-007,D07,ContentProviders & FileProvider,P5,M5,"Re-prove every provider hit from an app UID, not the `shell` UID",support,n/a (false-positive gate),AM-03,all,"MASTG-TECH-0148 (the `content` command ""executes in the context of the shell user"")",D07-contentproviders-and-fileprovider.md,false,,,,
D07-008,D07,ContentProviders & FileProvider,P5,M5,"Declare `<queries>` in the PoC app, or you will manufacture your own false negative",support,n/a (false-negative gate),AM-03,"any PoC/attacker app whose own `targetSdkVersion >= 30`, running on Android 11+","package visibility — free below targetSdk 30, filtered at 30+; MASTG-TECH-0148 (the `content` command runs as `shell`)",D07-contentproviders-and-fileprovider.md,false,,,,
D07-009,D07,ContentProviders & FileProvider,P5,M5,"Sweep authorities with a counted loop, never a bare shell array",support,n/a (methodology control),AM-03,all,the Shell-Loop Ban — zsh array expansion fails silently and the output still looks complete,D07-contentproviders-and-fileprovider.md,false,,,,
D07-010,D07,ContentProviders & FileProvider,P5,M5,Prove the negative with the exact exception text,support,n/a (deliverable),AM-03,all,the ruled-out register (`templates/ruled-out-table.md`),D07-contentproviders-and-fileprovider.md,false,,,,
D07-011,D07,ContentProviders & FileProvider,P5,M5,Read the provider from a second Android user and from a locked Private Space,high,`broken_access_control.exposed_sensitive_android_intent` (VARIES),AM-03 on a secondary user / work profile,Android 5+ multi-user; Private Space Android 15+,"Google's Android & Google Devices scope: ""Multi-User & Private Space: Cross-user sensitive data access""",D07-contentproviders-and-fileprovider.md,false,,,,
D07-012,D07,ContentProviders & FileProvider,P5,M5,`readPermission` / `writePermission` asymmetry,high,`broken_access_control.exposed_sensitive_android_intent` (VARIES),AM-03,all,MASTG-TEST-0355; `guide/topics/manifest/provider-element`,D07-contentproviders-and-fileprovider.md,false,,,,
D07-013,D07,ContentProviders & FileProvider,P5,M5,`android:permission` silently overridden by a weaker per-direction permission,high,`broken_access_control.exposed_sensitive_android_intent` (VARIES),AM-03,all,`guide/topics/manifest/provider-element` (readPermission/writePermission take precedence over permission),D07-contentproviders-and-fileprovider.md,false,,,,
D07-014,D07,ContentProviders & FileProvider,P5,M5,"Resolve the protectionLevel of the custom permission that ""protects"" the provider",high,`broken_access_control.exposed_sensitive_android_intent` (VARIES),AM-03,all,MASTG-TEST-0355; D03 permission model,D07-contentproviders-and-fileprovider.md,false,,,,
D07-015,D07,ContentProviders & FileProvider,P5,M5,`call()` is gated by neither the read nor the write permission,critical,`broken_authentication_and_session_management.authentication_bypass` (P1) where it returns or sets auth state; `broken_access_control.exposed_sensitive_android_intent` (VARIES) otherwise,AM-03,all providers overriding `call()`,"QARK `INSECURE_FUNCTIONS_NAMES = (""call"",)` — ""The framework does no permission checking on this entry into the content provider besides the basic ability for the application to get access to the provider at all""; drozer `app.provider.call`",D07-contentproviders-and-fileprovider.md,false,,,,
D07-016,D07,ContentProviders & FileProvider,P5,M5,`call()` bypasses `UriMatcher` and `<path-permission>` by design,critical,`broken_access_control.exposed_sensitive_android_intent` (VARIES),AM-03,all providers that authorise by path,`guide/topics/providers/content-provider-creating`; `guide/topics/manifest/provider-element` (`<path-permission>` is path-scoped),D07-contentproviders-and-fileprovider.md,false,,,,
D07-017,D07,ContentProviders & FileProvider,P5,M5,Enumerate the `call()` method table out of the DEX,support,n/a (enabler for D07-015),AM-03,all providers overriding `call()`,drozer `app.provider.call`; MASTG-TECH-0148,D07-contentproviders-and-fileprovider.md,false,,,,
D07-018,D07,ContentProviders & FileProvider,P5,M5,"Inventory the whole Binder entry-point surface, not the eight verbs the CLI exposes",high,`broken_access_control.exposed_sensitive_android_intent` (VARIES) for the access; `server_side_injection.file_inclusion.local` (P1) where `openTypedAssetFile` yields file bytes,AM-03,"all; probe from a PoC app, because `adb shell content` cannot reach most of these","QARK `INSECURE_FUNCTIONS_NAMES = (""call"",)` — ""The framework does no permission checking on this entry into the content provider besides the basic ability for the application to get access to the provider at all"" — generalised to the rest of the overridable surface; MASTG-TECH-0148",D07-contentproviders-and-fileprovider.md,false,,,,
D07-019,D07,ContentProviders & FileProvider,P5,M5,`applyBatch()` and `bulkInsert()` — the write sinks `adb shell content` cannot reach,high,`broken_access_control.idor.modify_sensitive_information_iterable_object_identifiers` (P2) where the batch flips a security-relevant column; `broken_access_control.exposed_sensitive_android_intent` (VARIES) otherwise,AM-03,providers that override `bulkInsert()` or `applyBatch()`; requires a PoC app — the CLI has no batch verb,"MASTG-TECH-0148 (the CLI's verb set), MASWE-0018; the ""batch operations are atomic and consistent"" checklist line that no public methodology actually tests",D07-contentproviders-and-fileprovider.md,false,,,,
D07-020,D07,ContentProviders & FileProvider,P5,M5,`<path-permission>` form coverage — the five path attributes,high,`broken_access_control.exposed_sensitive_android_intent` (VARIES),AM-03,providers declaring `<path-permission>`,"`guide/topics/manifest/provider-element` (`path`, `pathPrefix`, `pathPattern`, `pathSuffix`, `pathAdvancedPattern`)",D07-contentproviders-and-fileprovider.md,false,,,,
D07-021,D07,ContentProviders & FileProvider,P5,M5,`/Keys` versus `/Keys/` — the trailing-slash path-permission bypass,high,`broken_access_control.exposed_sensitive_android_intent` (VARIES),AM-03,all providers doing path-based authorisation,"MASTG-TEST-0355 (the Sieve example); HackTricks `drozer-tutorial/exploiting-content-providers.md` — ""the path `/Keys/` is accessible ... which is not protected due to a mistake by the developer, who secured `/Keys` but declared `/Keys/`""",D07-contentproviders-and-fileprovider.md,false,,,,
D07-022,D07,ContentProviders & FileProvider,P5,M5,`UriMatcher` normalisation variant fuzz,high,`broken_access_control.exposed_sensitive_android_intent` (VARIES),AM-03,all,"sec-88 ""Content Provider Hacking"" Case 1 (permission bypass by appending `/////`); MASTG-TECH-0163",D07-contentproviders-and-fileprovider.md,false,,,,
D07-023,D07,ContentProviders & FileProvider,P5,M5,`getCallingPackage()` versus `getCallingPackageUnchecked()`,high,`broken_access_control.exposed_sensitive_android_intent` (VARIES),AM-03,providers that authorise on the caller's identity,"AOSP `ContentProvider.java` javadoc: `getCallingPackage()` — ""The returned package will have been verified to belong to the calling UID""; `getCallingPackageUnchecked()` — ""will have **not** been verified""",D07-contentproviders-and-fileprovider.md,false,,,,
D07-024,D07,ContentProviders & FileProvider,P5,M5,"`grantUriPermissions=""true""` with no `<grant-uri-permission>` restriction",high,`broken_access_control.exposed_sensitive_android_intent` (VARIES),AM-03 (needs a grant primitive from D08),all,"`guide/topics/manifest/provider-element`: if `""true""`, permission is grantable to any data in the provider, overriding the other permission attributes; if `""false""`, only the subsets in `<grant-uri-permission>` may be granted",D07-contentproviders-and-fileprovider.md,false,,,,
D07-025,D07,ContentProviders & FileProvider,P5,M5,"`exported=""false""` plus `grantUriPermissions=""true""` is reachable, not closed",high,`broken_access_control.exposed_sensitive_android_intent` (VARIES),AM-03,all,"Oversecured ""Gaining access to arbitrary Content Providers""; `risks/intent-redirection`",D07-contentproviders-and-fileprovider.md,false,,,,
D07-026,D07,ContentProviders & FileProvider,P5,M5,"`FLAG_GRANT_PREFIX_URI_PERMISSION` grants the subtree, not the file",high,`broken_access_control.exposed_sensitive_android_intent` (VARIES),AM-03/AM-04,all,"MASWE-0018 (CWE-940) — ""over-broad or persistable URI permission grants ... where one-time, scoped sharing would suffice""; `content/Intent.java` grant flag constants",D07-contentproviders-and-fileprovider.md,false,,,,
D07-027,D07,ContentProviders & FileProvider,P5,M5,"Persistable grants survive reboot and the user's ""delete""",high,`sensitive_data_exposure.disclosure_of_secrets.pii_leakage_exposure` (VARIES),"AM-03/AM-04, recipient of a legitimate share",all with SAF / share flows,MASWE-0018; `takePersistableUriPermission`; HackTricks `intent-injection.md` (`0x43` = READ `0x1` + WRITE `0x2` + PERSISTABLE `0x40`),D07-contentproviders-and-fileprovider.md,false,,,,
D07-028,D07,ContentProviders & FileProvider,P5,M5,`openFile()` / `openAssetFile()` / `openTypedAssetFile()` path traversal,critical,`server_side_injection.file_inclusion.local` (P1); fallback `server_security_misconfiguration.path_traversal` (VARIES),AM-03,all providers implementing any `open*` method,"MASTG-TECH-0159; MASWE-0050; `risks/path-traversal`; CVE-2025-48636 (`openFile` of `BugreportContentProvider.java`, read+write of unauthorised files, CVSS 8.4); CVE-2024-43089 and CVE-2023-35670 (MediaProvider `openFile` traversal)",D07-contentproviders-and-fileprovider.md,false,,,,
D07-029,D07,ContentProviders & FileProvider,P5,M5,The `%2F` decode mismatch — `Uri` accessors decode after the string check,critical,`server_side_injection.file_inclusion.local` (P1),AM-03,all — every Android version,"Oversecured ""Content Providers and the potential weak spots they can have"" (§Path Traversal via Uri Decoding) and ""Android security checklist: theft of arbitrary files""; the Google app `CommonContentProvider` case; MASWE-0050",D07-contentproviders-and-fileprovider.md,false,,,,
D07-030,D07,ContentProviders & FileProvider,P5,M5,Depth sweep with harmless canaries before you touch real data,support,n/a (technique — the canary alone is never the report; the pivot lands on D07-028),AM-03,all file-backed providers,"drozer `scanner.provider.traversal`, `app.provider.read`",D07-contentproviders-and-fileprovider.md,false,,,,
D07-031,D07,ContentProviders & FileProvider,P5,M5,Infer file-backed versus SQLite-backed before you fuzz,support,n/a (triage control),AM-03,all,drozer `app.provider.read`/`download` error shape: `java.io.FileNotFoundException: No files supported by provider at content://...`,D07-contentproviders-and-fileprovider.md,false,,,,
D07-032,D07,ContentProviders & FileProvider,P5,M5,The encoding-variant matrix the scanners never send,critical,`server_side_injection.file_inclusion.local` (P1),AM-03,all file-backed providers,drozer `scanner/provider/traversal.py` source (one fixed payload); Oversecured file-theft checklist,D07-contentproviders-and-fileprovider.md,false,,,,
D07-033,D07,ContentProviders & FileProvider,P5,M5,"Never accept `scanner.provider.traversal` reporting ""Not Vulnerable""",support,n/a (false-negative control),AM-03,all,"drozer `scanner/provider/traversal.py`, read directly: it calls `contentResolver().read(uri + ""/../../../../../../../../../../../../../../../../etc/hosts"")` and flags the URI **only** if the returned data is non-empty",D07-contentproviders-and-fileprovider.md,false,,,,
D07-034,D07,ContentProviders & FileProvider,P5,M5,`openFile()` that ignores the `mode` argument,high,`broken_access_control.exposed_sensitive_android_intent` (VARIES),AM-03,all providers implementing `openFile`,"Oversecured ""Permission Mismatch in File Access"" / ""Incorrect Permission Declaration""; `guide/topics/manifest/provider-element`",D07-contentproviders-and-fileprovider.md,false,,,,
D07-035,D07,ContentProviders & FileProvider,P5,M5,Write-mode traversal into a code-load path,critical,`server_side_injection.remote_code_execution_rce` (P1) once execution is demonstrated; `server_security_misconfiguration.path_traversal` (VARIES) for the write alone,AM-03,providers whose `open*` honours a write mode,"CVE-2025-48636; Oversecured `TheftOverwriteProvider` (OVAA); Google Mobile VRP: ""Path traversal / zip path traversal vulnerabilities leading to arbitrary file write"" — and the explicit rule that ""if you do not demonstrate this [ACE] in your report, the reward amount will not reflect this""",D07-contentproviders-and-fileprovider.md,false,,,,
D07-036,D07,ContentProviders & FileProvider,P5,M5,"`openFileHelper()` and the `_data` column — insert your own path, then open it",critical,`server_side_injection.file_inclusion.local` (P1),AM-03,providers using `openFileHelper()` or a `_data`-style path column,HackTricks `content-protocol.md` (seeding MediaStore's `_data` column and reading it back); MASTG-TECH-0148,D07-contentproviders-and-fileprovider.md,false,,,,
D07-037,D07,ContentProviders & FileProvider,P5,M5,Symlink and TOCTOU against the provider's own canonicalisation,high,`server_side_injection.file_inclusion.local` (P1),AM-03/AM-04,providers that canonicalise once and open later,"`risks/content-resolver` (documented symlink-targeting and check/open race); Google VRP remediation tip: ""Verify that the canonical path ... right before doing file operations ... Watch out for TOCTOU issues. Symlinks can change at any time.""",D07-contentproviders-and-fileprovider.md,false,,,,
D07-038,D07,ContentProviders & FileProvider,P5,M5,Provider `selection` SQL injection — make the error hand you the query,critical,`server_side_injection.sql_injection` (P1) — note it is defined server-side; file the closest accurate node and request the severity,AM-03,all SQLite-backed providers,"MASTG-TEST-0339, MASTG-TEST-0025, MASWE-0050 (CWE-89, CWE-20), MASTG-KNOW-0117, rule `mastg-android-sql-injection-contentprovider.yml`, MASTG-TOOL-0110; H1 #291764 (Nextcloud, Low 0.9, $150), #1650264 (ownCloud, Medium 4.2, GHSL-2022-059), #887968 (Mail.ru `ru.mail.data.contact.ContactsProvider`), #143280 (Mail.ru, $250)",D07-contentproviders-and-fileprovider.md,false,,,,
D07-039,D07,ContentProviders & FileProvider,P5,M5,Projection injection is a separate sink from selection,critical,`server_side_injection.sql_injection` (P1),AM-03,all SQLite-backed providers,"MASTG-TEST-0339; drozer `scanner.provider.injection` classification `Injection in Projection`; sec-88 ""Content Provider Hacking"" §2 Case 1",D07-contentproviders-and-fileprovider.md,false,,,,
D07-040,D07,ContentProviders & FileProvider,P5,M5,`sortOrder` injection — the third sink nobody sends,high,`server_side_injection.sql_injection` (P1),AM-03,all SQLite-backed providers,MASTG-TEST-0339; `risks/sql-injection`,D07-contentproviders-and-fileprovider.md,false,,,,
D07-041,D07,ContentProviders & FileProvider,P5,M5,URI path-segment injection into `appendWhere()`,critical,`server_side_injection.sql_injection` (P1),AM-03,providers whose `UriMatcher` routes a `*` wildcard segment into SQL,MASTG-TEST-0339 and rule `mastg-android-sql-injection-contentprovider.yml` (the exact shape: a variable from `Uri.getPathSegments().get(...)` reaching `SQLiteQueryBuilder.appendWhere()`); MASTG-KNOW-0117; H1 #1650264 / GHSL-2022-059,D07-contentproviders-and-fileprovider.md,false,,,,
D07-042,D07,ContentProviders & FileProvider,P5,M5,Injection in `update()`/`delete()`/`insert()` selection — the blind boolean oracle,critical,`server_side_injection.sql_injection` (P1); `broken_authentication_and_session_management.authentication_bypass` (P1) when it reads OTP SMS,AM-03,exported providers with `writePermission` absent,"**CVE-2025-10184** (OnePlus OxygenOS Telephony provider permission bypass); HackTricks `drozer-tutorial/exploiting-content-providers.md`, `android-checklist.md`; H1 #1650264 (GHSL-2022-059)",D07-contentproviders-and-fileprovider.md,false,,,,
D07-043,D07,ContentProviders & FileProvider,P5,M5,Balanced-subquery injection that survives `setStrict(true)`,critical,`server_side_injection.sql_injection` (P1),AM-03 (holding any legitimate grant on the provider),any provider that AND-glues the caller's selection onto its own scope constraint,"**CVE-2026-28576** (Android 17 Contacts Provider), GHSA-ph86-9mcx-3p6r (CVSS v4 10.0 per GitHub's advisory; High in the Android bulletin), PoC `github.com/mobilehackinglab/CVE-2026-28576-poc`; **CVE-2022-20518** (`MmsSmsProvider.java`, ""possible access to restricted tables due to SQL injection"", OSV `PUB-A-224770203`)",D07-contentproviders-and-fileprovider.md,false,,,,
D07-044,D07,ContentProviders & FileProvider,P5,M5,Establish whether strict SQL checking is on — your own negative control,support,n/a (negative control),AM-03,Android builds exposing the compat change; `am compat` itself is Android 10+,"CVE-2026-28576 ""The Patched Behavior""; compat change `ENFORCE_STRICT_SQL_CHECKS` id `484953293`, `enableAfterTargetSdk=""36""`; `SQLiteQueryBuilder.setStrictGrammar()`",D07-contentproviders-and-fileprovider.md,false,,,,
D07-045,D07,ContentProviders & FileProvider,P5,M5,Cross-provider SQL injection through a shared SQLite database,high,`server_side_injection.sql_injection` (P1),AM-03,apps declaring two or more providers over one database file,Oversecured content-providers post (§SQL Injection via Selection Parameters); H1 #518669,D07-contentproviders-and-fileprovider.md,false,,,,
D07-046,D07,ContentProviders & FileProvider,P5,M5,Projection-map or caller check applied to only one `UriMatcher` branch,high,`server_side_injection.sql_injection` (P1),AM-03,providers with more than two `UriMatcher` arms,"H1 #518669 (Nextcloud, Low 0.9, $100) — the caller check runs for `ROOT_DIRECTORY`/`SINGLE_FILE`/`DIRECTORY` but the projection-map restriction is applied only when `mUriMatcher.match(uri) == ROOT_DIRECTORY`",D07-contentproviders-and-fileprovider.md,false,,,,
D07-047,D07,ContentProviders & FileProvider,P5,M5,`scanner.provider.injection` has a one-string oracle,support,n/a (false-negative control),AM-03,all,"drozer `scanner/provider/injection.py` source: it issues `query(uri, projection=[""'""])` and `query(uri, selection=""'"")` and marks the URI vulnerable **only** if the exception text contains `""unrecognized token""`; reports under `Injection in Projection:` / `Injection in Selection:`",D07-contentproviders-and-fileprovider.md,false,,,,
D07-048,D07,ContentProviders & FileProvider,P5,M5,Drive the provider surface through Burp with `auxiliary.webcontentresolver`,support,n/a (tooling),AM-03,all,"drozer `auxiliary.webcontentresolver` — ""Start a Web Service interface to Content Providers. This allows you to use web application testing capabilities and tools to test content providers.""",D07-contentproviders-and-fileprovider.md,false,,,,
D07-049,D07,ContentProviders & FileProvider,P5,M5,Oracle discipline — body-diff and the n>=10 interleaved sample,support,n/a (false-positive gate),AM-03,every blind or boolean provider claim,"the Body-Diff Rule (a byte-identical result is not a bypass) and the Statistical-Sample Rule (n>=10 interleaved trials, >=2 sigma)",D07-contentproviders-and-fileprovider.md,false,,,,
D07-050,D07,ContentProviders & FileProvider,P5,M5,Marker discipline for provider write and reflection claims,support,n/a (false-positive gate),AM-03,"every provider write or ""my data appeared in the app"" claim","Marker Discipline — 8+ character random markers, and search the BASELINE for the marker first",D07-contentproviders-and-fileprovider.md,false,,,,
D07-051,D07,ContentProviders & FileProvider,P5,M5,Provider that proxies a caller-supplied `content://` URI,critical,`broken_access_control.exposed_sensitive_android_intent` (VARIES) — argue P1/P2 on the permission re-delegation,AM-03,all,"Oversecured content-providers post (§Proxying to Unintended Providers: ""Developers should avoid proxying requests to other providers""); `risks/content-resolver`",D07-contentproviders-and-fileprovider.md,false,,,,
D07-052,D07,ContentProviders & FileProvider,P5,M5,Provider forwarding to a system provider under the app's own permission,critical,`broken_access_control.exposed_sensitive_android_intent` (VARIES),AM-03,apps holding a dangerous permission and exposing a provider,Oversecured Class #6/#31 provider-to-provider proxying; T1636 Protected User Data (.001–.005),D07-contentproviders-and-fileprovider.md,false,,,,
D07-053,D07,ContentProviders & FileProvider,P5,M5,Fallback-response enumeration against a thumbnail or avatar deputy,high,"`broken_access_control.idor.view_sensitive_information_iterable_object_identifiers` (P3), rising to P1 where the objects are other users'",AM-03,"image, avatar, thumbnail and document-preview providers","HackTricks ""Exported provider as a confused deputy""; the Google Messages `AvatarContentProvider` contacts bypass (fixed 2026-06-12, rewarded through the Mobile VRP)",D07-contentproviders-and-fileprovider.md,false,,,,
D07-054,D07,ContentProviders & FileProvider,P5,M5,The app's own `ContentResolver` fed an attacker `file://` URI,critical,`server_side_injection.file_inclusion.local` (P1),AM-03 (delivery via an exported component) / AM-02 (via a deep link),all,"`risks/content-resolver` (MASVS-PLATFORM) — the documented variants: fully attacker-controlled `file://`, partially controlled with traversal, a `file://` to an attacker-controlled symlink, and a check/open race; H1 #876192 ""Cookie steal through content Uri"", #288955 ""[IRCCloud Android] Theft of arbitrary files leading to token leakage"", #161710 ""Possible to steal any protected files on Android""",D07-contentproviders-and-fileprovider.md,false,,,,
D07-055,D07,ContentProviders & FileProvider,P5,M5,MIME-type-only intent filters implicitly accept `content:` and `file:`,high,`broken_access_control.exposed_sensitive_android_intent` (VARIES),AM-03,all,"`guide/components/intents-filters` data-test rules, quoted: an intent passes the URI test if ""it has a `content:` or `file:` URI and the filter does not specify a URI format. In other words, a component is presumed to support `content:` and `file:` data if its filter lists *only* a MIME type.""",D07-contentproviders-and-fileprovider.md,false,,,,
D07-056,D07,ContentProviders & FileProvider,P5,M5,Non-exported provider reached through the app's own URI sink,high,`server_side_injection.file_inclusion.local` (P1),AM-03,all,"Oversecured file-theft checklist: ""It's important to note that they do not necessarily need to be exported. Android only checks rights when an attempt is made to access data, but the vulnerable app will be receiving access to one of its resources, and no restrictions will come into play.""",D07-contentproviders-and-fileprovider.md,false,,,,
D07-057,D07,ContentProviders & FileProvider,P5,M5,"FileProvider `<paths>` rooted at `/`, `.` or empty",critical,`server_side_injection.file_inclusion.local` (P1) when reachable; `server_security_misconfiguration.path_traversal` (VARIES) for the configuration,AM-03 (needs an exported provider or a grant primitive),all apps declaring a FileProvider,"MASTG-TEST-0357, MASTG-TECH-0159, rule `mastg-android-fileprovider-broad-scope.yml`, MASWE-0018 (CWE-939, CWE-940), MASWE-0002; `risks/file-providers` — ""Do not use `<root-path>` in the configuration ... could enable an attacker to access sensitive information stored in databases or overwrite the application's native libraries""; AndroidX `FileProvider.java` `TAG_ROOT_PATH` -> `""/""`; H1 #1161401 (Nextcloud, Low 1.3, $250); Oversecured TikTok `<root-path name=""name"" path="""" />`",D07-contentproviders-and-fileprovider.md,false,,,,
D07-058,D07,ContentProviders & FileProvider,P5,M5,`<external-path>` and the shared-volume exposure,high,`insecure_data_storage.sensitive_application_data_stored_unencrypted.on_external_storage` (P4) for the resting data; the provider read is what lifts it,AM-03/AM-04,apps declaring `<external-path>`,"MASTG-TEST-0357; `risks/file-providers` — `<external-path>` should be avoided ""unless you have explicitly verified that the information being stored/shared is not sensitive. Never store PII using this element""; MASTG-KNOW-0042 (external storage, `owner_package_name` attribution)",D07-contentproviders-and-fileprovider.md,false,,,,
D07-059,D07,ContentProviders & FileProvider,P5,M5,`FileProvider.getUriForFile()` called with attacker-controlled input,critical,`server_side_injection.file_inclusion.local` (P1),AM-03/AM-02,all apps calling `getUriForFile`,"MASTG-TEST-0357 — ""Determine whether `FileProvider.getUriForFile()` is called with attacker-controlled input (for example, values derived from URI query parameters or user input)""; MASTG-TECH-0159, MASTG-KNOW-0138",D07-contentproviders-and-fileprovider.md,false,,,,
D07-060,D07,ContentProviders & FileProvider,P5,M5,"Concede what FileProvider actually blocks — `files/` and `cache/`, not `shared_prefs/`",high,`sensitive_data_exposure.disclosure_of_secrets.for_publicly_accessible_asset` (P1) when the recovered file is a live backend credential,AM-03,CURRENT AndroidX FileProvider,AndroidX `FileProvider.java` canonicalisation; triage-pushback discipline (concede the unreachable half),D07-contentproviders-and-fileprovider.md,false,,,,
D07-061,D07,ContentProviders & FileProvider,P5,M5,"`grantUriPermissions=""true""` on a FileProvider is mandatory, not the defect",support,n/a (false-positive gate),n/a,all FileProviders,"MASTG-TEST-0250, MASTG-TEST-0357 — `android:grantUriPermissions` **must** be `true` for a FileProvider by definition, otherwise it throws `SecurityException: Provider must grant uri permissions`",D07-contentproviders-and-fileprovider.md,false,,,,
D07-062,D07,ContentProviders & FileProvider,P5,M5,Dirty Stream — trusting `DISPLAY_NAME` from a foreign ContentProvider,critical,`server_side_injection.remote_code_execution_rce` (P1) once execution is shown; `server_security_misconfiguration.path_traversal` (VARIES) for the write,AM-03 (the victim must open/accept the share — one interaction),"every app with a share target, attachment, file-import or ""open with"" flow","`risks/untrustworthy-contentprovider-provided-filename` — **CWE-73: External Control of Filename or Path**, MASVS-CODE; MASWE-0050; Microsoft ""Dirty Stream"" (2024-05-01): Xiaomi File Manager `com.mi.android.globalFileexplorer` 1B+ installs (vulnerable V1-210567, fixed V1-210593), WPS Office `cn.wps.moffice_eng` 500M+ installs (vulnerable 16.8.1, fixed 17.0.0), 4B+ installs total; H1 #1115864 (Mattermost, High 7.8), #1362313 / #1377748 (Evernote, same root cause)",D07-contentproviders-and-fileprovider.md,false,,,,
D07-063,D07,ContentProviders & FileProvider,P5,M5,Implicit-intent result interception returning a `file://` URI,critical,`server_side_injection.file_inclusion.local` (P1),"AM-03 (the victim must pick your app in the chooser, or you win on priority)",apps calling `startActivityForResult` with `ACTION_PICK` / `ACTION_GET_CONTENT` / `IMAGE_CAPTURE` / `CROP`,"Oversecured ""theft of arbitrary files"" Class #13 and the 7-vector list; H1 #288955, #161710",D07-contentproviders-and-fileprovider.md,false,,,,
D07-064,D07,ContentProviders & FileProvider,P5,M5,DocumentsProvider / SAF restore-import traversal in the consumer,critical,`server_side_injection.remote_code_execution_rce` (P1) when the write lands on a loaded artefact,AM-03,"apps with restore, import or migration flows that accept tree/document URIs","HackTricks `android-applications-basics.md` ""DocumentProvider restore/import path traversal""; H1 #859469 (LINE Android, ZIP extract traversal, $475), #284346",D07-contentproviders-and-fileprovider.md,false,,,,
D07-065,D07,ContentProviders & FileProvider,P5,M5,Side-effecting logic inside provider methods,high,`broken_access_control.exposed_sensitive_android_intent` (VARIES),AM-03,"all — **including providers declared `exported=""false""`**",Oversecured Class #8; T1641 Data Manipulation,D07-contentproviders-and-fileprovider.md,false,,,,
D07-066,D07,ContentProviders & FileProvider,P5,M5,Exported `SliceProvider` whose `onBindSlice` acts on the URI,medium,`sensitive_data_exposure.disclosure_of_secrets.pii_leakage_exposure` (VARIES),"AM-03/AM-04 (needs slice permission, or be a slice host)",apps shipping AndroidX Slices,`guide/slices/getting-started` (the documented provider XML with `android.app.slice.category.SLICE`); MASWE-0036,D07-contentproviders-and-fileprovider.md,false,,,,
D07-067,D07,ContentProviders & FileProvider,P5,M5,`CloudMediaProvider` inside the Photo Picker,high,`broken_access_control.exposed_sensitive_android_intent` (VARIES),AM-03,apps implementing or consuming a cloud media provider,"`training/data-storage/shared/photopicker` (cloud media providers), `guide/topics/providers/cloud-media-provider`",D07-contentproviders-and-fileprovider.md,false,,,,
D07-068,D07,ContentProviders & FileProvider,P5,M5,"Rate the provider by what the rows contain, not by the fact it is exported",critical,`sensitive_data_exposure.disclosure_of_secrets.for_publicly_accessible_asset` (P1) for a live backend credential; `broken_access_control.idor.modify_view_sensitive_information_iterable_object_identifiers` (P1) for another user's records; `sensitive_data_exposure.disclosure_of_secrets.pii_leakage_exposure` (VARIES) otherwise,AM-03,all,"MASTG-TEST-0356, MASWE-0018; Google Mobile VRP ""Theft of sensitive data"": ""Insecurely designed app internals like content providers or activities that can be manipulated to expose sensitive data"", CWE-359; H1 #242727 (Nextcloud, bcrypt hashes of password-protected shares, Low, $75), #331302 (Nextcloud, `content://org.nextcloud/arbitrary_data` holding E2EE private keys), #272044 (Dropbox, $1,000); CVE-2019-14339 (Canon PRINT 2.5.5, EDB 47321)",D07-contentproviders-and-fileprovider.md,false,,,,
D07-069,D07,ContentProviders & FileProvider,P5,M5,"Chain two providers — one names the object, the other returns its bytes",high,`sensitive_data_exposure.disclosure_of_secrets.pii_leakage_exposure` (VARIES),AM-03,apps with both a metadata provider and a file/thumbnail/cache provider,"H1 #534541 (Nextcloud, Low 3.4, $100), #489105 (the prior thumbnail issue) — `DiskLruImageCacheFileProvider` should not have been exported",D07-contentproviders-and-fileprovider.md,false,,,,
D07-070,D07,ContentProviders & FileProvider,P5,M5,Take provider rows to the backend — the mobile-to-backend shadow-API bridge,critical,`broken_authentication_and_session_management.authentication_bypass` (P1); `broken_access_control.idor.modify_view_sensitive_information_iterable_object_identifiers` (P1),AM-03 -> AM-01,all,"the shadow/zombie-API discipline — old versions stay reachable without receiving the same fixes, and **mobile builds are the number-one source of old-version endpoints**; H1 #518669 (a provider-recovered share token forged a working public URL)",D07-contentproviders-and-fileprovider.md,false,,,,
D07-071,D07,ContentProviders & FileProvider,P5,M5,The Downloads provider and the signed URL that outlives the session,high,`sensitive_data_exposure.disclosure_of_secrets.pii_leakage_exposure` (VARIES); `sensitive_data_exposure.disclosure_of_secrets.for_publicly_accessible_asset` (P1) if the signed URL is replayable by anyone,AM-03,apps using `DownloadManager`,"`reference/android/app/DownloadManager` — `Request.setDestinationInExternalPublicDir()`, `Request.addRequestHeader()`, `COLUMN_LOCAL_URI`, `Request.setVisibleInDownloadsUi()`",D07-contentproviders-and-fileprovider.md,false,,,,
D07-072,D07,ContentProviders & FileProvider,P5,M5,MediaStore cross-owner read and `OWNER_PACKAGE_NAME` redaction,high,`broken_access_control.exposed_sensitive_android_intent` (VARIES),AM-03/AM-04,Scoped storage from Android 10 (API 29); `requestLegacyExternalStorage` ignored at targetSdk 30+; `READ_EXTERNAL_STORAGE` has no effect from Android 13 (API 33); `OWNER_PACKAGE_NAME` redaction from Android 14,"MASTG-KNOW-0042, MASTG-TEST-0202, MASTG-TEST-0254, MASTG-TOOL-0004; `about/versions/14/behavior-changes-all` (`OWNER_PACKAGE_NAME` redaction, `QUERY_ALL_PACKAGES`)",D07-contentproviders-and-fileprovider.md,false,,,,
D07-073,D07,ContentProviders & FileProvider,P5,M5,"`androidx.startup` authority collision — HYPOTHESIS, run the experiment before reporting",low,"`application_level_denial_of_service_dos` (VARIES) — availability only, and **only if the experiment confirms it**; see the doctrine note below",AM-03,apps using AndroidX App Startup or any fixed-authority initialiser,"`topic/libraries/app-startup` (authority format `${applicationId}.androidx-startup`, `android:exported=""false""`). **The collision behaviour itself is unverified — do not report it as fact without running the experiment.**",D07-contentproviders-and-fileprovider.md,false,,,,
D07-074,D07,ContentProviders & FileProvider,P5,M5,Evidence package for a provider finding,support,n/a (deliverable),n/a,every D07 submission,"the five-screenshot state-change pattern; HAR/transcript sanitising and the PII split (mask the secret, leave the correlation data visible); `docs/04-poc-and-evidence-standard.md`",D07-contentproviders-and-fileprovider.md,false,,,,
D07-075,D07,ContentProviders & FileProvider,P5,M5,"Pre-severity gate against the Critical claim, not against the bug",support,n/a (governance),n/a,every D07 Critical or High claim,the Pre-Severity Gate and retraction discipline; `docs/02-severity-and-reportability.md`,D07-contentproviders-and-fileprovider.md,false,,,,
D07-076,D07,ContentProviders & FileProvider,P5,M5,Chain-filing order for provider primitives,support,n/a (submission mechanics),n/a,every D07 finding that feeds another domain,"chain-filing order: primitives first so their ids exist, then the consumer, then backfill the links; ""one fix equals one bounty"" — a chain is a severity amplifier, not a merge request",D07-contentproviders-and-fileprovider.md,false,,,,
D08-001,D08,"Intent Redirection, PendingIntent & URI Grants",P5,M5,Census every unparcel-to-launch sink in the app,support,none — inventory feeding `broken_access_control.exposed_sensitive_android_intent` (null),AM-03,all,"MASWE-0032 (CWE-927, CWE-940); Google Mobile VRP ""Intent redirections leading to launching non-exported application components""; Google's own auditing tip — ""Find calls to `startActivity` and verify that Intent components are constructed from trusted data. Find calls `Intent::getExtras` where returned values are cast to Intent""",D08-intent-redirection-and-pendingintent.md,false,,,,
D08-002,D08,"Intent Redirection, PendingIntent & URI Grants",P5,M5,Enable `StrictMode.detectUnsafeIntentLaunch()` and drive the app,support,none — detector feeding the redirection items,"AM-12 (own device instrumentation, not an attack)",device API >= 31; `detectAll()` implies it for apps targeting Android 12,`guide/components/intents-filters#DetectUnsafeIntentLaunches`; `about/versions/12/behavior-changes-12`; `about/versions/15/behavior-changes-15`; MASTG-TECH-0043; rule `mastg-android-strictmode`,D08-intent-redirection-and-pendingintent.md,false,,,,
D08-003,D08,"Intent Redirection, PendingIntent & URI Grants",P5,M5,Frida census of the redirection and PendingIntent surface at runtime,support,none — instrumentation,AM-12,all,MASTG-TECH-0043; MASTG-TEST-0381 (the hook is the MASTG-TEST-0030 legacy snippet); drozer `parcelable` extra type and `android.intent.extra.INTENT` (verified in `src/drozer/android.py`),D08-intent-redirection-and-pendingintent.md,false,,,,
D08-004,D08,"Intent Redirection, PendingIntent & URI Grants",P5,M5,Two-API-level control run before any redirection claim,support,none — governs the severity narrative of every item below,AM-12,"every nested-intent, `parseUri` and `Parcel.unmarshall` finding","`about/versions/16/behavior-changes-all` — ""Android 16 provides default security against general `Intent` redirection attacks…""; `privacy-and-security/risks/intent-redirection` (Android 16 by-default hardening)",D08-intent-redirection-and-pendingintent.md,false,,,,
D08-005,D08,"Intent Redirection, PendingIntent & URI Grants",P5,M5,Sweep the merged manifest for SDK-added exported proxies,high,`broken_access_control.exposed_sensitive_android_intent` (null — argue it),"AM-03, AM-08","all; especially apps embedding wallet, payment, push, ads or analytics SDKs","Microsoft Security Blog 2026-04-09 on EngageLab EngageSDK — vulnerable exported `MTCommonActivity` ""automatically added to the merged manifest"", vulnerable ≤ 4.5.4, fixed 5.2.1 (2025-11-03), 50M+ installs; Google Play ASI ""Intent Redirection"" campaign (2019-05-16); MASWE-0032",D08-intent-redirection-and-pendingintent.md,false,,,,
D08-006,D08,"Intent Redirection, PendingIntent & URI Grants",P5,M5,Census the URI-grant preconditions before testing any grant item,support,none — precondition inventory for D08-010 through D08-012 and D08-053 through D08-058,AM-03,"all; `<provider>` default for `android:grantUriPermissions` is `""false""`","MASTG-KNOW-0117 (""`android:grantUriPermissions`: allows temporary, URI-scoped access grants""); MASTG-TEST-0250 Note 2 — grants let other apps access URIs ""even though restrictions such as `permission` attributes, or `android:exported=\""false\""` are set""; MASTG-TEST-0357; rule `mastg-android-fileprovider-broad-scope`; drozer `app.provider.info` `Grant Uri Permissions:` field",D08-intent-redirection-and-pendingintent.md,false,,,,
D08-007,D08,"Intent Redirection, PendingIntent & URI Grants",P5,M5,Classic nested-Intent forward to a non-exported activity,critical,`broken_access_control.exposed_sensitive_android_intent` (null) — argue up to `broken_authentication_and_session_management.authentication_bypass` (P1) when the reached component performs an authenticated action,AM-03,all; Android 16 hardens by default (run D08-004),"`privacy-and-security/risks/intent-redirection` — impact per the page: ""Execute internal features in the vulnerable app"" and ""Access private components like unexported ContentProvider objects""; MASWE-0032 (CWE-927, CWE-940); CWE-926; H1 #200427 (Slack, Critical), #2289836 (MercadoLibre, High 8.6), #1095633 (VK), #951691; EDB 38170 (Facebook for Android 1.8.1, `LoginActivity` → `FacebookWebViewActivity`); Ostorlab KB `INTENT_REDIRECTION` (MASVS_CODE_4, MSTG_PLATFORM_2, M4 2024)",D08-intent-redirection-and-pendingintent.md,false,,,,
D08-008,D08,"Intent Redirection, PendingIntent & URI Grants",P5,M5,"The same forward through service, foreground-service and broadcast sinks",high,`broken_access_control.exposed_sensitive_android_intent` (null),AM-03,"all; implicit **service** binding has been illegal since Android 5, so an implicit `bindService` is both a crash and a LEGACY pattern","MASWE-0032; ATT&CK T1624.001 Broadcast Receivers; CVE-2023-44121 (LG ThinQ, exported receiver action `com.lge.lms.things.notification.ACTION`)",D08-intent-redirection-and-pendingintent.md,false,,,,
D08-009,D08,"Intent Redirection, PendingIntent & URI Grants",P5,M5,Literal `startActivity(getIntent())` self-forward,high,`broken_access_control.exposed_sensitive_android_intent` (null),AM-03,all,"MASWE-0032 (CWE-927); Oversecured ""Android: Access to app protected components"" — remediation line ""Developers should never redirect Intents in full""",D08-intent-redirection-and-pendingintent.md,false,,,,
D08-010,D08,"Intent Redirection, PendingIntent & URI Grants",P5,M5,Forwarded `FLAG_GRANT_READ/WRITE_URI_PERMISSION` — the grant is the payload,critical,`sensitive_data_exposure.disclosure_of_secrets.for_publicly_accessible_asset` (P1) when the read file yields a token for an internet-facing API; otherwise `broken_access_control.exposed_sensitive_android_intent` (null),AM-03,"all; precondition is a provider with `android:grantUriPermissions=""true""` or a `<grant-uri-permission>` child (D08-006)","`risks/intent-redirection` — the mitigation list names exactly the four flags to strip: `FLAG_GRANT_READ_URI_PERMISSION`, `FLAG_GRANT_WRITE_URI_PERMISSION`, `FLAG_GRANT_PERSISTABLE_URI_PERMISSION`, `FLAG_GRANT_PREFIX_URI_PERMISSION`; MASTG-TEST-0250 Note 2; MASTG-KNOW-0117; drozer flag map `GRANT_READ_URI_PERMISSION 0x00000001`, `GRANT_WRITE_URI_PERMISSION 0x00000002`; H1 #272044 (Dropbox, $1000); Oversecured ""Android: Access to app protected components"" §2–3",D08-intent-redirection-and-pendingintent.md,false,,,,
D08-011,D08,"Intent Redirection, PendingIntent & URI Grants",P5,M5,`FLAG_GRANT_PREFIX_URI_PERMISSION` — one file becomes the whole authority,critical,`sensitive_data_exposure.disclosure_of_secrets.for_publicly_accessible_asset` (P1) if a token is under the prefix,AM-03,all; requires the same grant precondition as D08-010,`risks/intent-redirection` flag-sanitisation list; MASTG-KNOW-0117,D08-intent-redirection-and-pendingintent.md,false,,,,
D08-012,D08,"Intent Redirection, PendingIntent & URI Grants",P5,M5,`FLAG_GRANT_PERSISTABLE_URI_PERMISSION` — a grant that survives reboot,critical,`sensitive_data_exposure.disclosure_of_secrets.for_publicly_accessible_asset` (P1),AM-03,all,"`risks/intent-redirection` flag-sanitisation list; Microsoft EngageLab analysis — the PoC sets `FLAG_GRANT_PERSISTABLE_URI_PERMISSION`, `FLAG_GRANT_READ_URI_PERMISSION`, `FLAG_GRANT_WRITE_URI_PERMISSION` together; ATT&CK T1409 Stored Application Data, T1533 Data from Local System",D08-intent-redirection-and-pendingintent.md,false,,,,
D08-013,D08,"Intent Redirection, PendingIntent & URI Grants",P5,M5,"Component allow-list present, but extras, data and flags still attacker-controlled",high,`broken_access_control.exposed_sensitive_android_intent` (null),AM-03,all — this is the case that defeats the most commonly deployed fix,"Ostorlab KB `INTENT_REDIRECTION` (rated High; MASVS_CODE_4, MSTG_PLATFORM_2, M4 2024); `risks/intent-redirection` (`IntentSanitizer` recommends `allowComponent` **plus** `allowData` **plus** `allowType`)",D08-intent-redirection-and-pendingintent.md,false,,,,
D08-014,D08,"Intent Redirection, PendingIntent & URI Grants",P5,M5,`resolveActivity()`-based validation bypass,high,`broken_access_control.exposed_sensitive_android_intent` (null),AM-03,all,"Ostorlab KB `INTENT_REDIRECTION`; `risks/intent-redirection` ""Common Mistakes to Avoid""",D08-intent-redirection-and-pendingintent.md,false,,,,
D08-015,D08,"Intent Redirection, PendingIntent & URI Grants",P5,M5,`setSelector()` smuggling past `setComponent(null)`,high,`broken_access_control.exposed_sensitive_android_intent` (null),AM-03; AM-02 when delivered through a WebView or deep link,"all. **Chrome blocks intent selectors**; most in-app WebViews and Firefox do not — so test inside the target's own WebView, not in Chrome","Oversecured ""Android: Access to app protected components"" §4 — the complete mitigation is `addCategory(BROWSABLE)` **plus** `setComponent(null)` **plus** `setSelector(null)`; Oversecured ""Android deep link vulnerabilities"" §3; AOSP `content/Intent.java` (`setSelector`)",D08-intent-redirection-and-pendingintent.md,false,,,,
D08-016,D08,"Intent Redirection, PendingIntent & URI Grants",P5,M5,Implicit inner Intent matched against a non-exported component's filter,high,`broken_access_control.exposed_sensitive_android_intent` (null),AM-03,all; at targetSdk 34+ implicit intents reach only exported components — which is precisely why the app may have exported the component to keep the pattern working,"`about/versions/14/behavior-changes-14` — implicit intents are delivered only to exported components; use an explicit intent with `intent.package = context.packageName`; Google Play ASI ""Implicit Internal Intent"" campaign (2021-06-22); MASTG-TEST-0372; rule `mastg-android-implicit-intent-internal-communication`",D08-intent-redirection-and-pendingintent.md,false,,,,
D08-017,D08,"Intent Redirection, PendingIntent & URI Grants",P5,M5,No `IntentSanitizer` and no component allow-list on a forwarding path,support,inherits the redirect it enables,AM-03,all,"`risks/intent-redirection` — `androidx.core.content.IntentSanitizer` with `allowComponent`, `allowData`, `allowType`, `sanitizeByThrowing`; MASWE-0032",D08-intent-redirection-and-pendingintent.md,false,,,,
D08-018,D08,"Intent Redirection, PendingIntent & URI Grants",P5,M5,`IntentSanitizer` present but configured permissively,high,`broken_access_control.exposed_sensitive_android_intent` (null),AM-03,all,"`risks/intent-redirection` (`androidx.core.content.IntentSanitizer`, `sanitizeByThrowing`)",D08-intent-redirection-and-pendingintent.md,false,,,,
D08-019,D08,"Intent Redirection, PendingIntent & URI Grants",P5,M5,`Intent.removeLaunchSecurityProtection()` present in app code,high,`broken_access_control.exposed_sensitive_android_intent` (null),AM-03,"Android 16 / API 36 for the direct API; the reflective form is used by apps compiling against API 35 and below, so grep at any compile target","`risks/intent-redirection` — ""Android 16 introduces by-default security hardening for intent redirection exploits"", `removeLaunchSecurityProtection()`, ""Only opt out when absolutely necessary""; `about/versions/16/behavior-changes-all` — ""Android 16 introduces a new API that allows apps to opt out of launch security protections… You can directly use the `removeLaunchSecurityProtection()` method on the Intent object"", with the warning that ""opting out of security protections increases vulnerability risk""",D08-intent-redirection-and-pendingintent.md,false,,,,
D08-020,D08,"Intent Redirection, PendingIntent & URI Grants",P5,M5,"`android:intentMatchingFlags=""none""` on an exported component",medium,`broken_access_control.exposed_sensitive_android_intent` (null),AM-03,targetSdk 36+,"`about/versions/16/behavior-changes-16` — ""Safer Intents"", `android:intentMatchingFlags` with values `enforceIntentFilter`, `none`, `allowNullAction`",D08-intent-redirection-and-pendingintent.md,false,,,,
D08-021,D08,"Intent Redirection, PendingIntent & URI Grants",P5,M5,Task and launch flags preserved through the forward,medium,`broken_access_control.exposed_sensitive_android_intent` (null),AM-03,all,`risks/intent-redirection` (the sanitisation step includes checking and clearing flags); AOSP `content/Intent.java` flag constants; `FLAG_DEBUG_LOG_RESOLUTION = 0x00000008`,D08-intent-redirection-and-pendingintent.md,false,,,,
D08-022,D08,"Intent Redirection, PendingIntent & URI Grants",P5,M5,`Intent.parseUri()` on attacker-controlled text,critical,`broken_access_control.exposed_sensitive_android_intent` (null) — argue toward `broken_authentication_and_session_management.authentication_bypass` (P1) on the reached component,AM-02 (a link is enough; no attacker app installed),all,"AOSP `content/Intent.java` (`parseUri`, `URI_INTENT_SCHEME`, `URI_ALLOW_UNSAFE`, `URI_ANDROID_APP_SCHEME`); MASWE-0029 (CWE-939, CWE-917); MASWE-0032 (CWE-927); Oversecured deep-link taxonomy ""Intent redirection via WebView — `Intent.parseUri()` launching non-exported internal Activities""; CVE-2020-14116 (Xiaomi Mi Browser), CVE-2024-26131 (Element Android — WebView manipulation, PIN bypass, login hijack)",D08-intent-redirection-and-pendingintent.md,false,,,,
D08-023,D08,"Intent Redirection, PendingIntent & URI Grants",P5,M5,`Intent.URI_ALLOW_UNSAFE` (flag value 4) on externally sourced data,critical,`sensitive_data_exposure.disclosure_of_secrets.for_publicly_accessible_asset` (P1) on the token-bearing file,"AM-03, AM-02",all API levels,"Microsoft Security Blog (2026-04-09) on EngageLab EngageSDK — flow `onCreate()`/`onNewIntent()` → `processIntent()` → `processPlatformMessage()` → extracts `n_intent_uri` → `parseUri()` with `URI_ALLOW_UNSAFE` (constant value 4) → returns an **explicit** intent, bypassing the platform's implicit-intent protections; vulnerable ≤ 4.5.4, fixed 5.2.1 (2025-11-03); **no CVE was published — do not cite one**; Android docs for `URI_ALLOW_UNSAFE` and `FLAG_GRANT_PERSISTABLE_URI_PERMISSION`",D08-intent-redirection-and-pendingintent.md,false,,,,
D08-024,D08,"Intent Redirection, PendingIntent & URI Grants",P5,M5,WebView `shouldOverrideUrlLoading` turned into an arbitrary-component launcher,critical,`broken_access_control.exposed_sensitive_android_intent` (null); the JS-in-privileged-origin outcome is `broken_authentication_and_session_management.authentication_bypass` (P1),"AM-02, AM-09 (malicious backend/CDN serving a page the WebView loads)",all,"Oversecured ""Android: Access to app protected components"" §4; Google Mobile VRP class ""Cross-app scripting"" — ""Apps that load untrusted URLs from other apps into their WebViews that match a certain form (e.g., `javascript:` or `file:///path/to/private`) allow malicious JavaScript code execution""; MASWE-0032; CVE-2024-26131 (Element Android)",D08-intent-redirection-and-pendingintent.md,false,,,,
D08-025,D08,"Intent Redirection, PendingIntent & URI Grants",P5,M5,Legacy `Intent.getIntent()` / `getIntentOld()` parsers,high,`broken_access_control.exposed_sensitive_android_intent` (null),AM-02,LEGACY — pre-`parseUri` API surface still present in old code paths and in vendored SDKs,AOSP `content/Intent.java`; MASWE-0032,D08-intent-redirection-and-pendingintent.md,false,,,,
D08-026,D08,"Intent Redirection, PendingIntent & URI Grants",P5,M5,Push / messaging payload field parsed into an Intent,critical,"`broken_access_control.exposed_sensitive_android_intent` (null); with the grant chain, `sensitive_data_exposure.disclosure_of_secrets.for_publicly_accessible_asset` (P1)","AM-09 (malicious or compromised backend), AM-08 (malicious SDK), AM-03 when the receiver is exported","all apps with push, in-app messaging or remote-config-driven routing",Microsoft EngageLab analysis (the `n_intent_uri` JSON field); MASWE-0032; MASWE-0029,D08-intent-redirection-and-pendingintent.md,false,,,,
D08-027,D08,"Intent Redirection, PendingIntent & URI Grants",P5,M5,`Parcel.unmarshall()` + `readParcelable()` on a deep-link parameter,critical,`broken_access_control.exposed_sensitive_android_intent` (null); RCE outcome `server_side_injection.remote_code_execution_rce` (P1),AM-02,all,"Oversecured ""Android: Access to app protected components"" §5 — exact shape `deeplink://handle/?param=<base64>` → `parcel.unmarshall` → `startActivity((Intent) parcel.readParcelable(...))`; H1 #2289836 (MercadoLibre, High 8.6) for the same-impact class; MASWE-0050",D08-intent-redirection-and-pendingintent.md,false,,,,
D08-028,D08,"Intent Redirection, PendingIntent & URI Grants",P5,M5,Untyped `getParcelableExtra` / `getParcelable` / `getSerializableExtra`,medium,`broken_access_control.exposed_sensitive_android_intent` (null),AM-03,typed overloads exist from **API 33** (Android 13); LEGACY below that — say so explicitly rather than reporting a pre-33 app for not using an API that did not exist,"`risks/unsafe-deserialization` — use `Intent.getParcelableExtra(String, Class<T>)`, `Intent.getParcelableArrayListExtra(String, Class<? extends T>)`, `Parcel.readParcelable(ClassLoader, Class<T>)` on API 33+; ""catches type mismatches before deserialization, preventing privilege escalation (e.g. CVE-2021-0928)""; michalbednarski/TheLastBundleMismatch — **CVE-2023-45777**, the patch ""adds the type parameter to the original call""; MASWE-0050 (CWE-502, CWE-501)",D08-intent-redirection-and-pendingintent.md,false,,,,
D08-029,D08,"Intent Redirection, PendingIntent & URI Grants",P5,M5,App-defined `Parcelable` whose write and read byte counts disagree,high,`broken_access_control.exposed_sensitive_android_intent` (null); `broken_authentication_and_session_management.authentication_bypass` (P1) when the smuggled value defeats an auth check,AM-03,"all; Android 13's length-prefixed `LazyValue` limits *cascading* corruption but, per CVE-2023-45777, does not save code that deserialises without a type","michalbednarski/ReparcelBug2 — **CVE-2021-0928** (`OutputConfiguration` write/read mismatch) with its four detection signs; michalbednarski/LeakValue — **CVE-2022-20452** (LazyValue referencing a recycled Parcel); **CVE-2023-20963** (WorkSource parcel/unparcel mismatch, exploited in the wild per Project Zero's RCA); **CVE-2024-49744**; Bundle Fengshui (Bundle magic `0x4C444E42`, length-prefixed lazy unparcel, AccountManagerService→Settings uid 1000 `launchAnyWhere`, CVE-2017-0806, CVE-2021-0748); `risks/unsafe-deserialization` (CWE-502, CWE-501)",D08-intent-redirection-and-pendingintent.md,false,,,,
D08-030,D08,"Intent Redirection, PendingIntent & URI Grants",P5,M5,Whole-`Bundle` forward carrying smuggled `IBinder` / `PendingIntent` keys,high,`broken_access_control.exposed_sensitive_android_intent` (null),AM-03,all,"AOSP ""AIDL overview"" (objects packed onto a buffer and copied to the remote process); Bundle Fengshui analysis of AccountManagerService forwarding a Bundle to Settings (uid 1000) which then executed Intents inside it — the `launchAnyWhere` pattern; `risks/unsafe-deserialization`",D08-intent-redirection-and-pendingintent.md,false,,,,
D08-031,D08,"Intent Redirection, PendingIntent & URI Grants",P5,M5,Parcel mismatch across the app's own `android:process` boundary,high,`broken_access_control.exposed_sensitive_android_intent` (null),AM-03,any app declaring `android:process` or using multiprocess WorkManager,michalbednarski/ReparcelBug2 (**CVE-2021-0928**) and TheLastBundleMismatch (**CVE-2023-45777**) applied to an app's own IPC rather than the framework's,D08-intent-redirection-and-pendingintent.md,false,,,,
D08-032,D08,"Intent Redirection, PendingIntent & URI Grants",P5,M5,Untyped `getSerializableExtra` on an exported forwarder,medium,"`broken_access_control.exposed_sensitive_android_intent` (null); with a demonstrated gadget, `server_side_injection.remote_code_execution_rce` (P1)",AM-03,"`targetSdk < 33` is where the untyped getters are the default idiom; from API 33 the typed `getSerializableExtra(String, Class)` exists and its absence at a hit is the finding","`risks/unsafe-deserialization` (CVE-2014-7911 `ObjectInputStream`/Android < 5.0, look-ahead `ObjectInputFilter` mitigation); rule `mastg-android-object-deserialization`; MASWE-0050 (CWE-502)",D08-intent-redirection-and-pendingintent.md,false,,,,
D08-033,D08,"Intent Redirection, PendingIntent & URI Grants",P5,M5,"`setResult(RESULT_OK, getIntent())` — the full-Intent echo",critical,`sensitive_data_exposure.disclosure_of_secrets.for_publicly_accessible_asset` (P1) when the read file yields an API token; otherwise `broken_access_control.exposed_sensitive_android_intent` (null),AM-03,"all. `android:grantUriPermissions=""true""` on a non-exported provider is what makes the victim's **own** providers reachable this way; the `<provider>` default for that attribute is `""false""`","Oversecured ""Gaining access to arbitrary Content Providers"" — the four vectors (direct intent return, implicit-intent interception with `priority=""999""`, `onActivityResult` substitution, permission capture via a `READ_CONTACTS`-holding app) and the remediation line ""Developers should never redirect Intents in full""; H1 #272044 (Dropbox, ""Android - Access of some not exported content providers"", $1000); MASTG-KNOW-0117; CWE-926",D08-intent-redirection-and-pendingintent.md,false,,,,
D08-034,D08,"Intent Redirection, PendingIntent & URI Grants",P5,M5,Echo or redirect aimed at a system provider the victim holds permission for,critical,`sensitive_data_exposure.disclosure_of_secrets.pii_leakage_exposure` (null — rated on the data),AM-03 (the attacker holds **no** runtime permissions),"all apps that hold a dangerous permission — contacts, SMS, call log, calendar, media","Oversecured ""Gaining access to arbitrary Content Providers"" vector 4 (permission capture via a permission-holding app); ATT&CK T1409 Stored Application Data; `risks/content-resolver` (`belongsToCurrentApplication()`, `isExported()`, `checkUriPermission()` are the documented validators whose absence is the bug)",D08-intent-redirection-and-pendingintent.md,false,,,,
D08-035,D08,"Intent Redirection, PendingIntent & URI Grants",P5,M5,`onActivityResult` trusting a third-party result Intent — the reverse direction,high,`broken_access_control.exposed_sensitive_android_intent` (null),AM-03 + one user tap (the picker/chooser),"all apps that call `ACTION_GET_CONTENT`, `ACTION_OPEN_DOCUMENT`, `ACTION_PICK`, `IMAGE_CAPTURE`, or any share/import flow","MASTG-TEST-0375 (Missing Validation of Data Returned from Implicit Intents), MASWE-0050 (CWE-20, CWE-22, CWE-73, CWE-345), MASTG-KNOW-0138 (URI Schemes in Android Intent Results), MASTG-KNOW-0025, MASTG-BEST-0057, MASTG-TECH-0043",D08-intent-redirection-and-pendingintent.md,false,,,,
D08-036,D08,"Intent Redirection, PendingIntent & URI Grants",P5,M5,Path traversal via `OpenableColumns.DISPLAY_NAME` from a hostile provider,critical,`server_side_injection.remote_code_execution_rce` (P1) when the write lands on a loaded library or DEX; otherwise `broken_access_control.exposed_sensitive_android_intent` (null),AM-03 + one user tap,all apps that accept shared files,"`risks/untrustworthy-contentprovider-provided-filename` — **CWE-73: External Control of Filename or Path**, impact listed as ""Malicious code execution — overwrite application executables or DEX files""; MASTG-KNOW-0138 (the `File(dir, name)` → `../lib-main/lib.so` example); MASTG-TEST-0375; MASWE-0050",D08-intent-redirection-and-pendingintent.md,false,,,,
D08-037,D08,"Intent Redirection, PendingIntent & URI Grants",P5,M5,Mutable `PendingIntent` with a blank or implicit base Intent,critical,"`broken_access_control.privilege_escalation` (null, CWE-269) or `broken_access_control.exposed_sensitive_android_intent` (null); `broken_authentication_and_session_management.authentication_bypass` (P1) when the fired action is authenticated",AM-03; AM-04 when acquisition needs the notification-listener grant (D08-040),"**LEGACY default:** below API 31 `PendingIntent` objects were mutable by default, so an omitted flags argument is the vulnerable case. From targetSdk 31 mutability must be declared explicitly or creation throws `IllegalArgumentException` — so on a modern target an explicit `FLAG_MUTABLE` is the thing to hunt, and it is a deliberate developer choice","MASTG-TEST-0381 (References to Insecure PendingIntent Creation), MASTG-KNOW-0024, MASTG-BEST-0063, rule `mastg-android-pendingintent-mutable`, MASTG-TEST-0030 (deprecated predecessor, source of the Frida hook); MASWE-0032 (CWE-927, CWE-940); **CVE-2020-0389 / A-156959408** (base intent implicit *and* PendingIntent mutable); `risks/pending-intent`; Google Play ASI ""Implicit PendingIntent"" campaign (2022-02-22); mindedsecurity `MSTG-PLATFORM-4_1`; QARK `implicit_intent_to_pending_intent.py`; Google Mobile VRP ""Vulnerabilities caused by unsafe usage of pending intents""",D08-intent-redirection-and-pendingintent.md,false,,,,
D08-038,D08,"Intent Redirection, PendingIntent & URI Grants",P5,M5,Mutable `PendingIntent` with `setPackage()` only — the targetSdk-34-compliant variant,high,"`broken_access_control.privilege_escalation` (null, CWE-269)","AM-03, AM-04",targetSdk 34+,"`about/versions/14/behavior-changes-14` — ""Mutable pending intents with unspecified component/package throw an exception""; the documented ""SUCCEEDS"" example is `setPackage(context.packageName)`; `risks/pending-intent`; compat change `BLOCK_MUTABLE_IMPLICIT_PENDING_INTENT` (id `236704164L`)",D08-intent-redirection-and-pendingintent.md,false,,,,
D08-039,D08,"Intent Redirection, PendingIntent & URI Grants",P5,M5,`FLAG_ALLOW_UNSAFE_IMPLICIT_INTENT` present,high,"`broken_access_control.privilege_escalation` (null, CWE-269)",AM-03,targetSdk 34+ (Android 14),`about/versions/14/behavior-changes-14`; `risks/pending-intent`; compat change `BLOCK_MUTABLE_IMPLICIT_PENDING_INTENT` (id `236704164L`) blocks creating a mutable PendingIntent wrapping an implicit intent for apps targeting U/API 34+,D08-intent-redirection-and-pendingintent.md,false,,,,
D08-040,D08,"Intent Redirection, PendingIntent & URI Grants",P5,M5,PendingIntent harvested from a notification by a `NotificationListenerService`,high,"`broken_access_control.privilege_escalation` (null, CWE-269)",AM-04 (needs the user to enable the listener — state the precondition explicitly),all,"MASTG-KNOW-0024 — ""a malicious application with `android.permission.BIND_NOTIFICATION_LISTENER_SERVICE` can bind to the notification listener service and retrieve the pending intent""; MASTG-TEST-0381, MASTG-TEST-0315; `risks/sender-of-pending-intents` (names `NotificationListenerService` as *the* acquisition vector); ATT&CK T1517 Access Notifications; H1 #1161401 (Nextcloud, Low 1.3, $250 — the ""Download complete"" notification's implicit PendingIntent, re-sent with `packageName` and `clipData` set, inheriting `com.nextcloud.client`'s CONTACTS permission)",D08-intent-redirection-and-pendingintent.md,false,,,,
D08-041,D08,"Intent Redirection, PendingIntent & URI Grants",P5,M5,`getCreatorPackage()` / `getCreatorUid()` used to authenticate the *sender*,critical,`broken_authentication_and_session_management.authentication_bypass` (P1) when the gated branch is an auth decision,"AM-04 (acquisition via notification listener), AM-03 where the PendingIntent is handed out through an exported component","all. The `getSentFromUid()` remedy is **API 34+** only, so pre-34 apps have no clean receiver-side fix — which is why the broken pattern persists","`risks/sender-of-pending-intents` — ""`PendingIntent.getCreator*()` and `PendingIntent.getTarget*()` return the creator … not its sender"", ""The creator does not always match the sender""; impact listed as authentication bypass, privilege escalation, and ""Remote Code Execution: depending on implementation""; documented alternatives `Binder.getCallingUid()` + `PackageManager.getPackagesForUid()`, or `BroadcastReceiver.getSentFromUid()` / `getSentFromPackage()` on API 34+ with `BroadcastOptions.setShareIdentityEnabled(true)`; MASVS-CODE",D08-intent-redirection-and-pendingintent.md,false,,,,
D08-042,D08,"Intent Redirection, PendingIntent & URI Grants",P5,M5,Missing `FLAG_ONE_SHOT` on a non-idempotent PendingIntent → replay,high,`broken_access_control.privilege_escalation` (null); financial replay argues into the programme's payment category,"AM-03, AM-04",all,"`risks/pending-intent#risk_replaying_pending_intents` — ""PendingIntents can be replayed unless the `FLAG_ONE_SHOT` flag is set""; AOSP `PendingIntent.java` — `FLAG_ONE_SHOT`: ""this PendingIntent can be used only once … after `send()` is called on it, it will be automatically canceled"", and the documented risk that an attacker ""could capture and re-use the intent to repeat actions that should only be able to be done once (e.g., one-time transactions, account verifications)""; mindedsecurity `MSTG-PLATFORM-4_2` (bitmask test `$D & 0x40000000 > 0`)",D08-intent-redirection-and-pendingintent.md,false,,,,
D08-043,D08,"Intent Redirection, PendingIntent & URI Grants",P5,M5,"`filterEquals()` + constant `requestCode` collision, with or without `FLAG_UPDATE_CURRENT`",high,`broken_access_control.idor.view_sensitive_information_iterable_object_identifiers` (P3) when the misroute exposes another user's content; `broken_access_control.privilege_escalation` (null) otherwise,AM-05 (another user of the same app) for the misrouted-message variant; AM-03 for the extras-swap variant,all,"AOSP `PendingIntent.java` javadoc, verbatim: ""A common mistake people make is to create multiple PendingIntent objects with Intents that only vary in their 'extra' contents, expecting to get a different PendingIntent each time. This does not happen."" Matching uses `Intent.filterEquals()` plus the `requestCode` int — extras are **not** part of identity; also ""FLAG_UPDATE_CURRENT still works even if FLAG_IMMUTABLE is set""; `develop/ui/views/notifications/build-notification` — ""If you reuse a `PendingIntent`, a user might reply to a different conversation than the one they intend""",D08-intent-redirection-and-pendingintent.md,false,,,,
D08-044,D08,"Intent Redirection, PendingIntent & URI Grants",P5,M5,"Direct-reply `RemoteInput` PendingIntent — legitimately mutable, so audit what that exposes",high,`broken_access_control.idor.view_sensitive_information_iterable_object_identifiers` (P3) for the misroute; `broken_access_control.privilege_escalation` (null) for the retarget,AM-04,"all messaging, ticketing and support apps with inline reply",`develop/ui/views/notifications/build-notification` (the `FLAG_MUTABLE` requirement for direct reply and the requestCode caution); AOSP `PendingIntent.java`; `risks/sender-of-pending-intents`,D08-intent-redirection-and-pendingintent.md,false,,,,
D08-045,D08,"Intent Redirection, PendingIntent & URI Grants",P5,M5,Widget `setPendingIntentTemplate()` with an attacker-influenced `fillInIntent`,high,`broken_access_control.privilege_escalation` (null),"AM-09 (server content chooses the launch target), AM-03 where the item data comes from an exported provider or the app's cache",apps with collection-based widgets,"`develop/ui/views/appwidgets` (`setOnClickPendingIntent`, `setPendingIntentTemplate` plus fill-in for collections); `risks/pending-intent`; MASWE-0032",D08-intent-redirection-and-pendingintent.md,false,,,,
D08-046,D08,"Intent Redirection, PendingIntent & URI Grants",P5,M5,Slice `primaryAction` PendingIntent fired by a host on your behalf,medium,`broken_access_control.exposed_sensitive_android_intent` (null),"AM-03 (any app able to obtain slice permission), plus the app's own hosts","apps shipping AndroidX Slices — declining in prevalence, so almost never reviewed","`guide/slices/getting-started` (provider XML, `android.app.slice.category.SLICE`, `onBindSlice`); `risks/pending-intent`; MASWE-0036",D08-intent-redirection-and-pendingintent.md,false,,,,
D08-047,D08,"Intent Redirection, PendingIntent & URI Grants",P5,M5,"PendingIntent handed out over AIDL, `IntentSender` or a `Bundle` extra",high,"`broken_access_control.privilege_escalation` (null, CWE-269)",AM-03 (no user grant needed — this is the acquisition path that beats D08-040 on rating),all,"`risks/pending-intent`; `risks/sender-of-pending-intents`; Oversecured Samsung category ""PendingIntent Hijacking"" (IDs 167, 178, 179, 180); AOSP ""AIDL overview""",D08-intent-redirection-and-pendingintent.md,false,,,,
D08-048,D08,"Intent Redirection, PendingIntent & URI Grants",P5,M5,Background-activity-launch opt-ins on a PendingIntent handed to third parties,high,`broken_access_control.exposed_sensitive_android_intent` (null); the phishing outcome argues toward `server_side_injection.content_spoofing.external_authentication_injection` (P4) only if the triager insists — lead with credential capture instead,"AM-03, AM-08","targetSdk 34+ for the sender opt-in, 35+ for the creator opt-in; `MODE_BACKGROUND_ACTIVITY_START_ALLOW_IF_VISIBLE` is available from SDK 36; `IntentSender.sendIntent()` sender opt-in is documented as arriving at API 37+","`guide/components/activities/background-starts` (`setPendingIntentBackgroundActivityStartMode()` sender opt-in at API 34+, `setPendingIntentCreatorBackgroundActivityStartMode()` creator opt-in at API 35+, `MODE_BACKGROUND_ACTIVITY_START_ALLOW_IF_VISIBLE` recommended at SDK 36+, `StrictMode.VmPolicy.Builder().detectBlockedBackgroundActivityLaunch()`, the `realCallingPackage`/`callingPackage` log fields); `about/versions/14/behavior-changes-14`; `about/versions/15/behavior-changes-15` — ""PendingIntent creators block background activity launches by default""",D08-intent-redirection-and-pendingintent.md,false,,,,
D08-049,D08,"Intent Redirection, PendingIntent & URI Grants",P5,M5,Notification trampoline removal that traded a UX bug for this one,medium,inherits the PendingIntent finding it enables,AM-04,targetSdk 31+,"`about/versions/12/behavior-changes-12` — trampoline restriction, the exact logcat string `Indirect notification activity start (trampoline) from PACKAGE_NAME, this should be avoided for performance reasons.`, and the `NOTIFICATION_TRAMPOLINE_BLOCK` compat change",D08-intent-redirection-and-pendingintent.md,false,,,,
D08-050,D08,"Intent Redirection, PendingIntent & URI Grants",P5,M5,"Payment PendingIntent replay and misrouting, composed",critical,`broken_access_control.idor.modify_sensitive_information_iterable_object_identifiers` (P2) for the misroute; direct financial impact for the replay,"AM-03, AM-04","all apps with in-app payment, transfer, top-up or subscription confirmation",`risks/pending-intent`; AOSP `PendingIntent.java`,D08-intent-redirection-and-pendingintent.md,false,,,,
D08-051,D08,"Intent Redirection, PendingIntent & URI Grants",P5,M5,Control for Android 15 force-stop cancelling PendingIntents,support,none,AM-12,Android 15+,`about/versions/15/behavior-changes-15` — the system cancels all pending intents when an app enters the stopped state; `ApplicationStartInfo.wasForceStopped()`,D08-intent-redirection-and-pendingintent.md,false,,,,
D08-052,D08,"Intent Redirection, PendingIntent & URI Grants",P5,M5,PendingIntent whose base Intent carries `FLAG_GRANT_*` — `send()` issues the grant,critical,`sensitive_data_exposure.disclosure_of_secrets.for_publicly_accessible_asset` (P1),"AM-03, AM-04",all,MASTG-TEST-0381; MASTG-KNOW-0117; `risks/pending-intent`; ATT&CK T1635 Steal Application Access Token,D08-intent-redirection-and-pendingintent.md,false,,,,
D08-053,D08,"Intent Redirection, PendingIntent & URI Grants",P5,M5,`grantUriPermission()` called with a caller-supplied package name,high,`sensitive_data_exposure.disclosure_of_secrets.for_publicly_accessible_asset` (P1) if the granted path holds a token,AM-03,all,MASTG-KNOW-0117; MASTG-TEST-0357; `risks/content-resolver`; ATT&CK T1409,D08-intent-redirection-and-pendingintent.md,false,,,,
D08-054,D08,"Intent Redirection, PendingIntent & URI Grants",P5,M5,Outbound implicit intent carrying grant flags → resolver hijack,high,`sensitive_data_exposure.disclosure_of_secrets.pii_leakage_exposure` (null) or `.for_publicly_accessible_asset` (P1) by payload,AM-03,all,"MASTG-TEST-0374 (References to Implicit Intents Carrying Sensitive Extras), rule `mastg-android-implicit-intent-leaking-extras`; `risks/intent-redirection`; ATT&CK T1635.001 URI Hijacking — ATT&CK's detection guidance explicitly says to ""encourage explicit intents over implicit ones"" and ""verify destination app signing certificates during application vetting""",D08-intent-redirection-and-pendingintent.md,false,,,,
D08-055,D08,"Intent Redirection, PendingIntent & URI Grants",P5,M5,"Persistable grant retention after the share is ""over""",high,`sensitive_data_exposure.disclosure_of_secrets.pii_leakage_exposure` (null),AM-03 + one user share action,all; the grant dies on target-app uninstall — state that in the report,`risks/pending-intent` and `risks/sender-of-pending-intents` cover the grant-transfer direction; MASTG-KNOW-0117; ATT&CK T1533,D08-intent-redirection-and-pendingintent.md,false,,,,
D08-056,D08,"Intent Redirection, PendingIntent & URI Grants",P5,M5,`android:requireContentUriPermissionFromCaller` absent on a URI-consuming activity,medium,`broken_access_control.exposed_sensitive_android_intent` (null),AM-03,"Android 15+ (API 35) for the attribute; the underlying confused deputy works on all versions, which is why its absence on a modern app is worth calling out","`guide/topics/manifest/activity-element` (`android:requireContentUriPermissionFromCaller` values and the three enforced Intent fields); `about/versions/15/features` (`Context.checkContentUriPermissionFull()`, `ComponentCaller`)",D08-intent-redirection-and-pendingintent.md,false,,,,
D08-057,D08,"Intent Redirection, PendingIntent & URI Grants",P5,M5,`ComponentCaller` checked in `onCreate` but not in `onNewIntent`,high,`broken_access_control.exposed_sensitive_android_intent` (null); `broken_authentication_and_session_management.authentication_bypass` (P1) if the gate is an auth gate,AM-03,Android 15+ for the APIs; the `onNewIntent` gap is universal and applies to any caller check,"`about/versions/15/features` (`ComponentCaller`, `Context.checkContentUriPermissionFull()`); `risks/intent-redirection` (""Checking `getCallingActivity()` returns non-null"" listed as a common mistake; attackers can supply null)",D08-intent-redirection-and-pendingintent.md,false,,,,
D08-058,D08,"Intent Redirection, PendingIntent & URI Grants",P5,M5,Inbound `content://` URI consumed without `checkUriPermission` / authority validation,critical,`sensitive_data_exposure.disclosure_of_secrets.pii_leakage_exposure` (null) — Critical when the victim's held permission is re-delegated,AM-03,all,"`risks/content-resolver` — the documented validators `belongsToCurrentApplication()`, `isExported()` and `wasGrantedPermission()`, whose absence is the bug; MASTG-KNOW-0117",D08-intent-redirection-and-pendingintent.md,false,,,,
D08-059,D08,"Intent Redirection, PendingIntent & URI Grants",P5,M5,`getCallingActivity()` non-null used as an authentication signal,high,`broken_authentication_and_session_management.authentication_bypass` (P1) if the branch is an auth gate,AM-03,all,"`risks/intent-redirection` ""Common Mistakes to Avoid"" — relying on `getCallingActivity()` returning non-null (""Malicious apps can supply null""), and assuming `checkCallingPermission()` throws when it returns an `int`; `risks/access-control-to-exported-components`",D08-intent-redirection-and-pendingintent.md,false,,,,
D08-060,D08,"Intent Redirection, PendingIntent & URI Grants",P5,M5,"`android.intent.extra.REFERRER` or a caller-supplied ""source app"" string trusted",high,`broken_authentication_and_session_management.authentication_bypass` (P1) when it unlocks a partner-tier flow,AM-03,all,drozer `android.intent.extra.REFERRER` (verified in the extras list in `src/drozer/android.py`); `risks/access-control-to-exported-components`,D08-intent-redirection-and-pendingintent.md,false,,,,
D08-061,D08,"Intent Redirection, PendingIntent & URI Grants",P5,M5,GMS SMS User Consent receiver as an arbitrary-Intent-launch gadget,critical,`sensitive_data_exposure.disclosure_of_secrets.for_publicly_accessible_asset` (P1) on the exfiltrated token,AM-03 (attacker app declares **only** `INTERNET`),"any app using GMS SMS User Consent or SMS autofill — typically OTP, login and card-3DS screens. The BAL constraint applies **API 34+**",`developers.google.com/identity/sms-retriever/user-consent/request` × `risks/intent-redirection`; CVE-2021-4438 (React Native SMS User Consent),D08-intent-redirection-and-pendingintent.md,false,,,,
D08-062,D08,"Intent Redirection, PendingIntent & URI Grants",P5,M5,"The byte-returning gadget — prove exfiltration, not a proxied read",support,n/a (governance) — it is what separates `sensitive_data_exposure.disclosure_of_secrets.for_publicly_accessible_asset` (P1) from an unrated `broken_access_control.exposed_sensitive_android_intent`,n/a,"every confused-deputy read in this chapter — D08-010, -011, -012, -033, -034, -052, -058, -061","the corpus rule ""two verified links plus one unproven link is a Medium, not a Critical""; `docs/02-severity-and-reportability.md`; Oversecured ""Gaining access to arbitrary Content Providers"" (the four byte-returning vectors)",D08-intent-redirection-and-pendingintent.md,false,,,,
D08-063,D08,"Intent Redirection, PendingIntent & URI Grants",P5,M5,Marker discipline and the paired-refusal control on every redirection claim,support,n/a (false-positive discipline),n/a,"every launch, grant and echo claim in this chapter","Marker Discipline (8+ character random markers, search the **baseline** for the marker first); the Body-Diff Rule (a byte-identical result is not a bypass); Server-Policy-vs-State; `docs/07-triage-and-false-positives.md`",D08-intent-redirection-and-pendingintent.md,false,,,,
D08-064,D08,"Intent Redirection, PendingIntent & URI Grants",P5,M5,Counted sweeps and the two-stack reproduction bar,support,n/a (method),n/a,"the D08-001 census, the D08-005 SDK sweep, and every Critical/High in this chapter","the Shell-Loop Ban (""always count your results""); the Multi-Tool Reproduction Bar for Critical/High; CLAUDE.md Rule 3 (`adb shell` is uid 2000 and is not AM-03)",D08-intent-redirection-and-pendingintent.md,false,,,,
D08-065,D08,"Intent Redirection, PendingIntent & URI Grants",P5,M5,"Pre-severity gate against the Critical claim, not against the bug",support,n/a (governance),n/a,every D08 Critical or High claim,the Pre-Severity Gate (five questions against the Critical **claim**); retraction-appendix discipline and its inverse; `docs/02-severity-and-reportability.md`,D08-intent-redirection-and-pendingintent.md,false,,,,
D08-066,D08,"Intent Redirection, PendingIntent & URI Grants",P5,M5,"Evidence package, chain-filing order and the severity-request paragraph",support,n/a (deliverable and submission mechanics),n/a,every D08 submission,"the five-screenshot state-change pattern; HAR/transcript sanitising and the PII split (mask the secret, leave the correlation data visible); chain-filing order — primitives first so their ids exist, then the consumer, then backfill; ""one fix equals one bounty""; Bugcrowd VRT `broken_access_control.exposed_sensitive_android_intent` carries **priority null**, so the priority comes entirely from your narrative; `docs/04-poc-and-evidence-standard.md`",D08-intent-redirection-and-pendingintent.md,false,,,,
D09-001,D09,"Deep Links, App Links & Custom URI Schemes",P5,M5,"Census every BROWSABLE filter in the merged manifest, resolving string references",support,none — inventory feeding `broken_access_control.exposed_sensitive_android_intent` (null),"AM-02, AM-03",all,MASTG-TECH-0172 (Listing Deep Links); drozer `scanner.activity.browsable`; MASTG-TEST-0028,D09-deeplinks-and-applinks.md,false,,,,
D09-002,D09,"Deep Links, App Links & Custom URI Schemes",P5,M5,"Expand the `<data>` cross-product — attributes merge, they do not pair",medium,`broken_access_control.exposed_sensitive_android_intent` (null — rated on what the unintended combination reaches),"AM-02, AM-03",all,MASTG-TECH-0172 (documents the merge behaviour with a worked example); MASTG-KNOW-0019; `guide/topics/manifest/data-element`,D09-deeplinks-and-applinks.md,false,,,,
D09-003,D09,"Deep Links, App Links & Custom URI Schemes",P5,M5,Attribute every scheme to the AAR that contributed it,support,none — inventory feeding `broken_access_control.exposed_sensitive_android_intent` (null),"AM-03, AM-08","all; especially apps bundling OAuth, chat, attribution or payment SDKs","Google Play ASI campaign **""Scheme Hijacking""** (started 2018-11-15); Oversecured SDK-security post (""SDKs adding URI schemes without origin validation or replay protection enable sensitive actions inside the app under the user's identity"")",D09-deeplinks-and-applinks.md,false,,,,
D09-004,D09,"Deep Links, App Links & Custom URI Schemes",P5,M5,"Enumerate the routes declared in code, not in the manifest",support,none — inventory,"AM-02, AM-03",all; mandatory for apps with a single trampoline activity,"MASTG-TECH-0172; MASTG-TEST-0394 (`getQueryParameter`, `getPathSegments`, `getLastPathSegment` as the extraction APIs)",D09-deeplinks-and-applinks.md,false,,,,
D09-005,D09,"Deep Links, App Links & Custom URI Schemes",P5,M5,Schemes the app emits but never registers,critical,`broken_authentication_and_session_management.authentication_bypass` (P1) when the intercepted value completes a login; `sensitive_data_exposure.disclosure_of_secrets.for_publicly_accessible_asset` (P1),AM-03,all,"**CVE-2026-26123** — Microsoft Authenticator (Android and iOS) emitted a QR-onboarding deep link on the `ms-msa://` scheme **without registering an intent filter for it**, so any sibling app could claim `ms-msa://` and receive the embedded sign-in code; fixed in the March 2026 update. ATT&CK T1635.001 URI Hijacking",D09-deeplinks-and-applinks.md,false,,,,
D09-006,D09,"Deep Links, App Links & Custom URI Schemes",P5,M5,Classify every entry point by its ownership proof before rating anything,support,none — the classifier that decides which VRT path every later item uses,AM-02 vs AM-03 — this item is what decides which,all,"MASTG-KNOW-0019; MASTG-TEST-0393; RFC 8252 (private-use URI schemes: ""multiple apps can typically register the same scheme, making it indeterminate as to which app will receive the authorization code"")",D09-deeplinks-and-applinks.md,false,,,,
D09-007,D09,"Deep Links, App Links & Custom URI Schemes",P5,M5,"Prove browser reachability, not adb reachability",support,none — the evidence rule that sets the attacker model on every other item,AM-02,all,"Google Mobile VRP interaction tiers (""user must follow a link"" = half the remote rate; ""user must install malicious app"" = 5% of it); MASTG-TECH-0173's own caveat about the disambiguation dialog",D09-deeplinks-and-applinks.md,false,,,,
D09-008,D09,"Deep Links, App Links & Custom URI Schemes",P5,M5,Per-browser `intent://` capability matrix,support,none — reach calibration for every AM-02 claim,AM-02,all,`developer.android.com/privacy-and-security/risks/unsafe-use-of-deeplinks`; the `intent://…#Intent;…;end` grammar with `S.browser_fallback_url`,D09-deeplinks-and-applinks.md,false,,,,
D09-009,D09,"Deep Links, App Links & Custom URI Schemes",P5,M5,"Flutter: `flutter_deeplinking_enabled` defaults to ON, so jadx shows you nothing",high,`broken_access_control.exposed_sensitive_android_intent` (null — rated on the Dart route reached),"AM-02, AM-03",Flutter apps using the v2 embedding (`io.flutter.embedding.android.FlutterActivity`),"Flutter `FlutterActivityLaunchConfigs.java` — `HANDLE_DEEPLINKING_META_DATA_KEY = ""flutter_deeplinking_enabled""`, documented default **true**; `EXTRA_INITIAL_ROUTE = ""route""`; MASTG-TECH-0172",D09-deeplinks-and-applinks.md,false,,,,
D09-010,D09,"Deep Links, App Links & Custom URI Schemes",P5,M5,React Native: the Java→JS `Linking` handoff,high,`broken_access_control.exposed_sensitive_android_intent` (null),"AM-02, AM-03","React Native apps (`index.android.bundle`, Hermes or JSC)","MASTG-TECH-0172, MASTG-TECH-0173; React Native `Linking.getInitialURL()` / `Linking.addEventListener('url', …)`",D09-deeplinks-and-applinks.md,false,,,,
D09-011,D09,"Deep Links, App Links & Custom URI Schemes",P5,M5,"Cordova / Capacitor: `appUrlOpen`, `allow-navigation` and `server.url`",critical,`sensitive_data_exposure.disclosure_of_secrets.for_publicly_accessible_asset` (P1) once the attacker origin reaches the plugin bridge,AM-02,"Cordova, Ionic, Capacitor","Cordova `WhitelistPlugin.java` (`<allow-navigation href=""*"">` expands to `http://*/*`, `https://*/*` **and `data:*`**); Capacitor `Bridge.java` `allowedOriginRules` from `server.allowNavigation`; Capacitor `CapConfig.java` (`server.url`, `server.hostname`, `server.androidScheme`, `server.cleartext`)",D09-deeplinks-and-applinks.md,false,,,,
D09-012,D09,"Deep Links, App Links & Custom URI Schemes",P5,M5,Runtime handler discovery — hook `Intent.getData()` with a stack trace,support,none — instrumentation that converts an enumerated scheme into a proven sink,"AM-12 own device (evidence tool, not an attack)",all; requires a Frida-capable device (D26),"MASTG-TECH-0173 (Monitoring Deep Link Handlers at Runtime with Frida); MASTG-TOOL-0032 (Frida CodeShare — ""Android Deep Link Observer"", `@leolashkevych/android-deep-link-observer`); MASTG-DEMO-0152",D09-deeplinks-and-applinks.md,false,,,,
D09-013,D09,"Deep Links, App Links & Custom URI Schemes",P5,M5,Fire the whole URI corpus and record where each one lands,support,none — candidate generation for D09-059 onwards,AM-03 (discovery only — re-prove per D09-076),all,repository harness `tools/07-deeplink-sweep.sh`; drozer `app.activity.start --data-uri`; MASTG-TECH-0173,D09-deeplinks-and-applinks.md,false,,,,
D09-014,D09,"Deep Links, App Links & Custom URI Schemes",P5,M5,`pm get-app-links` — the on-device verification state is the only truth,high,no VRT node for App Links — file the consequence: `server_security_misconfiguration.oauth_misconfiguration.insecure_redirect_uri` (varies) or `broken_access_control.exposed_sensitive_android_intent` (null); **Critical** as `broken_authentication_and_session_management.authentication_bypass` (P1) once you intercept a login link,AM-03 (a competing app wins the chooser); AM-02 for the delivery of the link itself,App Links exist from Android 6.0 (API 23); `pm get-app-links` / `pm verify-app-links` require **Android 12 (API 31)+**,"MASTG-TECH-0174 (Verifying App Link Website Association — documents the exact output shape and the ""Common Reasons Verification Fails"" list); MASTG-TEST-0393; MASWE-0029; `developer.android.com/training/app-links/verify-android-applinks` (compat change id **175408749** and the state vocabulary)",D09-deeplinks-and-applinks.md,false,,,,
D09-015,D09,"Deep Links, App Links & Custom URI Schemes",P5,M5,Fetch `assetlinks.json` for every declared host and diff the fingerprint,high,"file the consequence — `broken_access_control.exposed_sensitive_android_intent` (null), or P1 `authentication_bypass` once the hijacked link carries a login token",AM-03,all apps declaring `autoVerify`,MASTG-TECH-0174; `developers.google.com/digital-asset-links/v1/getting-started` (statement structure); MASTG-TEST-0393; MASTG-TOOL-0123 (apksigner),D09-deeplinks-and-applinks.md,false,,,,
D09-016,D09,"Deep Links, App Links & Custom URI Schemes",P5,M5,Play App Signing: the fingerprint you checked may be the wrong certificate,high,consequence-rated; the mechanism is a verifiable App Links break,AM-03,every app distributed through Play with Play App Signing (the default for new apps since AAB-only publishing in August 2021),Play App Signing — upload key vs app signing key (support.google.com/googleplay/android-developer/answer/9842756); MASTG-TECH-0174,D09-deeplinks-and-applinks.md,false,,,,
D09-017,D09,"Deep Links, App Links & Custom URI Schemes",P5,M5,"The Digital Asset Links failure taxonomy — redirects, transport, JSON, per-host files",high,consequence-rated (see D09-014),AM-03,all apps declaring `autoVerify`,"MASTG-TECH-0174 ""Common Reasons Verification Fails""; `developer.android.com/training/app-links/verify-android-applinks`",D09-deeplinks-and-applinks.md,false,,,,
D09-018,D09,"Deep Links, App Links & Custom URI Schemes",P5,M5,Wildcard or extra `package_name` in the statement file,high,`broken_access_control.exposed_sensitive_android_intent` (null); P1 `authentication_bypass` if the over-trusted package can reach a login link,"AM-03, AM-08",all apps declaring `autoVerify`,"`developers.google.com/digital-asset-links/v1/getting-started`; repository harness `tools/04-applink-verify.sh` (""a `package_name` in assetlinks.json that is not the app -> over-broad trust"")",D09-deeplinks-and-applinks.md,false,,,,
D09-019,D09,"Deep Links, App Links & Custom URI Schemes",P5,M5,Stale `sha256_cert_fingerprints` after a signing-key rotation,high,consequence-rated; the retired key remains trusted for domain handling,"AM-03 (with the retired key), AM-08","apps that have rotated a signing key, used Play key upgrade, or migrated between publishers","repository harness `tools/04-applink-verify.sh` (""a stale sha256 fingerprint (old signing key still trusted)""); MASTG-TECH-0174",D09-deeplinks-and-applinks.md,false,,,,
D09-020,D09,"Deep Links, App Links & Custom URI Schemes",P5,M5,"A statement host the vendor no longer owns, or a dangling subdomain",high,"`server_security_misconfiguration.misconfigured_dns.subdomain_takeover` (P3) for the takeover itself, chaining to P1 `authentication_bypass` when the taken-over host serves the statement that grants link handling","AM-01 for the takeover, AM-02 for the link delivery","all apps with more than one declared host, especially wildcard hosts","repository harness `tools/04-applink-verify.sh` (""an entry for a subdomain the vendor no longer controls -> takeover -> link hijack""); Oversecured ""Domain Takeover via Expired Whitelist Entry"" (""Static analysis cannot know that a domain has expired"")",D09-deeplinks-and-applinks.md,false,,,,
D09-021,D09,"Deep Links, App Links & Custom URI Schemes",P5,M5,Pre-Android-12 verification poisoning: one bad filter de-verifies every host,high,consequence-rated,AM-03,**LEGACY** — devices below Android 12 (API 31). State the app's `minSdkVersion` when reporting,"MASTG-TEST-0393 / MASTG-KNOW-0019, verbatim: ""a single non-verifiable link (for example, a missing `autoVerify`, an invalid Digital Asset Links file, or a custom URL scheme in a verified intent filter) can cause the system to skip verification for **all** of the app's App Links""",D09-deeplinks-and-applinks.md,false,,,,
D09-022,D09,"Deep Links, App Links & Custom URI Schemes",P5,M5,A custom scheme declared inside an `autoVerify` intent filter,high,consequence-rated,AM-03,**LEGACY** effect below API 31; the unverifiable scheme itself is current at every API level,MASTG-KNOW-0019; MASTG-TECH-0174; MASTG-TEST-0393,D09-deeplinks-and-applinks.md,false,,,,
D09-023,D09,"Deep Links, App Links & Custom URI Schemes",P5,M5,Re-verification cadence — write the remediation-verification clause correctly,support,none — report-quality item that decides whether your retest is valid,n/a,all; behaviour differs on Android 15 (API 35)+ versus Android 14 and lower,"`developer.android.com/training/app-links/verify-android-applinks` — Android 15+ periodically re-verifies in the background and an `assetlinks.json` change ""can take up to 7 days to propagate""; Android 14 and lower do not re-verify periodically",D09-deeplinks-and-applinks.md,false,,,,
D09-024,D09,"Deep Links, App Links & Custom URI Schemes",P5,M5,"Third-party link domains: curl the SDK's `assetlinks.json`, not only the client's",critical,`broken_authentication_and_session_management.authentication_bypass` (P1) when the hijacked link is a magic link,AM-03,"any app using Branch (`*.app.link`), AppsFlyer (`*.onelink.me`), Adjust (`*.go.link`), Firebase Dynamic Links or a similar link-shortening/attribution service","H1 **#855618** (Shopify Arrive — magic-link ATO over an unverified Branch `app.link` domain, rated **Low** by the vendor despite full ATO)",D09-deeplinks-and-applinks.md,false,,,,
D09-025,D09,"Deep Links, App Links & Custom URI Schemes",P5,M5,`assetlinks.json` relation confusion: link handling versus credential sharing,high,`broken_authentication_and_session_management.authentication_bypass` (P1) if a passkey origin binds to a host outside the client's control,"AM-03, AM-09","apps using Credential Manager passkeys, or sharing credentials between an app and a website","`developers.google.com/digital-asset-links/v1/getting-started` (both relation strings); `developer.android.com/identity/sign-in/credential-manager` (""Passkeys are bound to your app's origin via assetlinks.json"")",D09-deeplinks-and-applinks.md,false,,,,
D09-026,D09,"Deep Links, App Links & Custom URI Schemes",P5,M5,Custom-scheme squat from the zero-permission attacker app,critical,`broken_authentication_and_session_management.authentication_bypass` (P1) when the captured value completes a login; `sensitive_data_exposure.disclosure_of_secrets.for_publicly_accessible_asset` (P1) for the token itself; `broken_access_control.exposed_sensitive_android_intent` (null) when it captures something less,AM-03,"all custom (non-http/https) schemes, every Android version. Custom schemes have **no** ownership verification and never have","MASTG-TEST-0393; MASWE-0029 (CWE-939, CWE-917); ATT&CK **T1635.001 URI Hijacking** (""Applications regularly register URIs with the operating system to act as a response handler for various actions, such as logging into an app using an external account via single sign-on""), mitigations M1013/M1006; Google Play ASI ""Scheme Hijacking"" campaign; MASTG-KNOW-0019 (""Unlike iOS, Android provides no mechanism to identify which app sent the Intent"")",D09-deeplinks-and-applinks.md,false,,,,
D09-027,D09,"Deep Links, App Links & Custom URI Schemes",P5,M5,Unverified https host squat with a matching `pathPattern`,critical,`broken_authentication_and_session_management.authentication_bypass` (P1); `sensitive_data_exposure.weak_password_reset_implementation` family when the captured artefact is a reset token,AM-03,any `http`/`https` BROWSABLE filter whose host is **not** `verified` per D09-014,"MASTG-TEST-0393; the corpus's password-reset hijack write-up (""The reset domain does **not** publish an `assetlinks.json` file, and the official Android application does **not** define a matching `intent-filter`""); H1 #855618",D09-deeplinks-and-applinks.md,false,,,,
D09-028,D09,"Deep Links, App Links & Custom URI Schemes",P5,M5,OAuth authorization-code interception over a custom-scheme redirect,critical,`server_security_misconfiguration.oauth_misconfiguration.account_takeover` (P2); escalate to `broken_authentication_and_session_management.authentication_bypass` (P1) once you complete the takeover,AM-03,every app whose OAuth/OIDC `redirect_uri` is a private-use URI scheme rather than a claimed https redirect,"RFC 8252 (""multiple apps can typically register the same scheme, making it indeterminate as to which app will receive the authorization code""; native public clients MUST implement PKCE); ATT&CK T1635, T1635.001 (mitigation M1013: ""Implement Android App Links and iOS Universal Links for secure URI binding"" and ""Adopt PKCE … to prevent stolen authorization code misuse""); Google Mobile VRP class ""Leaking OAuth tokens""; Oversecured (""For OAuth flows: always use App Links, never custom schemes"")",D09-deeplinks-and-applinks.md,false,,,,
D09-029,D09,"Deep Links, App Links & Custom URI Schemes",P5,M5,PKCE not enforced at the token endpoint (the reportable half),high,`server_security_misconfiguration.oauth_misconfiguration.account_takeover` (P2) when combined with an interception path; the PKCE gap alone is the control failure,"AM-03 (the interceptor), AM-01 against the authorisation server",every mobile OAuth public client,"RFC 8252; draft-ietf-oauth-security-topics §2.1.1 (MUST use PKCE; MUST mitigate PKCE downgrade); the corpus's never-submit note: **""OAuth `client_secret` in a mobile app"" is known and expected and must not be submitted — PKCE non-enforcement is the reportable finding instead**",D09-deeplinks-and-applinks.md,false,,,,
D09-030,D09,"Deep Links, App Links & Custom URI Schemes",P5,M5,Predictable PKCE code verifier,high,`server_security_misconfiguration.oauth_misconfiguration.account_takeover` (P2),AM-03,apps doing Authorization Code + PKCE natively (RFC 8252),"Google Mobile VRP auditing tip, verbatim: ""Implicit grant is always bad; If using Authz flow, check for PKCE use; If using PKCE, check that it is not predictable""; the corpus's disclosed Superhuman/Grammarly ""Authorization Code with PKCE flow implementation vulnerability that allows account takeover""",D09-deeplinks-and-applinks.md,false,,,,
D09-031,D09,"Deep Links, App Links & Custom URI Schemes",P5,M5,Magic-link / one-tap-login token interception,critical,`broken_authentication_and_session_management.authentication_bypass` (P1),AM-03,"any app with emailed/SMS'd login links, invite links, or ""continue on your phone"" flows","MASTG risk `unsafe-use-of-deeplinks`, which cites H1 **#855618** ""Account Takeover via Magic Link Interception""; H1 #855618 (Shopify Arrive)",D09-deeplinks-and-applinks.md,false,,,,
D09-032,D09,"Deep Links, App Links & Custom URI Schemes",P5,M5,`android:priority` is capped — do not claim a priority win,support,none — false-positive prevention on every squat claim,n/a,all,"`guide/topics/manifest/intent-filter-element`, verbatim: ""In certain circumstances the requested priority is ignored and the value is capped to 0. This occurs when: A non-privileged application requests any priority >0. A privileged application requests a priority >0 for `ACTION_VIEW`, `ACTION_SEND`, `ACTION_SENDTO` or `ACTION_SEND_MULTIPLE`.""",D09-deeplinks-and-applinks.md,false,,,,
D09-033,D09,"Deep Links, App Links & Custom URI Schemes",P5,M5,"Android 12+ web-intent resolution, and the custom scheme added to work around it",high,consequence-rated; the workaround scheme is a class (c) entry point,"AM-03 (app-to-app), AM-02 (the link that starts the flow)",Android 12 (API 31)+ for resolution behaviour; the manifest issue is universal,"`developer.android.com/about/versions/12/behavior-changes-12` and `.../behavior-changes-all` (web intent resolution: a generic web intent resolves to the app only if the app is approved for that domain); **CVE-2024-45240** (TikTok Lynxview deep-link traversal, ""only exploitable by third-party applications"" on Android 12 and later)",D09-deeplinks-and-applinks.md,false,,,,
D09-034,D09,"Deep Links, App Links & Custom URI Schemes",P5,M5,Scheme collision across every app that embeds the same SDK,high,`server_security_misconfiguration.oauth_misconfiguration.account_takeover` (P2) when the intercepted value is an OAuth artefact,"AM-03, AM-08",custom schemes contributed by a shared SDK; **not** verified App Links,"Google Play ASI ""Scheme Hijacking"" campaign (started 2018-11-15); Oversecured SDK-security post; ASI ""Embedded Facebook OAuth Token"" / ""Embedded Foursquare OAuth Token"" campaigns (both started 2016-09-28) for the adjacent hardcoded-credential case",D09-deeplinks-and-applinks.md,false,,,,
D09-035,D09,"Deep Links, App Links & Custom URI Schemes",P5,M5,Deferred deep links from an attribution SDK — a router input the OS never validated,high,`broken_access_control.exposed_sensitive_android_intent` (null — rated on the router sink reached),"AM-09 (the SDK's backend or whoever controls the link record), AM-02","all apps bundling Branch, AppsFlyer, Adjust, Kochava, Firebase Dynamic Links or a similar MMP","no external identifier verified for this exact path in the corpus — the corpus covers exported install-referrer *receivers*, not the deferred-deep-link callback. Report it on mechanism, with the SDK's own documentation as the reference",D09-deeplinks-and-applinks.md,false,,,,
D09-036,D09,"Deep Links, App Links & Custom URI Schemes",P5,M5,`INSTALL_REFERRER` payload trusted for routing or entitlement,high,`broken_access_control.exposed_sensitive_android_intent` (null) for the routing case; the entitlement case is a business-logic finding — file the consequence,AM-01 (anyone who can construct the referring URL),all; any targetSdk,`com.android.installreferrer` / `InstallReferrerClient` / `ReferrerDetails`; no external vulnerability identifier verified in the corpus for the trusted-payload question,D09-deeplinks-and-applinks.md,false,,,,
D09-037,D09,"Deep Links, App Links & Custom URI Schemes",P5,M5,QR / barcode scan treated as a trusted deep-link source,high,"consequence-rated; `broken_access_control.exposed_sensitive_android_intent` (null) at minimum, P1 `authentication_bypass` when the scan completes a login or account link","AM-02 (a printed sticker over a legitimate code — no malware, no permissions)","any app with a scanner: payments/UPI, ticketing, delivery, ""scan to pair"", loyalty, device onboarding","`developers.google.com/ml-kit/vision/barcode-scanning/android` — `BarcodeScanning.getClient()`, `Barcode.getRawValue()`, `getValueType()`, `getUrl()`, `getWifi()`, `Barcode.FORMAT_QR_CODE`, and the permission-less ""Google code scanner"" module; the page carries **no validation guidance**, which is why most integrations pass the raw value through",D09-deeplinks-and-applinks.md,false,,,,
D09-038,D09,"Deep Links, App Links & Custom URI Schemes",P5,M5,NFC tag as the delivery vehicle,support,consequence-rated,"AM-02 variant — one physical tap, no browser, no link, no install prompt","NFC-capable devices. Pre-Android-16 the app must declare an NFC filter; **Android 16+** an `http(s)` tag triggers `ACTION_VIEW`, which reaches ordinary BROWSABLE/App-Link filters even if the app declares no NFC filter","`developer.android.com/develop/connectivity/nfc/nfc` — dispatch priority `ACTION_NDEF_DISCOVERED` > `ACTION_TECH_DISCOVERED` > `ACTION_TAG_DISCOVERED`; AAR precedence (""If no Activity matches the AAR, or multiple Activities handle the intent, start the application specified by the AAR… If the application isn't installed, launch Google Play to download it""); ""Starting in Android 16, scanning NFC tags that store web links (URI scheme `http://` or `https://`) triggers `ACTION_VIEW` instead""; `ACTION_TAG_DISCOVERED` is **deprecated starting Android 17 (API 37)**",D09-deeplinks-and-applinks.md,false,,,,
D09-039,D09,"Deep Links, App Links & Custom URI Schemes",P5,M5,Notification-origin trust signature on privileged deep-link routes,high,`broken_access_control.exposed_sensitive_android_intent` (null); P1 `authentication_bypass` when the trusted path skips an auth gate,AM-02 (a web link carrying a forged signature),apps that gate deep-link routes on a notification-origin signature,"the corpus's worked example: a trampoline activity verifying a `pn_trust_sig` HMAC on links delivered via FCM, with the key resolvable from the APK",D09-deeplinks-and-applinks.md,false,,,,
D09-040,D09,"Deep Links, App Links & Custom URI Schemes",P5,M5,Retired routes that still resolve: pinned shortcuts and instant-app-era paths,high,`broken_access_control.exposed_sensitive_android_intent` (null); P1 `authentication_bypass` when the retired path skips an auth step,"AM-04 (launcher/shortcut access), AM-02 for the instant-app path",`ShortcutManager` from API 25+; the instant-app case applies to any app that ever shipped a Google Play Instant experience,"`developer.android.com/develop/ui/views/launch/shortcuts/managing-shortcuts` — there is **no limit on pinned shortcuts**, `updateShortcuts()` can update pinned shortcuts ""even after they're removed as dynamic shortcuts"", pinned shortcuts are restored automatically after reinstall, and `disableShortcuts()` is the retirement API; `developer.android.com/topic/google-play-instant/overview` (discontinuation and the restricted API/permission subset)",D09-deeplinks-and-applinks.md,false,,,,
D09-041,D09,"Deep Links, App Links & Custom URI Schemes",P5,M5,"Trace the router: URI → parser → route → sink, and produce the route table",support,none — the artefact every later item cites,"AM-02, AM-03",all,MASTG-TEST-0394 (the extraction APIs); MASTG-TECH-0173 (runtime confirmation); MASWE-0029,D09-deeplinks-and-applinks.md,false,,,,
D09-042,D09,"Deep Links, App Links & Custom URI Schemes",P5,M5,Host validation by `startsWith` / `endsWith` / `contains` — run the whole matrix,critical,set by the sink: `sensitive_data_exposure.disclosure_of_secrets.for_publicly_accessible_asset` (P1) when the app sends its token to your origin; `unvalidated_redirects_and_forwards.open_redirect.get_based` (P4) for redirect-only,AM-02,all,"Google Mobile VRP class **""Incorrect URL verification""**, CWE-939 (Improper Authorization in Handler for Custom URL Scheme) — its remediation tip is literally ""Read and understand https://hackerone.com/reports/431002 — 'Golden techniques to bypass host validations in Android apps'"", and its auditing tip: ""Narrow it down to those that are used to branch between different code paths — Could be any part of the URL, not just the host name""; Oversecured WebView checklist §2–3; MASTG risk `unsafe-uri-loading`",D09-deeplinks-and-applinks.md,false,,,,
D09-043,D09,"Deep Links, App Links & Custom URI Schemes",P5,M5,The host is checked and the scheme is not,critical,`server_side_injection.file_inclusion.local` (P1) for `file://`; `cross_site_scripting_xss.stored.url_based` (P3) or the sink's own path for `javascript:`/`data:`,AM-02,all,"MASTG risk `unsafe-uri-loading` (MASVS-CODE) and `cross-app-scripting`; Oversecured WebView checklist §3 (missing scheme check enabling `javascript:`/`file:`/`content:`); H1 **#3475626** (LinkedIn, **High 8.1** — the `javascript://` plus `#` trick)",D09-deeplinks-and-applinks.md,false,,,,
D09-044,D09,"Deep Links, App Links & Custom URI Schemes",P5,M5,Backslash and userinfo divergence between `Uri.parse().getHost()` and the loader,high,`sensitive_data_exposure.disclosure_of_secrets.for_publicly_accessible_asset` (P1) when the loaded origin receives the session,AM-02,**LEGACY** — the backslash form is documented as affecting **minSdkVersion ≤ 24** (Android 7.0 and below). The userinfo/suffix forms in D09-042 are version-independent; use `java.net.URI` divergence on minSdk 25+,"Oversecured WebView checklist §5 (""affected Android 7.0 and below; fix is `minSdkVersion` 25+ or validate with `java.net.URI`""); the corpus's host-validation-bypass reference (minSdk ≤ 24)",D09-deeplinks-and-applinks.md,false,,,,
D09-045,D09,"Deep Links, App Links & Custom URI Schemes",P5,M5,`Uri` object smuggling via reflection (`HierarchicalUri`),high,`broken_access_control.exposed_sensitive_android_intent` (null) → the sink's path,"AM-03 (requires app-to-app delivery of a `Uri` **object**, not a browser link)","**LEGACY-leaning** — Oversecured notes API 28+ forbids internal-interface use ""but this can easily be bypassed"", and describes it as less relevant on Android 12+. Report only where you demonstrate it on the target's supported API range",Oversecured WebView checklist §4 and deep-link post (HierarchicalUri Bypass); the one-line fix is re-parsing: `Uri.parse(intent.getData().toString())`,D09-deeplinks-and-applinks.md,false,,,,
D09-046,D09,"Deep Links, App Links & Custom URI Schemes",P5,M5,Parser-differential sweep: where the validator's parse and the sink's parse disagree,critical,inherits the sink — `sensitive_data_exposure.disclosure_of_secrets.for_publicly_accessible_asset` (P1) when the sink is a session-bearing WebView,AM-02,all,"Google Mobile VRP ""Incorrect URL verification"" auditing tip (""Could be any part of the URL, not just the host name""); the corpus's parser-differential method",D09-deeplinks-and-applinks.md,false,,,,
D09-047,D09,"Deep Links, App Links & Custom URI Schemes",P5,M5,Java validator versus JS/Dart router — the cross-boundary differential,high,`broken_access_control.exposed_sensitive_android_intent` (null) → the framework sink's path,"AM-02, AM-03","React Native, Flutter, Cordova/Capacitor, KMP — any app where the URI crosses a language boundary","MASTG-TECH-0172, MASTG-TECH-0173; the corpus's cross-platform handoff method",D09-deeplinks-and-applinks.md,false,,,,
D09-048,D09,"Deep Links, App Links & Custom URI Schemes",P5,M5,"`pathPattern` glob semantics — no backtracking, lazy `.*`, greedy `*`",high,`broken_access_control.exposed_sensitive_android_intent` (null) — rated on the handler reached,AM-02,"all. `pathSuffix` and `pathAdvancedPattern` are **API 31+**; `<data android:query*>` and `android:fragment*` matchers are **API 35+**, so an app using them has a *narrower* filter on old devices — a behavioural split worth testing on both","`guide/topics/manifest/data-element` — `.` matches any single character; `*` matches zero or more of the **immediately preceding** character and is greedy; `.*` matches any sequence and is **lazy**; there is **no backtracking**, a single forward pass. Documented non-matches: `""abc.*xyz""` does **not** match `""abcpxqrxyz""`; `""a.*.c""` does **not** match `""abbbc""`; `""a*a""` does **not** match `""aaa""`",D09-deeplinks-and-applinks.md,false,,,,
D09-049,D09,"Deep Links, App Links & Custom URI Schemes",P5,M5,`pathPrefix` escape via `../` in the path,medium,`broken_access_control.exposed_sensitive_android_intent` (null) — rated on what the escaped path reaches,AM-02,all apps using `android:pathPrefix` to scope an App Link,"H1 **#1087744** (Shopify, **Low 3.1**) — the verbatim reproduction is `am start -W -a android.intent.action.VIEW -d ""https://ravel17.myshopify.com/admin/collections/../../""`; the same report's deeper form reached `/admin/collections/.../oauth/install_custom_app?client_id=…`",D09-deeplinks-and-applinks.md,false,,,,
D09-050,D09,"Deep Links, App Links & Custom URI Schemes",P5,M5,"Host wildcards, case sensitivity, trailing dots and Unicode",high,consequence-rated; chains with `server_security_misconfiguration.misconfigured_dns.subdomain_takeover` (P3),AM-02,all,"`guide/topics/manifest/data-element` — `scheme`, `host` and `mimeType` are **case-sensitive and must be lowercase** (unlike the RFCs); `*` in `host` matches zero or more characters and **must be the first character**; `*.google.com` is valid and matches `www.google.com`, `.google.com` and `developer.google.com`; `google.co.*` is **invalid**; Gowthams open-redirect research (ideographic full stop `%E3%80%82`)",D09-deeplinks-and-applinks.md,false,,,,
D09-051,D09,"Deep Links, App Links & Custom URI Schemes",P5,M5,`UriRelativeFilterGroup` exclusion rules bypassed by encoding,medium,`broken_access_control.exposed_sensitive_android_intent` (null),AM-02,**Android 15 (API 35)+**,"`developer.android.com/about/versions/15/features` — `UriRelativeFilterGroup`, `UriRelativeFilter`, `<uri-relative-filter-group>`, including ""blocking/exclusion rules""",D09-deeplinks-and-applinks.md,false,,,,
D09-052,D09,"Deep Links, App Links & Custom URI Schemes",P5,M5,`allowNullAction` — an action-less intent takes a different branch,medium,`broken_access_control.exposed_sensitive_android_intent` (null),AM-03,**Android 16 (API 36)+** with `android:intentMatchingFlags` containing `allowNullAction`,"`developer.android.com/about/versions/16/behavior-changes-16` — `allowNullAction`, ""Intents Without Action Cannot Match Intent Filters""; the documented logcat filter `tag=:PackageManager & (message:""Intent does not match component's intent filter:""",D09-deeplinks-and-applinks.md,false,,,,
D09-053,D09,"Deep Links, App Links & Custom URI Schemes",P5,M5,`enforceIntentFilter` absent: an explicit `VIEW` with an arbitrary URI,high,`broken_access_control.exposed_sensitive_android_intent` (null),AM-03 (local app; browser delivery remains filter-bound),"all; the attribute is **Android 16 (API 36)** opt-in, so its absence on older targets is a platform limitation rather than a defect — rate accordingly, and use sibling comparison","`developer.android.com/about/versions/16/behavior-changes-16` (`android:intentMatchingFlags` values `none` / `enforceIntentFilter` / `allowNullAction`, settable on `<application>`, `<activity>`, `<activity-alias>`, `<receiver>`, `<service>`, `<provider>`, component value overriding application value)",D09-deeplinks-and-applinks.md,false,,,,
D09-054,D09,"Deep Links, App Links & Custom URI Schemes",P5,M5,"`intentMatchingFlags=""none""` — a hole punched in the app's own hardening",high,`broken_access_control.exposed_sensitive_android_intent` (null),AM-03,"**Android 16 (API 36)+**, targetSdk 36","`developer.android.com/about/versions/16/behavior-changes-16` — `""none""` **disables all special matching rules and takes precedence**; the same logcat filter as D09-052",D09-deeplinks-and-applinks.md,false,,,,
D09-055,D09,"Deep Links, App Links & Custom URI Schemes",P5,M5,Over-broad path scope on a correctly verified App Link,medium,`broken_access_control.exposed_sensitive_android_intent` (null) → the sink's path,AM-02,apps whose hosts report `verified` — this is the residual risk once interception is closed,"the corpus's ruled-out discipline (""App Links path-scoped correctly"" is a negative worth keeping); MASTG-TECH-0174",D09-deeplinks-and-applinks.md,false,,,,
D09-056,D09,"Deep Links, App Links & Custom URI Schemes",P5,M5,An expired or registrable domain inside the code-side allow-list,critical,`sensitive_data_exposure.disclosure_of_secrets.for_publicly_accessible_asset` (P1) when the app attaches its auth headers to the resurrected host,"AM-01 (register the domain), AM-02 (deliver the link)",all,"Oversecured ""Android deep link vulnerabilities"" §5 — Domain Takeover via Expired Whitelist Entry; verbatim: ""Static analysis cannot know that a domain has expired""",D09-deeplinks-and-applinks.md,false,,,,
D09-057,D09,"Deep Links, App Links & Custom URI Schemes",P5,M5,Shared-tenant wildcard hosts in the allow-list,critical,`sensitive_data_exposure.disclosure_of_secrets.for_publicly_accessible_asset` (P1) when a bridge or session follows the load,AM-02,all,"the corpus's Source_To_Sink case (Feb 2026), verbatim: ""anyone can create an S3 bucket and host content on `*.s3.amazonaws.com`. This wildcard trust effectively allows attacker-controlled content"" — the chain reached `window.nativeBridge.uploadFile()`",D09-deeplinks-and-applinks.md,false,,,,
D09-058,D09,"Deep Links, App Links & Custom URI Schemes",P5,M5,Router traversal inside the route or path segment,high,`broken_access_control.exposed_sensitive_android_intent` (null); `broken_access_control.idor.*` when it lands on another user's object,AM-02,all apps that put a parameter **inside** the URL path (`https://api.target.example/v1/users/{username}`),"HackTricks deep-link guidance (""Parameters in path … you may be able to cause an Open Redirect …, account takeover …, and any other vuln""); MASTG-TEST-0394's `myapp://open?path=../../data/sensitive.txt` archetype",D09-deeplinks-and-applinks.md,false,,,,
D10-001,D10,WebView & JavaScript Bridges,P5,M5,"Map every WebView and audit its WebSettings on the concrete class, not the abstract one",support,n/a (enabler; the reachable misconfiguration it uncovers is the finding),AM-02,all,"MASTG-TEST-0251, MASTG-TEST-0253, MASTG-TECH-0043/-0044/-0045, MASTG-DEMO-0030, `com.android.webview.chromium.ContentSettingsAdapter`",D10-webview-and-js-bridges.md,false,,,,
D10-002,D10,WebView & JavaScript Bridges,P5,M5,Locate the single URL/origin validator that gates both loads and bridge attach,support,n/a (enabler),AM-02,all WebView apps,"`risks/unsafe-uri-loading`; local corpus ""Map the WebView layer first""",D10-webview-and-js-bridges.md,false,,,,
D10-003,D10,WebView & JavaScript Bridges,P5,M5,Enumerate every `@JavascriptInterface` method and build the bridge→capability table rated by return,support,n/a (enabler; the reachable sensitive method is the finding),AM-02,all apps with `addJavascriptInterface`,"MASTG-TEST-0334, MASWE-0033 (CWE-749), MASTG-TECH-0043; `risks/insecure-webview-native-bridges`",D10-webview-and-js-bridges.md,false,,,,
D10-004,D10,WebView & JavaScript Bridges,P5,M5,JS bridge method reachable from attacker-controlled content returns a live credential → ATO,critical,`sensitive_data_exposure.disclosure_of_secrets.for_publicly_accessible_asset` (P1); `broken_authentication_and_session_management.authentication_bypass` (P1),AM-02,all apps with `addJavascriptInterface` + a delivery path (D10-016+),"MASTG-TEST-0334, MASWE-0033, ATT&CK T1407/T1635; H1 #401793, #1343300, #1500614, #189793; CWE-929",D10-webview-and-js-bridges.md,false,,,,
D10-005,D10,WebView & JavaScript Bridges,P5,M5,`minSdk<17` `addJavascriptInterface` reflection RCE,critical,`server_side_injection.remote_code_execution_rce` (P1),AM-02 (with cleartext/MitM or a reachable origin),LEGACY — `minSdkVersion < 17` only,"CVE-2012-6636, CVE-2013-4710, CVE-2014-0514, CVE-2014-4968; drozer `exploit.remote.webview.addjavascriptinterface`; EDB 42288/34088/32884/41675/31519",D10-webview-and-js-bridges.md,false,,,,
D10-006,D10,WebView & JavaScript Bridges,P5,M5,Bridge injected into every frame → cross-origin iframe reaches it (main-frame-only enforcement),critical,`sensitive_data_exposure.disclosure_of_secrets.for_publicly_accessible_asset` (P1),AM-02 / AM-09,all WebViews with `addJavascriptInterface`,"MASTG-TEST-0334 (""`WebView.getUrl()` is not a reliable way to determine which frame invoked""); `risks/insecure-webview-native-bridges` (""injected into every frame, including iframes"")",D10-webview-and-js-bridges.md,false,,,,
D10-007,D10,WebView & JavaScript Bridges,P5,M5,The same bridge is registered twice and only one variant re-checks origin,critical,`sensitive_data_exposure.disclosure_of_secrets.for_publicly_accessible_asset` (P1),AM-02,all; always diff variants,local corpus residual pattern 3 (Meesho checkout `xoox` `C14497h` re-checks; BNPL `xoox` `C1535g` has no gate),D10-webview-and-js-bridges.md,false,,,,
D10-008,D10,WebView & JavaScript Bridges,P5,M5,"Unvalidated sibling load path (prefetcher, raw WebView, third-party SDK WebView)",high,`unvalidated_redirects_and_forwards.open_redirect.get_based` (P4) floor; `sensitive_data_exposure.disclosure_of_secrets.for_publicly_accessible_asset` (P1) if the sibling also attaches a bridge/headers,AM-02,all,"local corpus residual pattern 1/2 (Meesho `Profile.prefetchUrl`, raw `WebView` `C14505l`)",D10-webview-and-js-bridges.md,false,,,,
D10-009,D10,WebView & JavaScript Bridges,P5,M5,Per-call origin guard built on `webView.getUrl()` is unreliable,high,`sensitive_data_exposure.disclosure_of_secrets.for_publicly_accessible_asset` (P1) when it gates a token getter,AM-02,all bridged WebViews,"MASTG-TEST-0334 (""`WebView.getUrl()` is not a reliable way to determine which frame invoked the interface"")",D10-webview-and-js-bridges.md,false,,,,
D10-010,D10,WebView & JavaScript Bridges,P5,M5,`addWebMessageListener` with a wildcard `allowedOriginRules`,critical,`sensitive_data_exposure.disclosure_of_secrets.for_publicly_accessible_asset` (P1),AM-02,apps using `androidx.webkit` `WEB_MESSAGE_LISTENER`,"`risks/insecure-webview-native-bridges` (""Lack of origin checks on message endpoints""); MASWE-0033",D10-webview-and-js-bridges.md,false,,,,
D10-011,D10,WebView & JavaScript Bridges,P5,M5,`postWebMessage` / `WebMessagePort.postMessage` with a `*` target origin,high,`sensitive_data_exposure.disclosure_of_secrets.for_publicly_accessible_asset` (P1) if the channel carries a token,AM-02,all; frequently missed (scanners only grep `addJavascriptInterface`),"`risks/insecure-webview-native-bridges` (""Avoid using `*` as target origin""; `loadData()` gives a null origin); `WebMessagePort.java`",D10-webview-and-js-bridges.md,false,,,,
D10-012,D10,WebView & JavaScript Bridges,P5,M5,Dispatcher-style bridge (`invokeMethod`+`handlerName`) reaching a URI→`File` read,critical,`server_security_misconfiguration.path_traversal` (VARIES) → `sensitive_data_exposure.disclosure_of_secrets.for_publicly_accessible_asset` (P1),AM-02,all apps with a generic JS bridge dispatcher,"HackTricks webview-attacks.md (""Abusing dispatcher-style JS bridges"", ""Arbitrary file read via URI → File sinks""); KuCoin `HybridJsInterface.prompt`",D10-webview-and-js-bridges.md,false,,,,
D10-013,D10,WebView & JavaScript Bridges,P5,M5,JS bridge file-write method with an unvalidated filename → sandbox path traversal,high,`server_security_misconfiguration.path_traversal` (VARIES); `server_side_injection.remote_code_execution_rce` (P1) only if a code-load path is writable,AM-02,"all bridges accepting `(content, fileName, mimeType)`","Mustafa Mohamed (2026, H1 public program); safe fix `getCacheDir().toPath().toRealPath()` + `startsWith` check",D10-webview-and-js-bridges.md,false,,,,
D10-014,D10,WebView & JavaScript Bridges,P5,M5,Callback-wrapping to steal a credential-returning bridge result,critical,`sensitive_data_exposure.disclosure_of_secrets.for_publicly_accessible_asset` (P1),AM-02,bridges whose token getter delivers async via a JS callback,"HackTricks webview-attacks.md (""Callback wrapping to steal credential-returning bridge results""); Fares Walid (SirBugs); Oversecured SmartThings `McsBridge.getAuthInfo()`",D10-webview-and-js-bridges.md,false,,,,
D10-015,D10,WebView & JavaScript Bridges,P5,M5,`removeJavascriptInterface()` not called before loading untrusted content (or called too late),support,inherits the bridge severity (D10-004),AM-02,all bridged WebViews that ever navigate off-origin,`WebView.java` (`removeJavascriptInterface`); local corpus,D10-webview-and-js-bridges.md,false,,,,
D10-016,D10,WebView & JavaScript Bridges,P5,M5,Break the URL allow-list validator,critical,`sensitive_data_exposure.disclosure_of_secrets.for_publicly_accessible_asset` (P1) when the bypassed WebView carries a bridge/auth headers,AM-02,all; backslash-authority variant is API ≤ 24 (LEGACY),local corpus Class #16; Oversecured WebView checklist; `HierarchicalUri` reflection variant,D10-webview-and-js-bridges.md,false,,,,
D10-017,D10,WebView & JavaScript Bridges,P5,M5,Scheme never validated → `javascript:` / `file:` / `content:` / `data:` accepted,critical,`sensitive_data_exposure.disclosure_of_secrets.for_publicly_accessible_asset` (P1),AM-02,"all; `loadUrl(""javascript:"")` from an Intent is blocked on modern targetSdk — verify","H1 #499348 (Twitter Lite, Critical), #2555949 (US DoD), #3475626 (LinkedIn 8.1), #1737358 (Shopify)",D10-webview-and-js-bridges.md,false,,,,
D10-018,D10,WebView & JavaScript Bridges,P5,M5,JavaScript enabled before the allow-list completes (order-of-checks bug),high,`sensitive_data_exposure.disclosure_of_secrets.for_publicly_accessible_asset` (P1) as the precondition for bridge abuse,AM-02,all (JS is off by default; the bug is *when* it is turned on),"HackTricks webview-attacks.md (""order-of-checks bug"", Samsung S24 Pwn2Own 2024 chain)",D10-webview-and-js-bridges.md,false,,,,
D10-019,D10,WebView & JavaScript Bridges,P5,M5,`getReferrer()` / scheme-only check used as authorisation for a bridged WebView,high,`sensitive_data_exposure.disclosure_of_secrets.for_publicly_accessible_asset` (P1) via the reached bridge,AM-02 / AM-03,all,"HackTricks webview-attacks.md (""scheme-only checks and `getReferrer()` are not auth""); `Activity.getReferrer()`, `Intent.EXTRA_REFERRER`",D10-webview-and-js-bridges.md,false,,,,
D10-020,D10,WebView & JavaScript Bridges,P5,M5,`shouldOverrideUrlLoading` / `shouldInterceptRequest` allow-list blind spots,high,`sensitive_data_exposure.disclosure_of_secrets.for_publicly_accessible_asset` (P1) once it reaches a bridge/file access,AM-02,all,"MASTG-TEST-0398, MASTG-TEST-0400, MASWE-0035; `WebViewClient.java` ""not called for"" lists",D10-webview-and-js-bridges.md,false,,,,
D10-021,D10,WebView & JavaScript Bridges,P5,M5,WebView vs Custom Tab trust-classifier confusion,high,`sensitive_data_exposure.disclosure_of_secrets.for_publicly_accessible_asset` (P1),AM-02,all apps that mix both surfaces (most consumer apps),`developer.chrome.com/docs/android/custom-tabs`; `risks/unsafe-uri-loading`,D10-webview-and-js-bridges.md,false,,,,
D10-022,D10,WebView & JavaScript Bridges,P5,M5,`loadDataWithBaseURL` with an attacker-influenced `baseUrl` (Universal XSS / same-origin session theft),critical,`sensitive_data_exposure.disclosure_of_secrets.for_publicly_accessible_asset` (P1); `cross_site_scripting_xss.stored.non_admin_to_anyone` (P2) if delivered stored,AM-02,all,"`WebView.java` (`loadDataWithBaseURL`); H1 #532836/#1455987 (Exness), Oversecured Evernote UXSS; local corpus Class #17",D10-webview-and-js-bridges.md,false,,,,
D10-023,D10,WebView & JavaScript Bridges,P5,M5,"WebView XSS from an Intent extra rendered with `loadData()` / `loadDataWithBaseURL(null,...)`",high,`cross_site_scripting_xss.stored.non_admin_to_anyone` (P2) if cross-user; else the bridge/file-access path,AM-02 / AM-03,exported/proxy-reachable activities rendering Intent-derived HTML,"HackTricks webview-attacks.md (""WebView XSS via Intent extras → loadData()""); KuCoin `kucoin:///link?data=`; CVE-2015-7893 (Samsung SecEmailUI)",D10-webview-and-js-bridges.md,false,,,,
D10-024,D10,WebView & JavaScript Bridges,P5,M5,`onNewIntent` context-reuse UXSS (`javascript:` into a reused WebView),critical,`sensitive_data_exposure.disclosure_of_secrets.for_publicly_accessible_asset` (P1),AM-02,`singleTop`/`singleTask` activities reusing a WebView across intents,Oversecured WebView checklist §7; local corpus Class #17,D10-webview-and-js-bridges.md,false,,,,
D10-025,D10,WebView & JavaScript Bridges,P5,M5,"Native→JS string-concatenation injection (`evaluateJavascript` / `loadUrl(""javascript:"")`)",high,`cross_site_scripting_xss.stored.non_admin_to_anyone` (P2) when the concatenated value is server-stored and cross-user; else the bridge path,AM-02 / AM-05,all; only exploitable if the interpolated value is attacker-controlled,"Oversecured WebView checklist §8/§9 (""use JSON methods to sanitize""); local corpus Class #18 (the ""Valmo F1 class"")",D10-webview-and-js-bridges.md,false,,,,
D10-026,D10,WebView & JavaScript Bridges,P5,M5,HTML injection into a string-concatenated WebView template,high,`cross_site_scripting_xss.stored.non_admin_to_anyone` (P2),AM-02 / AM-05,apps that build HTML by concatenation then `loadData`/`loadDataWithBaseURL`,"H1 #283063 (IRCCloud, Medium), #176065 (Brave, High), #297547 (Simplenote)",D10-webview-and-js-bridges.md,false,,,,
D10-027,D10,WebView & JavaScript Bridges,P5,M5,Stored XSS in server content rendered by a WebView (cross-user),high,`cross_site_scripting_xss.stored.non_admin_to_anyone` (P2); Critical when it reaches a bridge,AM-05 (another user of the same app),all WebViews rendering backend-supplied content with JS enabled,"H1 #176065, #283063, #189793, #87835, #121275, #41856, #297547, #230119; `risks/cross-app-scripting`",D10-webview-and-js-bridges.md,false,,,,
D10-028,D10,WebView & JavaScript Bridges,P5,M5,Second-order WebView XSS through `ContentProvider` metadata,high,`cross_site_scripting_xss.stored.non_admin_to_anyone` (P2),AM-03 (malicious local app supplying a `content://` URI),hybrid apps and any WebView that interpolates untrusted metadata into HTML,"HackTricks webview-attacks.md (""Second-order WebView XSS through `ContentProvider` metadata""; Acode v1.10.5 Cordova zero-day)",D10-webview-and-js-bridges.md,false,,,,
D10-029,D10,WebView & JavaScript Bridges,P5,M5,UXSS via `setSupportMultipleWindows()` default — CVE-2020-6506,high,`sensitive_data_exposure.disclosure_of_secrets.for_publicly_accessible_asset` (P1) on the reached origin,AM-02 (one tap/keypress required),LEGACY — WebView engine < 83.0.4103.106; still live on non-updatable OEM/kiosk images,"H1 #906433 (Twitter, High 8.1, CVE-2020-6506, crbug 1083819)",D10-webview-and-js-bridges.md,false,,,,
D10-030,D10,WebView & JavaScript Bridges,P5,M5,`onCreateWindow` / `window.open` child window inheriting the bridge,high,`sensitive_data_exposure.disclosure_of_secrets.for_publicly_accessible_asset` (P1) if the child inherits a token bridge,AM-02,apps with `setSupportMultipleWindows(true)` + an `onCreateWindow` handler,"`WebChromeClient.java` (`onCreateWindow` — ""no trustworthy way to tell which page requested the new window""); `WebSettings.java` defaults",D10-webview-and-js-bridges.md,false,,,,
D10-031,D10,WebView & JavaScript Bridges,P5,M5,`setAllowUniversalAccessFromFileURLs` / `setAllowFileAccessFromFileURLs` → XHR file exfiltration,critical,`sensitive_data_exposure.disclosure_of_secrets.for_publicly_accessible_asset` (P1),AM-02,defaults key on `targetSdk` — see below; on a modern target the setter must be explicit,"MASTG-TEST-0252/-0253, MASWE-0034; `risks/webview-unsafe-file-inclusion`; H1 #499348, #288955",D10-webview-and-js-bridges.md,false,,,,
D10-032,D10,WebView & JavaScript Bridges,P5,M5,`setAllowFileAccess` + a `file://` load path (get the defaults right),critical,`sensitive_data_exposure.disclosure_of_secrets.for_publicly_accessible_asset` (P1),AM-02,"`setAllowFileAccess` defaults **true for targetSdk ≤ 29**, false from 30 (LEGACY default-true below 30)",MASTG-KNOW-0018 defaults table; `risks/webview-unsafe-file-inclusion`; H1 #499348,D10-webview-and-js-bridges.md,false,,,,
D10-033,D10,WebView & JavaScript Bridges,P5,M5,`setAllowContentAccess` → WebView reads `content://` providers (including non-exported),high,`broken_access_control.idor.view_sensitive_information_iterable_object_identifiers` (P3) floor → P1 for a private token store,AM-02,all — `setAllowContentAccess` defaults **true at every API level**,"MASTG-TEST-0250/-0251, MASWE-0034; MASTG-KNOW-0018 (""declared by the app, even if not exported"")",D10-webview-and-js-bridges.md,false,,,,
D10-034,D10,WebView & JavaScript Bridges,P5,M5,`shouldInterceptRequest` path traversal + wildcard CORS → universal local-file read,critical,`server_side_injection.file_inclusion.local` (P1) → `sensitive_data_exposure.disclosure_of_secrets.for_publicly_accessible_asset` (P1),AM-02,apps implementing custom `shouldInterceptRequest` resource loading,"Oversecured ""vulnerabilities in WebResourceResponse"" (Amazon `LocalAssetHandler`); H1 #1011956 (CWE-749, $2300); local corpus Class #23",D10-webview-and-js-bridges.md,false,,,,
D10-035,D10,WebView & JavaScript Bridges,P5,M5,`WebViewAssetLoader` not used where local content is served,support,inherits the file-inclusion severity (D10-034/D10-031),AM-02,all apps serving local assets to a WebView,`risks/webview-unsafe-file-inclusion` (canonical `WebViewAssetLoader` snippet); `AssetsPathHandler`/`ResourcesPathHandler`/`InternalStoragePathHandler`,D10-webview-and-js-bridges.md,false,,,,
D10-036,D10,WebView & JavaScript Bridges,P5,M5,WebView loading content from external storage,high,`sensitive_data_exposure.disclosure_of_secrets.for_publicly_accessible_asset` (P1) via the bridge/file access the injected page reaches,AM-03 / AM-04,all; the external-storage write precondition is easier below API 29 (pre-scoped-storage),"MobSF `android_webview_external` (CWE-919, masvs platform-6)",D10-webview-and-js-bridges.md,false,,,,
D10-037,D10,WebView & JavaScript Bridges,P5,M5,`onShowFileChooser` implicit-intent interception (malicious picker returns a `file://` URI),critical,`sensitive_data_exposure.disclosure_of_secrets.for_publicly_accessible_asset` (P1),AM-03 (malicious app registering a high-priority picker),all WebViews that enable file upload,"Oversecured WebView checklist §12 (""theft of arbitrary files""); `WebChromeClient.java` (""WebView does not enforce restrictions on the chosen file"")",D10-webview-and-js-bridges.md,false,,,,
D10-038,D10,WebView & JavaScript Bridges,P5,M5,Symlink the WebView cookie DB into a `file://` render path (no-root session theft),critical,`broken_authentication_and_session_management.authentication_bypass` (P1),AM-03,apps with `setAllowFileAccess(true)` (default < targetSdk 30) + a `file://` load path,H1 #532836 (Exness) — no root required,D10-webview-and-js-bridges.md,false,,,,
D10-039,D10,WebView & JavaScript Bridges,P5,M5,`onReceivedSslError` calling `handler.proceed()` (WebView TLS bypass),high,"`insecure_data_transport.cleartext_transmission_of_sensitive_data` (VARIES, CWE-319) — the one TLS finding NOT downgraded to a pinning complaint","AM-06 (network attacker, no trusted CA)",all,"MASTG-TEST-0284, MASWE-0027 (CWE-295/297); `WebViewClient.java` (""never proceed past errors""); MobSF `android_webview_ignore_ssl`",D10-webview-and-js-bridges.md,false,,,,
D10-040,D10,WebView & JavaScript Bridges,P5,M5,`setMixedContentMode(MIXED_CONTENT_ALWAYS_ALLOW)`,high,`sensitive_data_exposure.disclosure_of_secrets.for_publicly_accessible_asset` (P1) via injected script → token; the config alone is a P5 misconfiguration,AM-06,permissive default is targetSdk ≤ 19; from targetSdk 21 default is NEVER_ALLOW (explicit call required),"MASTG-TEST-0284, `WebSettings.java` mixed-content constants; MobSF `android_webview_mixed_content` (CWE-319)",D10-webview-and-js-bridges.md,false,,,,
D10-041,D10,WebView & JavaScript Bridges,P5,M5,MitM-injected JS into an `http://` WebView page (LEGACY — needs a stated precondition),high,depends on the origin reached; not reproducible on a modern target without a precondition,AM-06,LEGACY — cleartext blocked by default from targetSdk 28,local corpus field-tooling additions; `usesCleartextTraffic`/NSC,D10-webview-and-js-bridges.md,false,,,,
D10-042,D10,WebView & JavaScript Bridges,P5,M5,`CookieManager.setCookie` to an unvalidated domain (cookie injection),high,`sensitive_data_exposure.disclosure_of_secrets.for_publicly_accessible_asset` (P1) — direct session-token delivery to the attacker origin,AM-02,"all (the cookie jar is shared, process-wide)","Oversecured WebView checklist ""Cookie Injection""; local corpus Class #24",D10-webview-and-js-bridges.md,false,,,,
D10-043,D10,WebView & JavaScript Bridges,P5,M5,Static / reused header map leaking cookies across origins,high,`sensitive_data_exposure.disclosure_of_secrets.for_publicly_accessible_asset` (P1),AM-02,all,"H1 #3475626 (LinkedIn, High 8.1, CWE-Misconfiguration)",D10-webview-and-js-bridges.md,false,,,,
D10-044,D10,WebView & JavaScript Bridges,P5,M5,`setAcceptThirdPartyCookies` on the sign-in / OAuth / checkout WebView,high,`broken_authentication_and_session_management.authentication_bypass` (P1) when it enables session fixation / code interception on an OAuth endpoint,AM-02,all; the setter exists from API 21,`CookieManager.setAcceptThirdPartyCookies` (gap-adversary corpus),D10-webview-and-js-bridges.md,false,,,,
D10-045,D10,WebView & JavaScript Bridges,P5,M5,Modern SameSite default (targetSdk 31) pushing the session token into a URL or bridge,high,`sensitive_data_exposure.disclosure_of_secrets.for_publicly_accessible_asset` (P1) when a token moves into a query string or bridge,AM-02,targetSdk 31+,`about/versions/12/behavior-changes-12` (Modern SameSite cookies in WebView; devtools flag `webview-enable-modern-cookie-same-site`),D10-webview-and-js-bridges.md,false,,,,
D10-046,D10,WebView & JavaScript Bridges,P5,M5,WebView storage not cleaned up on logout (eternal cookies),high,`broken_authentication_and_session_management.failure_to_invalidate_session.on_logout` (P4); higher if the extracted token is still server-valid,AM-03 / AM-10 / AM-11 (needs file access or a shared/lost device),all,"MASTG-TEST-0320, MASWE-0001 (CWE-312/922); MASTG-TECH-0142/-0143; HackTricks README (""Eternal cookies"")",D10-webview-and-js-bridges.md,false,,,,
D10-047,D10,WebView & JavaScript Bridges,P5,M5,`setSavePassword` / `setSaveFormData` / DOM-storage / DB residue on disk,medium,`insecure_data_storage.sensitive_application_data_stored_unencrypted.on_internal_storage` (P5) alone; High when a live token is recovered → D13,AM-03 / AM-11,`setSavePassword` is a no-op from API 18 (LEGACY); DOM-storage/cookie residue is current,`WebSettings.java` deprecations; MASTG-TEST-0320; hackwithsingh sec-14-7 #5/#6/#12/#13/#14,D10-webview-and-js-bridges.md,false,,,,
D10-048,D10,WebView & JavaScript Bridges,P5,M5,`loadUrl` without `loadUrlWithoutCookies` → session cookies sent to any host,high,`sensitive_data_exposure.disclosure_of_secrets.for_publicly_accessible_asset` (P1),AM-02,all,Niraj Kharel methodology (grep `loadUrl()` without `loadUrlWithoutCookies()`),D10-webview-and-js-bridges.md,false,,,,
D10-049,D10,WebView & JavaScript Bridges,P5,M5,`setWebContentsDebuggingEnabled(true)` in a release build,high,`sensitive_data_exposure.disclosure_of_secrets.for_publicly_accessible_asset` (P1) via the exposed session; the config alone maps to P5 debug-mechanism,AM-03 (any local process reaching the abstract socket) / AM-10/AM-11 (USB),all (KitKat+); works independently of the `debuggable` flag,"MASTG-TEST-0227, MASWE-0063 (CWE-489); `WebView.java`; Guardsquare (library globally enabling it)",D10-webview-and-js-bridges.md,false,,,,
D10-050,D10,WebView & JavaScript Bridges,P5,M5,`onPermissionRequest` auto-granting camera/microphone to web content,critical,`sensitive_data_exposure.disclosure_of_secrets.for_publicly_accessible_asset` (P1)-adjacent; covert capture — rate on demonstrated impact,AM-02,all; `react-native-webview` and `unity-webview` grant by default if the app holds the permission,"`WebChromeClient.java` (`onPermissionRequest` default denies); SecWeb 2022 ""The Bridge... is Still Broken"" (5% of top-250 permission-requesting apps)",D10-webview-and-js-bridges.md,false,,,,
D10-051,D10,WebView & JavaScript Bridges,P5,M5,`onGeolocationPermissionsShowPrompt` / `setGeolocationEnabled` auto-grant,high,precise-location disclosure to an attacker origin — rate on impact,AM-02,all; `setGeolocationEnabled` defaults true; prompt fires only for secure origins,"`WebChromeClient.java`, `WebSettings.java`; hackwithsingh sec-14-7 #8",D10-webview-and-js-bridges.md,false,,,,
D10-052,D10,WebView & JavaScript Bridges,P5,M5,Safe Browsing explicitly disabled,low,`mobile_security_misconfiguration.*` (P5) alone; Medium as an aggravator with weak URL validation,AM-02,WebView Safe Browsing on by default from Android 8.1 (API 27),"MASTG-TEST-0399, MASWE-0035 (CWE-829); `risks/cross-app-scripting` (meta-data snippet)",D10-webview-and-js-bridges.md,false,,,,
D10-053,D10,WebView & JavaScript Bridges,P5,M5,`setDownloadListener` — attacker-chosen filename path traversal / cookie leak,high,`server_security_misconfiguration.path_traversal` (VARIES) for the write; `sensitive_data_exposure.disclosure_of_secrets.for_publicly_accessible_asset` (P1) for the cookie leak,AM-02,apps with an in-app browser or any WebView that can navigate to attacker content,no external identifier verified (corpus covers `shouldOverrideUrlLoading`/`shouldInterceptRequest`; `setDownloadListener` is otherwise absent),D10-webview-and-js-bridges.md,false,,,,
D10-054,D10,WebView & JavaScript Bridges,P5,M5,Credential Manager invoked from WebView without origin verification,critical,`broken_authentication_and_session_management.authentication_bypass` (P1),AM-02,apps embedding `androidx.credentials` Credential Manager in WebView,"`identity/sign-in/credential-manager` (WebView integration; ""proper origin verification is required""; passkeys bound via assetlinks.json)",D10-webview-and-js-bridges.md,false,,,,
D10-055,D10,WebView & JavaScript Bridges,P5,M5,Capacitor `/_capacitor_file_` arbitrary app-private file read,critical,`server_side_injection.file_inclusion.local` (P1) → `sensitive_data_exposure.disclosure_of_secrets.for_publicly_accessible_asset` (P1),AM-02 (needs script execution in the WebView),"Capacitor Android (designed feature of the local server, not a CVE)","Capacitor `Bridge.java` (`CAPACITOR_FILE_START=""/_capacitor_file_""`, `window.WEBVIEW_SERVER_URL`); `AndroidProtocolHandler.openFile()`",D10-webview-and-js-bridges.md,false,,,,
D10-056,D10,WebView & JavaScript Bridges,P5,M5,Capacitor `/_capacitor_http_interceptor_` SOP bypass / SSRF-from-device,critical,`server_side_injection.file_inclusion.local` (P1)-class read primitive; SSRF into internal hosts,AM-02,Capacitor Android with the CapacitorHttp plugin (default in recent Capacitor),"Capacitor `Bridge.java` (`CAPACITOR_HTTP_INTERCEPTOR_START`), `WebViewLocalServer.handleCapacitorHttpRequest()`, `plugin/CapacitorHttp.java` (`addJavascriptInterface(this,""CapacitorHttpAndroidInterface"")`)",D10-webview-and-js-bridges.md,false,,,,
D10-057,D10,WebView & JavaScript Bridges,P5,M5,Capacitor `androidBridge.postMessage` plugin surface (+ `addJavascriptInterface` fallback),critical,`server_side_injection.remote_code_execution_rce` (P1) for a plugin reaching code/file access; else the token/file paths,AM-02,Capacitor Android,"Capacitor `MessageHandler.java` (`addWebMessageListener(..., ""androidBridge"", allowedOriginRules, ...)`, falls back to `addJavascriptInterface(this,""androidBridge"")` on exception or `android.useLegacyBridge`); `PluginManager.parsePluginsJSON()`",D10-webview-and-js-bridges.md,false,,,,
D10-058,D10,WebView & JavaScript Bridges,P5,M5,Cordova `_cordovaNative` / `gap:` prompt bridge and its bridge-secret gate,critical,`server_side_injection.remote_code_execution_rce` (P1) if `exec()` succeeds; High if only the bridge object is exposed off-origin,AM-02,Cordova / Ionic-on-Cordova Android,"Cordova `SystemWebViewEngine.java` (`addJavascriptInterface(exposedJsApi,""_cordovaNative"")`), `SystemExposedJsApi.java`, `CordovaBridge.java` (`verifySecret`, `promptOnJsPrompt`, `gap:`/`gap_init:`)",D10-webview-and-js-bridges.md,false,,,,
D10-059,D10,WebView & JavaScript Bridges,P5,M5,Cordova `AndroidInsecureFileModeEnabled` — one-preference universal file-read SOP bypass,critical,`server_side_injection.file_inclusion.local` (P1) → `sensitive_data_exposure.disclosure_of_secrets.for_publicly_accessible_asset` (P1),AM-02,Cordova-Android (LEGACY compatibility mode; should never ship),"Cordova `SystemWebViewEngine.java` (`preferences.getBoolean(""AndroidInsecureFileModeEnabled"",false)` → `setAllowFileAccess(true)`+`setAllowUniversalAccessFromFileURLs(true)`)",D10-webview-and-js-bridges.md,false,,,,
D10-060,D10,WebView & JavaScript Bridges,P5,M5,"Cordova `<allow-navigation href=""*"">` / `<access origin=""*"">` + missing CSP",high,precondition for bridge access — rate on the bridge PoC (P1),AM-02,Cordova / Ionic-on-Cordova,"Cordova `WhitelistPlugin.java` (`""*""` on allow-navigation expands to `http://*/*`,`https://*/*` **and `data:*`**); Cordova whitelist docs (""cannot block redirects from whitelisted remote sites"")",D10-webview-and-js-bridges.md,false,,,,
D10-061,D10,WebView & JavaScript Bridges,P5,M5,React Native `ReactNativeWebView` bridge + re-enabled file-access props,critical,`server_side_injection.remote_code_execution_rce` (P1) when `onMessage` routes into a privileged native module; else token/file paths,AM-02,React Native apps using `react-native-webview`,"`RNCWebView.java` (`JAVASCRIPT_INTERFACE=""ReactNativeWebView""`, `injectedObjectJson`), `RNCWebViewManager.kt` (defaults `setSupportMultipleWindows(true)`, `allowUniversalAccessFromFileURLs=false`)",D10-webview-and-js-bridges.md,false,,,,
D10-062,D10,WebView & JavaScript Bridges,P5,M5,Cordova-Android < 4.1.1 whitelist redirect bypass / config injection (LEGACY),high,plugin access from an attacker origin → P1-class device/file access,AM-02 / AM-06,LEGACY — Cordova-Android < 4.1.1 (< 4.0.2 for config-via-Intent),"CVE-2015-5256, CVE-2015-1835, CVE-2014-3502, CVE-2014-3500; Google ""How to fix apps with Apache Cordova vulnerabilities""",D10-webview-and-js-bridges.md,false,,,,
D10-063,D10,WebView & JavaScript Bridges,P5,M5,CSP not enforced in the in-app browser (response header vs `<meta>`),medium,`cross_site_scripting_xss.*` on visited content; higher when it reaches a wallet/bridge action,AM-02,any app shipping a browser or in-app WebView for third-party content,"H1 #1941767 (MetaMask, Medium 4.7); Cordova/Capacitor CSP guidance",D10-webview-and-js-bridges.md,false,,,,
D10-064,D10,WebView & JavaScript Bridges,P5,M5,CDN- or remote-served asset loaded into a bridged WebView (supply chain),high,`sensitive_data_exposure.disclosure_of_secrets.for_publicly_accessible_asset` (P1) if the bridge exposes token/file/financial actions,"AM-09 (malicious backend/CDN, subdomain takeover, stale bucket)",all apps loading remote HTML/JS into a bridged WebView,"`risks/insecure-webview-native-bridges`, `risks/unsafe-uri-loading` (gap-coverage corpus)",D10-webview-and-js-bridges.md,false,,,,
D10-065,D10,WebView & JavaScript Bridges,P5,M5,`intent://` handling in `shouldOverrideUrlLoading` → arbitrary activity launch / redirection,high,"`broken_access_control.exposed_sensitive_android_intent` (null, rated on what it reaches) → P1-class when it reaches a private component/file grant",AM-02 (web content already in the WebView),any WebView not hard-blocking non-`http(s)` schemes in `shouldOverrideUrlLoading`,"local corpus Class #19; `risks/unsafe-uri-loading`, `risks/intent-redirection`; gap-adversary ""web content reaching Intent.parseUri""",D10-webview-and-js-bridges.md,false,,,,
D10-066,D10,WebView & JavaScript Bridges,P5,M5,Ad / analytics SDK WebView with a JS interface reachable over cleartext,critical,`server_side_injection.remote_code_execution_rce` (P1) on minSdk<17; else `sensitive_data_exposure.disclosure_of_secrets.for_publicly_accessible_asset` (P1),AM-06 (network) / AM-08 (malicious SDK),apps bundling ad/analytics SDK WebViews; cleartext blocked by default only when targetSdk ≥ 28 with no override,"Google ASI ""JavaScript Interface Injection"" (2018-12-04); FireEye JS-Binding-Over-HTTP (""47% of top 40 ad libraries"")",D10-webview-and-js-bridges.md,false,,,,
D10-067,D10,WebView & JavaScript Bridges,P5,M5,Support-chat SDK WebView rendering agent-/bot-supplied HTML,high,`cross_site_scripting_xss.stored.non_admin_to_anyone` (P2); Critical when it reaches a bridge,"AM-05 / AM-09 (agent side, bot template, another marketplace user)",all apps with embedded support chat,no external identifier verified (gap-coverage corpus); Zendesk/Intercom/Freshchat/Salesforce/Helpshift,D10-webview-and-js-bridges.md,false,,,,
D10-068,D10,WebView & JavaScript Bridges,P5,M5,In-app browser URL / origin spoofing (calibration),medium,content/UI spoofing — most programs discount heavily; High only when a signing/payment prompt misattributes the request,AM-02,all apps with an in-app browser showing a URL,"H1 #1751333 (MetaMask, High 7.1 — stale origin on a transaction prompt); #175958, #176929 ($0), #1082991 ($0), #2501378 ($0)",D10-webview-and-js-bridges.md,false,,,,
D10-069,D10,WebView & JavaScript Bridges,P5,M5,DNS rebinding against the app's embedded localhost HTTP/WebSocket server,high,rated on what the endpoint exposes; Critical when it accepts a command reaching code execution / file write,AM-02 (any browser page on the phone),"apps running a loopback server (NanoHTTPD, Cordova/Ionic, a stray RN dev server, a Flutter/Unity asset server, QR-pairing)",`risks/bad-dns` (Insecure DNS Setup) — closest published slug (gap-adversary corpus),D10-webview-and-js-bridges.md,false,,,,
D10-070,D10,WebView & JavaScript Bridges,P5,M5,Custom Tabs navigation-callback cross-site login oracle (web-side finding),medium,"cross-site state inference — file against the *website* scope, not the app","AM-03 (any installed app, no permissions, no interaction)",any target website whose in-scope users have its cookie in a Chromium-based Android browser,"SecWeb 2022 ""The Bridge... is Still Broken"" §IV (first known attack on Android CustomTabs)",D10-webview-and-js-bridges.md,false,,,,
D10-071,D10,WebView & JavaScript Bridges,P5,M5,Predictive back inside WebView escaping the app's history guard (targetSdk 36),medium,broken flow control; High if it leaves an inconsistent server-side state an attacker exploits,AM-11 (physical/unlocked) / AM-05,targetSdk 36+ WebView flows relying on `onBackPressed()`→`webView.goBack()`,`about/versions/16/behavior-changes-16`; `guide/navigation/custom-back/predictive-back-gesture` (WebView codelab),D10-webview-and-js-bridges.md,false,,,,
D10-072,D10,WebView & JavaScript Bridges,P5,M5,Trusted-origin content renders attacker HTML → the allow-list is a non-defence → bridge credential theft,critical,`sensitive_data_exposure.disclosure_of_secrets.for_publicly_accessible_asset` (P1); `cross_site_scripting_xss.stored.non_admin_to_anyone` (P2) as the delivery leg,AM-05 (another user writes the field) / AM-02,apps with a bridge attached to a first-party web origin that renders server-supplied HTML,"HackTricks webview-attacks.md (""Trusted-origin HTML/CRM content → bridge credential theft""); `risks/cross-app-scripting`; MASWE-0033",D10-webview-and-js-bridges.md,false,,,,
D11-001,D11,Local Data Storage,P4,M4,"The reachability rule — name the unprivileged reader before writing the word ""storage""",support,`insecure_data_storage.sensitive_application_data_stored_unencrypted.on_internal_storage` (P5) — this item exists to get you **out** of that node,AM-03 / AM-04 / AM-11; explicitly **not** AM-12,all — this is the gate for every other item in the chapter,VRT baseline vector `AV:P/AC:H/PR:N/UI:N/S:U/C:H/I:H/A:N`; CWE-312; MASWE-0001,D11-local-data-storage.md,false,,,,
D11-002,D11,Local Data Storage,P4,M4,"Build the read-primitive inventory before the storage sweep, not after",support,n/a (enabler),AM-03,all,"MASTG-TECH-0008; AOSP ""Application Sandbox"" (UID + per-app SELinux categories)",D11-local-data-storage.md,false,,,,
D11-003,D11,Local Data Storage,P4,M4,`run-as` — the fastest private-storage read primitive that exists,support,n/a here; the debuggable flag itself is filed in D02,AM-11 physical unlocked with ADB authorised; AM-03 if a shell-broker app is present,"`android:debuggable=""true""` builds, and all packages on `userdebug`/`eng` images",MASTG-TECH-0008; AOSP `run-as` semantics,D11-local-data-storage.md,false,,,,
D11-004,D11,Local Data Storage,P4,M4,"Sweep by file EXTENSION across the whole data dir, never by directory",support,n/a (enabler),AM-03 once paired with a reader,"all; mandatory on any app using Couchbase Lite, Realm, MMKV or DataStore","MASTG-TECH-0008; MASTG-KNOW-0040 (Realm), MASTG-KNOW-0142 (Android DataStore)",D11-local-data-storage.md,false,,,,
D11-005,D11,Local Data Storage,P4,M4,"Differential sandbox dump with 8+ character markers, baseline-searched first",support,n/a (enabler),n/a,all,"MASTG-TEST-0207, MASTG-TECH-0008, MASTG-TECH-0002, MASWE-0001, MASTG-KNOW-0041, MASTG-BEST-0050",D11-local-data-storage.md,false,,,,
D11-006,D11,Local Data Storage,P4,M4,Confirm a WRITE PATH before claiming anything is persisted,support,n/a (accuracy gate),n/a,all; critical on R8-minified builds,MASTG-TEST-0287 (the `putString` hook is the write-path evidence),D11-local-data-storage.md,false,,,,
D11-007,D11,Local Data Storage,P4,M4,Two storage-forensics regexes that silently return nothing,support,n/a (accuracy gate),n/a,all R8-minified apps,mechanism (observed in a real engagement; no external identifier),D11-local-data-storage.md,false,,,,
D11-008,D11,Local Data Storage,P4,M4,"Substring searches for short numeric secrets are noise, not evidence",support,n/a (accuracy gate),n/a,"all payment, wallet and identity engagements",mechanism; feeds the D23 payment-data claim,D11-local-data-storage.md,false,,,,
D11-009,D11,Local Data Storage,P4,M4,"Before declaring a storage or crypto subsystem absent, find the SECOND implementation",support,n/a (accuracy gate),n/a,"all; acute on React Native, Flutter and any DI-heavy app",mechanism; the canonical retraction case in the local corpus,D11-local-data-storage.md,false,,,,
D11-010,D11,Local Data Storage,P4,M4,Shell-Loop Ban — count your results or the storage sweep lies to you,support,n/a (accuracy gate),n/a,all,mechanism (false-positive discipline),D11-local-data-storage.md,false,,,,
D11-011,D11,Local Data Storage,P4,M4,Plaintext session/refresh token in SharedPreferences — rate it honestly,support,"`insecure_data_storage.sensitive_application_data_stored_unencrypted.on_internal_storage` (P5); `insecure_data_storage.server_side_credentials_storage.plaintext` (P4, CWE-256) when it is a password rather than a token",AM-03 only via a reach primitive; AM-11 with ADB; **AM-12 is not an attack**,all — **CURRENT**,"MASTG-TEST-0287, MASTG-KNOW-0036, MASWE-0001, CWE-312; H1 #44727 (Vine, $140), H1 #1142918 (Nextcloud, Medium)",D11-local-data-storage.md,false,,,,
D11-012,D11,Local Data Storage,P4,M4,`EncryptedSharedPreferences` used for one store but not another,medium,`insecure_data_storage.sensitive_application_data_stored_unencrypted.on_internal_storage` (P5) — argue up on the internal-inconsistency axis,AM-03 with a reach primitive,apps that ship `androidx.security.crypto` at all,MASWE-0001; MASTG-KNOW-0036,D11-local-data-storage.md,false,,,,
D11-013,D11,Local Data Storage,P4,M4,`EncryptedSharedPreferences` present but the key is not user-authentication-bound,support,`insecure_data_storage.sensitive_application_data_stored_unencrypted.on_internal_storage` (P5) for the data; the key-management half belongs to D12,AM-11 physical unlocked; AM-03 only with in-process code execution,"apps using `androidx.security.crypto`, `flutter_secure_storage`, `react-native-keychain`, `react-native-encrypted-storage`, Capacitor secure-storage plugins",MASWE-0001; `KeyGenParameterSpec.setUserAuthenticationRequired`,D11-local-data-storage.md,false,,,,
D11-014,D11,Local Data Storage,P4,M4,Jetpack DataStore `.preferences_pb` and Proto DataStore without a secure serializer,support,`insecure_data_storage.sensitive_application_data_stored_unencrypted.on_internal_storage` (P5),AM-03 with a reach primitive,apps using `androidx.datastore`,"MASTG-TEST-0306 (**status: placeholder** — no published procedure), MASTG-KNOW-0142, MASWE-0001",D11-local-data-storage.md,false,,,,
D11-015,D11,Local Data Storage,P4,M4,"MMKV stores — enumerate them, and check the version for the logged-key CVE",support,`insecure_data_storage.sensitive_application_data_stored_unencrypted.on_internal_storage` (P5); `sensitive_data_exposure.disclosure_of_secrets.for_internal_asset` (P3) for the logged key,AM-03 with a reach primitive; AM-04 for the logcat path on older builds,apps bundling Tencent MMKV or `react-native-mmkv`,**CVE-2024-21668** — `react-native-mmkv` on Android **before 2.11.0** logged the optional encryption key to Android logs; fixed in 2.11.0,D11-local-data-storage.md,false,,,,
D11-016,D11,Local Data Storage,P4,M4,Realm database left unencrypted,support,`insecure_data_storage.sensitive_application_data_stored_unencrypted.on_internal_storage` (P5); `sensitive_data_exposure.disclosure_of_secrets.pii_leakage_exposure` (VARIES) for the data class,AM-03 with a reach primitive,apps using `io.realm`,"MASTG-KNOW-0040 (Realm Databases), MASWE-0001, CWE-312",D11-local-data-storage.md,false,,,,
D11-017,D11,Local Data Storage,P4,M4,Couchbase Lite `.cblite` — the contents are plain JSON,support,`insecure_data_storage.sensitive_application_data_stored_unencrypted.on_internal_storage` (P5),AM-03 with a reach primitive,"apps using Couchbase Lite (common in retail, field-service and offline-first apps)",mechanism (observed; no external identifier),D11-local-data-storage.md,false,,,,
D11-018,D11,Local Data Storage,P4,M4,"Locate the cross-platform framework's default store by name, not by guessing",support,`insecure_data_storage.sensitive_application_data_stored_unencrypted.on_internal_storage` (P5) for the store; file the outcome instead when a token replays,AM-03 with a reach primitive,"React Native, Cordova/Capacitor, Flutter, Unity, Xamarin/MAUI apps",MASTG-TECH-0142 (Inspecting WebView Storage) for the Cordova/Capacitor WebView stores,D11-local-data-storage.md,false,,,,
D11-019,D11,Local Data Storage,P4,M4,`MODE_WORLD_READABLE` / `MODE_WORLD_WRITEABLE` and the numeric-mode grep,support,`insecure_data_storage.sensitive_application_data_stored_unencrypted.on_internal_storage` (P5) for the read; the write side files as the code-execution outcome it produces,AM-03,"**LEGACY** — the Java constants throw `SecurityException` from **targetSdk 24**. Still current via `File.setReadable/setWritable`, `chmod` and native `open(..., 0666)` on every version, and files created by an older version of the app persist with the old mode after upgrade.","MASWE-0001, CWE-276; MobSF `android_world_writable` (CWE-276), `android_world_readable`, `android_world_read_write`; mobsfscan `world_readable`, `world_writeable`, `android_kotlin_world_read_write`",D11-local-data-storage.md,false,,,,
D11-020,D11,Local Data Storage,P4,M4,SharedPreferences `.bak` ghost file — convert a create-only write into a settings overwrite,support,"file the outcome: `broken_authentication_and_session_management.authentication_bypass` (P1) for a role/gate flip, or the D17 code-execution node",AM-03 with an existing directory-write or file-create primitive,"all apps that keep an authorisation, entitlement or integrity value in SharedPreferences — verify the rename behaviour empirically on the target API level",`SharedPreferencesImpl` backup-file semantics; Microsoft **Dirty Stream** (the Xiaomi File Manager step that overwrote `com.mi.android.globalFileexprorer_preferences.xml` to defeat a hash check),D11-local-data-storage.md,false,,,,
D11-021,D11,Local Data Storage,P4,M4,Client-side entitlement / premium flag stored locally and trusted,support,outcome-rated; many programmes exclude IAP bypass — check the policy first,AM-11 physical unlocked; AM-03 with a write primitive,"apps with a paid tier, subscription or unlockable feature that works offline","MASWE-0006; Google Play Billing security guidance (""the less business logic on the device, the more secure"")",D11-local-data-storage.md,false,,,,
D11-022,D11,Local Data Storage,P4,M4,"Unencrypted SQLite/Room holding PII or session data, plus WAL/journal residue",support,"`insecure_data_storage.sensitive_application_data_stored_unencrypted.on_internal_storage` (P5); `insecure_os_firmware.failure_to_remove_sensitive_artifacts_from_disk` (VARIES, CWE-459) for the residue; `sensitive_data_exposure.disclosure_of_secrets.pii_leakage_exposure` (VARIES)",AM-03 with a reach primitive; AM-05 for the post-delete residue,all; MASTG-TEST-0304/0305 are placeholders — the commands below are the working equivalent,"MASTG-TEST-0304, MASTG-TEST-0305 (both **status: placeholder**), MASTG-KNOW-0037 (SQLite), MASWE-0001; CVE-2018-11242 (MakeMyTrip 7.2.4, EDB 44690)",D11-local-data-storage.md,false,,,,
D11-023,D11,Local Data Storage,P4,M4,Any string argument to `getWritableDatabase()` / SQLCipher with a literal passphrase,support,"`insecure_os_firmware.hardcoded_password.non_privileged_user` (**P2**, CWE-259) for the embedded key; `insecure_data_storage...on_internal_storage` (P5) for the data",AM-03 with a reach primitive; the key itself needs only the APK,all apps using SQLCipher / `net.sqlcipher` / Room `SupportFactory`,"MASTG-KNOW-0038 (SQLCipher), CWE-321 (Hard-coded Cryptographic Key); Google's ""Embedded cryptography secrets"" class",D11-local-data-storage.md,false,,,,
D11-024,D11,Local Data Storage,P4,M4,Crafted `*-journal` file to rewrite a database you cannot open,support,outcome-rated: `broken_authentication_and_session_management.authentication_bypass` (P1) when it rewrites an auth/entitlement table,AM-03 chained to any arbitrary-file-**create** primitive,all apps using raw SQLite (i.e. almost all; Room does not change the on-disk journal behaviour),"EDB 43189 (Gmail) and EDB 43353 (Outlook for Android), both Project Zero — ""It is possible to modify a EmailProviderBody database using this bug by placing a journal file in the databases directory""",D11-local-data-storage.md,false,,,,
D11-025,D11,Local Data Storage,P4,M4,Device-protected (Direct Boot / DE) storage readable before first unlock,support,`insecure_data_storage.sensitive_application_data_stored_unencrypted.on_internal_storage` (P5); argue up on the FBE-bypass axis,AM-10 physical locked (pre-unlock code-execution or forensic image); AM-11,Android 7.0+ (FBE). **LEGACY:** FDE-era devices have no CE/DE split,"`source.android.com/docs/security/features/encryption/file-based` (CE ""accessible only after the user unlocks""; DE ""available both during Direct Boot and after""); AOSP security-model paper §4.4",D11-local-data-storage.md,false,,,,
D11-026,D11,Local Data Storage,P4,M4,Cache directories retaining authenticated responses and KYC images,support,`insecure_data_storage.sensitive_application_data_stored_unencrypted.on_internal_storage` (P5); `insecure_os_firmware.failure_to_remove_sensitive_artifacts_from_disk` (VARIES),AM-03 with a reach primitive; AM-05 for cross-account bleed,"all; acute on apps with KYC/document scan, chat media, or an HTTP cache",MASTG-KNOW-0042; MASWE-0002; CWE-459,D11-local-data-storage.md,false,,,,
D11-027,D11,Local Data Storage,P4,M4,"Secrets in app-bundled assets, `res/raw` and generated `strings.xml`",support,`sensitive_data_exposure.disclosure_of_secrets.for_publicly_accessible_asset` (**P1**) when the secret grants access to a public asset; `...for_internal_asset` (P3) otherwise,AM-01 (the APK is public; no device needed),all,"ivrodriguez ""Tips for Mobile Bug Bounty Hunting"" (search the bundle for non-image files); H1 #351555 (Cloudinary api secret in Android app), H1 #753868",D11-local-data-storage.md,false,,,,
D11-028,D11,Local Data Storage,P4,M4,SDK-written token/credential files in app-private storage,support,`insecure_data_storage...on_internal_storage` (P5); file the replay outcome instead,AM-03 with a reach primitive,"all apps embedding social-login, chat, analytics or push SDKs","Oversecured SDK-security post (""SDKs storing user identifiers, device fingerprints, session tokens and telemetry in SharedPreferences or unencrypted SQLite""); historical Facebook SDK v3.15.0 access-token-on-disk case (treat as historical, not a live CVE)",D11-local-data-storage.md,false,,,,
D11-029,D11,Local Data Storage,P4,M4,CodePush / expo-updates OTA bundle cache — a second copy of the code and a write target,support,outcome-rated; the analysis value is Support,"AM-03 (read); AM-09 malicious CDN (the substitution attack, in D17)",React Native apps with CodePush or expo-updates,"`CodePushConstants.java` (`CODE_PUSH_FOLDER_PREFIX = ""CodePush""`, `STATUS_FILE = ""codepush.json""`, `DEFAULT_JS_BUNDLE_NAME = ""index.android.bundle""`, `BUNDLE_JWT_FILE = "".codepushrelease""`)",D11-local-data-storage.md,false,,,,
D11-030,D11,Local Data Storage,P4,M4,Unity `PlayerPrefs` / `persistentDataPath` authoritative game state,support,outcome-rated; often IAP/economy scope — check the programme,AM-11 physical unlocked; AM-03 with a write primitive,Unity Android games,Il2CppDumper `dump.cs` (locate the `PlayerPrefs` calls); MASWE-0006,D11-local-data-storage.md,false,,,,
D11-031,D11,Local Data Storage,P4,M4,WebView cookie store as the exfiltration target,support,outcome-rated: `broken_authentication_and_session_management.authentication_bypass` (P1) / `sensitive_data_exposure.disclosure_of_secrets.for_publicly_accessible_asset` (P1),AM-03 with a reach primitive; AM-02 via a bridge file-read,any app with a WebView carrying a logged-in web session,MASTG-TECH-0142 (Inspecting WebView Storage),D11-local-data-storage.md,false,,,,
D11-032,D11,Local Data Storage,P4,M4,Firebase / Realtime-DB config and cached documents inside the sandbox,support,`insecure_data_storage...on_internal_storage` (P5) for the cache; the open-database outcome is D18,AM-03 (read); AM-01 for the resulting open-database test,apps using Firebase / Firestore / RTDB,"MASTG-KNOW-0039 (Firebase Real-time Databases), MASTG-TECH-0008",D11-local-data-storage.md,false,,,,
D11-033,D11,Local Data Storage,P4,M4,Secrets surviving logout and account switch (shared-device residue),support,`insecure_data_storage...on_internal_storage` (P5); `insecure_os_firmware.failure_to_remove_sensitive_artifacts_from_disk` (VARIES); escalates via `broken_authentication_and_session_management.authentication_bypass` (P1),AM-05 another user of the same app; AM-11 device handed on/borrowed,all; weight up for apps with an in-app account switcher or a kiosk/shared-device mode,MASWE-0024 (Sensitive Data Accessible After Session Termination); AOSP threat [T.P4],D11-local-data-storage.md,false,,,,
D11-034,D11,Local Data Storage,P4,M4,Session or entitlement surviving uninstall / reinstall,support,`broken_authentication_and_session_management.authentication_bypass` (P1) if the session resumes without re-auth,"AM-11 physical unlocked, device handed on or sold","all; check AccountManager, cloud backup and Keystore-alias persistence",AOSP rule ④ (uninstall is not factory reset); MASWE-0024,D11-local-data-storage.md,false,,,,
D11-035,D11,Local Data Storage,P4,M4,"Search history, recent queries and autocomplete cache holding PII",support,`insecure_data_storage...on_internal_storage` (P5); `broken_access_control.exposed_sensitive_android_intent` (VARIES) if the provider is exported,AM-05 cross-account on a shared device; AM-03 if the provider is exported,any app with a search box that remembers queries,mechanism; `android.content.SearchRecentSuggestionsProvider`,D11-local-data-storage.md,false,,,,
D11-036,D11,Local Data Storage,P4,M4,The offline write-queue — tamper the pending mutations before they sync,support,outcome-rated: `broken_access_control.idor.modify_sensitive_information_iterable_object_identifiers` (P2) or a business-logic node,AM-11 physical unlocked; AM-03 with a write primitive; AM-03 if the queue lands in shared storage,"offline-first apps: delivery, field service, notes, banking drafts, retail POS",mechanism; `WorkSpec.input` (WorkManager),D11-local-data-storage.md,false,,,,
D11-037,D11,Local Data Storage,P4,M4,"Chat and media caches that survive ""delete for everyone""",support,`insecure_data_storage...on_internal_storage` (P5) / `...on_external_storage` (P4); `insecure_os_firmware.failure_to_remove_sensitive_artifacts_from_disk` (VARIES),AM-05 (next user); AM-03 (shared storage),"apps with chat, support chat or user-to-user media",mechanism; MASWE-0024,D11-local-data-storage.md,false,,,,
D11-038,D11,Local Data Storage,P4,M4,Sensitive data left in a view that is merely hidden,support,outcome-rated; the storage-adjacent node is `insecure_data_storage...on_internal_storage` (P5),AM-04 accessibility-service abuser (banking-trojan model); AM-11,all,"MobSF `android_hiddenui` (CWE-919, masvs storage-7); MASWE-0036 / MASWE-0040",D11-local-data-storage.md,false,,,,
D11-039,D11,Local Data Storage,P4,M4,No `FLAG_SECURE` — recents snapshot on disk and screen capture,support,`insecure_data_storage.screen_caching_enabled` (**P5**),AM-11 physical unlocked; AM-04 screen-recording/casting app,"all; Android 15 adds automatic screenshare protection for sensitive fields, narrowing it",MobSF `android_prevent_screenshot`; mindedsecurity `MSTG-STORAGE-9` (`$P1 & 8192 == 0`); MASWE-0038; VRT `insecure_data_storage.screen_caching_enabled` (P5),D11-local-data-storage.md,false,,,,
D11-040,D11,Local Data Storage,P4,M4,Deleted-record and unallocated-space residue in structured stores,support,"`insecure_os_firmware.failure_to_remove_sensitive_artifacts_from_disk` (VARIES, CWE-459)",AM-11 physical unlocked; AM-05,"all apps using SQLite/Room, plus external download residue","CWE-459; hackwithsingh sec-14-25 (WAL residue, journal residue, deleted-record unallocated space)",D11-local-data-storage.md,false,,,,
D11-041,D11,Local Data Storage,P4,M4,Sensitive data written to external / shared storage (the one class rated above P5),support,"`insecure_data_storage.sensitive_application_data_stored_unencrypted.on_external_storage` (**P4**, CWE-312, baseline `AV:P/AC:H/PR:N/UI:N/S:U/C:H/I:H/A:N`)",AM-03 zero-permission (legacy/scoped edges); AM-04 with `READ_MEDIA_*`,"all; scoped storage (targetSdk 29+, enforced 30) narrows cross-app reads — prove empirically","MASTG-TEST-0200, MASTG-TEST-0201, MASTG-TEST-0202, MASWE-0002, MASTG-KNOW-0042, MASTG-DEMO-0002; VRT `...on_external_storage` (P4)",D11-local-data-storage.md,false,,,,
D11-042,D11,Local Data Storage,P4,M4,Scoped-storage bypass and `MANAGE_EXTERNAL_STORAGE` over-request,support,`insecure_data_storage...on_external_storage` (P4); the permission over-request is a D03 note,AM-03; AM-04,**targetSdk 29** legacy opt-out; **targetSdk 30+** the opt-out is ignored,`developer.android.com/about/versions/11/privacy/storage`; AOSP security-model paper Table 3 (Android 10/11 scoped storage),D11-local-data-storage.md,false,,,,
D11-043,D11,Local Data Storage,P4,M4,Cross-app access to `Android/data` and `Android/obb` (version-gated),support,`insecure_data_storage...on_external_storage` (P4) on affected versions,AM-03,**LEGACY** — Android 10 and below only,"`developer.android.com/about/versions/11/privacy/storage` (""Android 11+: Apps cannot access other apps' data directories on internal storage, even if the target app has made files world-readable (API 27 or lower)""); SAF restricted-directory list",D11-local-data-storage.md,false,,,,
D11-044,D11,Local Data Storage,P4,M4,MediaStore `_data` column disclosure and path re-use,support,`sensitive_data_exposure.disclosure_of_secrets.pii_leakage_exposure` (VARIES) for the path leak; MASWE-0002 for the write,AM-03 (other apps create the MediaStore rows),API 29+ scoped storage; on API 29 `requestLegacyExternalStorage` re-enables the old behaviour,"`developer.android.com/training/data-storage/shared/media` (quoted guidance on `DATA`, `RELATIVE_PATH`, `IS_PENDING`, `setRequireOriginal`, `ACCESS_MEDIA_LOCATION`); MASWE-0002",D11-local-data-storage.md,false,,,,
D11-045,D11,Local Data Storage,P4,M4,Attacker-controlled `RELATIVE_PATH` / `DISPLAY_NAME` on MediaStore insert,support,MASWE-0050; outcome-rated if the planted file is later parsed/loaded,AM-03,API 29+ apps that insert into MediaStore with a name/subdir derived from remote or IPC data,`developer.android.com/training/data-storage/shared/media`; MASWE-0050,D11-local-data-storage.md,false,,,,
D11-046,D11,Local Data Storage,P4,M4,Man-in-the-Disk: app reads executable or trust-bearing data from shared storage,support,outcome-rated: `server_side_injection.remote_code_execution_rce` (P1) analogue for in-app code execution; file the closest accurate node and request the severity,AM-04 (storage permission); AM-03 where the app uses a public collection or another app holds `MANAGE_EXTERNAL_STORAGE`,strongest below targetSdk 30; still applies where the app deliberately uses a public collection,"T1638 Adversary-in-the-Middle (ATT&CK's Man-in-the-Disk description), T1407 Download New Code at Runtime, T1544; MASTG-KNOW-0042",D11-local-data-storage.md,false,,,,
D11-047,D11,Local Data Storage,P4,M4,Zip-slip on the app's import/update path (and the `ZipPathValidator` opt-out),support,outcome-rated: `server_side_injection.file_inclusion.local` (P1) analogue for the write-to-load chain,AM-02 (a crafted archive delivered via share/download); AM-03 with a co-installed helper,targetSdk 34+ has default protection; the class is universal below it (**LEGACY** test on <34),"`developer.android.com/about/versions/14/behavior-changes-14` (`ZipException` on `..`/leading `/`; `dalvik.system.ZipPathValidator.clearCallback()` opt-out); H1 #859469 (LINE, Medium 5.4, $475), H1 #1378889 (Slack, High 8.1, $3500)",D11-local-data-storage.md,false,,,,
D11-048,D11,Local Data Storage,P4,M4,`Content-Disposition` / provider `_display_name` filename traversal on download,support,outcome-rated: `server_side_injection.file_inclusion.local` (P1) analogue,AM-02 remote one-click (no malicious app needed),any download/save path that takes the filename from a server header or a `content://` provider without sanitising it,"H1 #1377748 (Evernote, High, ""2 click Remote Code execution""), H1 #1362313 (Evernote sibling, `_display_name` from a `content://` provider); H1 #288955 (IRCCloud, High) for the `getLastPathSegment()` percent-decode variant",D11-local-data-storage.md,false,,,,
D11-049,D11,Local Data Storage,P4,M4,TOCTOU / symlink race on a file handed over as `file://` or a descriptor,support,outcome-rated: `server_side_injection.file_inclusion.local` (P1) analogue,AM-03 (a symlink in a shared directory); AM-02 via a `file://` share,"all; the `StrictMode` LAX bypass defeats ""we're on targetSdk 30, `file://` can't reach us""","`developer.android.com/privacy-and-security/risks/content-resolver` (the five-step fstat/lstat validation algorithm; explicit mention of symlinks and race conditions); Oversecured ""theft of arbitrary files"" (`file://` vector, `FileUriExposedException` at targetSdk >= 18, and the `StrictMode.setVmPolicy(...LAX)` bypass); H1 #288955 (IRCCloud, symlink + `shared_prefs/prefs.xml` -> `session_key`)",D11-local-data-storage.md,false,,,,
D11-050,D11,Local Data Storage,P4,M4,Data written to a hidden `.nomedia` directory the user cannot see or manage,support,`insecure_data_storage...on_external_storage` (P4) if world-readable; otherwise a privacy finding,AM-11; AM-03 if the directory is world-readable,"apps that capture photos/video/screenshots (support tools, KYC, document scan)","T1628.003 Conceal Multimedia Files (ATT&CK marks this ""Do Not Mitigate"" at platform level — `.nomedia` is legitimate, so it is a pure app-behaviour finding)",D11-local-data-storage.md,false,,,,
D11-051,D11,Local Data Storage,P4,M4,"Backup rules — read the RULES, then extract, never report the flag",support,`mobile_security_misconfiguration.auto_backup_allowed_by_default` (**P5**) for the flag; file the extracted-and-replayed credential instead,AM-11 physical unlocked with ADB; AM-11 with the user's backup account,"all; `dataExtractionRules` is the targetSdk 31+ form, `fullBackupContent` the pre-31 form — an app targeting 12+ needs both","MASTG-TEST-0009, MASTG-TEST-0216, MASTG-TEST-0262, MASTG-TECH-0127, MASTG-TECH-0128, MASWE-0006, MASTG-KNOW-0050, MASTG-BEST-0004; VRT `auto_backup_allowed_by_default` (P5); H1 #1225158 (Zivver, $0 — the flag was the whole report)",D11-local-data-storage.md,false,,,,
D11-052,D11,Local Data Storage,P4,M4,"Asymmetric `dataExtractionRules` — excluded from cloud, wide open to device transfer",support,`insecure_data_storage...on_internal_storage` (P5) for the store; escalates via `broken_authentication_and_session_management.authentication_bypass` (P1) on restore,"AM-11 physical (device resale, repair shop, coerced migration)",targetSdk >= 31; check the pre-31 `fullBackupContent` too,"`developer.android.com/guide/topics/data/autobackup` (the `<cloud-backup>` / `<device-transfer>` schema and the rule that a missing section means fully enabled); `developer.android.com/guide/topics/data/testingbackup`; MASWE-0006, MASTG-TEST-0009",D11-local-data-storage.md,false,,,,
D11-053,D11,Local Data Storage,P4,M4,Modify-and-restore — prove a client-side entitlement/PIN is authoritative,support,`broken_authentication_and_session_management.authentication_bypass` (P1) for a PIN/gate flip; business-logic node for entitlement,AM-11 physical unlocked,same `[DEGRADED ≤A11 / bmgr on 12+]` gating as D11-051,MASTG-TECH-0128; MASWE-0006,D11-local-data-storage.md,false,,,,
D11-054,D11,Local Data Storage,P4,M4,Inverted or absent restore guard on a device-bound value,support,`broken_authentication_and_session_management.authentication_bypass` (P1),AM-11 physical unlocked (a backup file plus an attacker device/emulator),all apps that persist a device-bound secret and set `allowBackup` effectively true,"`developer.android.com/guide/topics/data/autobackup` (`onRestoreFinished()` semantics; restore occurs before first launch); MASWE-0006, MASWE-0024",D11-local-data-storage.md,false,,,,
D11-055,D11,Local Data Storage,P4,M4,"The session token written a SECOND time, in plaintext, backup-reachable",support,`insecure_data_storage...on_internal_storage` (P5); file the replay/restore outcome,AM-11 (backup); AM-03 via FileProvider self-grant,all; acute where the app ships a custom `BackupAgent`,MASWE-0006; `onFullBackup` / `FullBackupDataOutput`,D11-local-data-storage.md,false,,,,
D11-056,D11,Local Data Storage,P4,M4,Restorable control-plane values — the highest-ceiling item in the chapter,support,`broken_authentication_and_session_management.authentication_bypass` (P1) via the credential-capture outcome; the pinning bypass is a D14 join,AM-11 physical unlocked,all apps with `allowBackup` effectively true that read config from storage,"`developer.android.com/privacy-and-security/risks/backup-best-practices`; MASWE-0006, MASWE-0050; restore semantics (""Restore happens after APK installation but before user can launch app"")",D11-local-data-storage.md,false,,,,
D11-057,D11,Local Data Storage,P4,M4,SDK-written files included in the backup set,support,`insecure_data_storage...on_internal_storage` (P5); file the extracted-and-replayed token,AM-11 physical unlocked with ADB,all apps embedding SDKs; `allowBackup` defaults true unless set false,MASWE-0006; mechanism,D11-local-data-storage.md,false,,,,
D11-058,D11,Local Data Storage,P4,M4,Build the backup/restore rig once — then every backup item is routine,support,n/a,n/a,all,`developer.android.com/guide/topics/data/testingbackup` (every command below is quoted from that page),D11-local-data-storage.md,false,,,,
D11-059,D11,Local Data Storage,P4,M4,Sensitive value placed on the system clipboard without `EXTRA_IS_SENSITIVE`,support,"`mobile_security_misconfiguration.clipboard_enabled` (**P5**, baseline `AV:L/AC:H/PR:N/UI:R/S:C/C:L/I:N/A:N`); `external_behavior.system_clipboard_leak.shared_links` (P5)",AM-04 foreground app / IME / accessibility service (post-29); AM-03 background read (**LEGACY** < 29),"all; the VRT flattened the sensitive/non-sensitive children into one P5 parent — it will not entertain a ""but it was sensitive content"" argument on category grounds","MASWE-0030 (CWE-200, CWE-668); MASTG-KNOW (clipboard); VRT `clipboard_enabled` (P5); `ClipDescription.EXTRA_IS_SENSITIVE` (API 33+; string key `""android.content.extra.IS_SENSITIVE""` on 32 and below)",D11-local-data-storage.md,false,,,,
D11-060,D11,Local Data Storage,P4,M4,"Clipboard READ of another app's clip, shipped off-device",support,`sensitive_data_exposure.disclosure_of_secrets.pii_leakage_exposure` (VARIES) for the transmission; the read itself is P5,"the target app is the reader here — this is the app misbehaving, tested from the defender's side",Android 12+ (the toast makes a silent-launch read detectable),"`developer.android.com/about/versions/12/behavior-changes-all` (toast `""APP pasted from your clipboard.""`; `getPrimaryClipDescription()` does not trigger it)",D11-local-data-storage.md,false,,,,
D11-061,D11,Local Data Storage,P4,M4,Keyboard cache on sensitive input fields,support,"outcome-rated; MASWE-0036, CWE-524. No dedicated VRT node — argue Medium for a payment/auth credential",AM-05 (the cached suggestion surfaces in any app on the shared device); AM-04 (malicious IME),all; Jetpack Compose uses `KeyboardOptions` / `SecureTextField`,"MASTG-TEST-0258, MASTG-TEST-0316, MASWE-0036, MASTG-KNOW-0055, MASTG-BEST-0019, LEGACY-ID MASTG-TEST-0006 (deprecated); mobsfscan `android_sensitive_input_keyboard_cache`",D11-local-data-storage.md,false,,,,
D11-062,D11,Local Data Storage,P4,M4,Sensitive data written to logcat — name the reader or it is informational,support,`sensitive_data_exposure.disclosure_of_secrets` (VARIES); the base observation is not a finding,AM-04 (a `READ_LOGS`-holding OEM preload); AM-08 (a log-shipping SDK); AM-11 (ADB),Cross-app `READ_LOGS` is **LEGACY (pre-Android 4.1)** for ordinary apps — state the reader,"MASTG-TEST-0203, MASTG-TEST-0231, MASWE-0005 (CWE-532); T1533; also MASTG-TEST-0263/0264/0265 (StrictMode left on in production, MASWE-0061)",D11-local-data-storage.md,false,,,,
D11-063,D11,Local Data Storage,P4,M4,StrictMode / debug logging left enabled in production,support,`sensitive_data_exposure.disclosure_of_secrets` (VARIES) only if it leaks a secret,AM-11; AM-04,all; check ORM debug logging too,"MASTG-TEST-0263, MASTG-TEST-0264, MASTG-TEST-0265, MASWE-0061 (CWE-489/497/540)",D11-local-data-storage.md,false,,,,
D11-064,D11,Local Data Storage,P4,M4,AccountManager-stored credentials and auth tokens,support,`insecure_data_storage...on_internal_storage` (P5); file the token replay,AM-11; AM-03 with `GET_ACCOUNTS` / same-signature access,apps using `AccountManager.addAccountExplicitly` / `setAuthToken`,T1635 Steal Application Access Token; `AccountManager.getAuthToken`,D11-local-data-storage.md,false,,,,
D11-065,D11,Local Data Storage,P4,M4,Work-profile / Private Space data separation assumptions,support,outcome-rated; `insecure_data_storage...on_external_storage` (P4) if the crossing is via shared storage,AM-05 (the personal-profile instance reading the work instance's state),Android 5.0+ work profiles; Android 15+ Private Space,"AOSP security-model paper §4.3.3 (profiles have separate storage encryption keys; cross-profile communication is gated by user opt-in) and §5 (Enterprise); Private Space (`android.os.usertype.profile.PRIVATE`, `ACCESS_HIDDEN_PROFILES` + `ROLE_HOME`)",D11-local-data-storage.md,false,,,,
D11-066,D11,Local Data Storage,P4,M4,"Secrets recoverable from process memory (contributing factor, not headline)",support,`cryptographic_weakness.incomplete_cleanup_of_keying_material` (P5) for the residue; file the outcome the recovered key enables,AM-12 own rooted device (not an attack on its own) or AM-04 debuggable/instrumentable build,"all; most impactful on wallets, password managers and banking apps","MASTG-TEST-0011 (deprecated), MASTG-KNOW-0051 (Process Memory), MASTG-TECH-0044, MASTG-TOOL-0106 (Fridump), MASTG-TOOL-0036 (r2frida), MASTG-TOOL-0129 (rabin2)",D11-local-data-storage.md,false,,,,
D11-067,D11,Local Data Storage,P4,M4,Keystore holding plaintext data rather than keys,high,`insecure_data_storage...on_internal_storage` (P5); the key-usage half is D12,AM-12 rooted / AM-04 instrumentable — feeds D12,all,MASTG-KNOW-0051; WithSecure `android-keystore-audit` `tracer-cipher.js`,D11-local-data-storage.md,false,,,,
D11-068,D11,Local Data Storage,P4,M4,"Test/config artefacts shipped in the package (`assets/`, `res/raw/`, properties)",support,`sensitive_data_exposure.disclosure_of_secrets.for_publicly_accessible_asset` (**P1**) / `...for_internal_asset` (P3),AM-01 (the APK is public),all,"ivrodriguez (""developers forget to remove testing data/files""; ""search the bundle directory for files that are not images""); Google ""Embedded cryptography secrets""",D11-local-data-storage.md,false,,,,
D11-069,D11,Local Data Storage,P4,M4,WorkManager / job-scheduler input and Firebase installation files as token homes,support,`insecure_data_storage...on_internal_storage` (P5); file the token replay,AM-11; AM-03 with a reach primitive,"apps using WorkManager, Firebase Installations, FCM",mechanism; `androidx.work.workdb`; `files/PersistedInstallation.json`,D11-local-data-storage.md,false,,,,
D13-001,D13,"Authentication, Session, OTP & Biometrics",P6,M6,The layer-ordering trap: a validation error does not prove you passed auth,support,n/a — kill gate protecting `broken_authentication_and_session_management.authentication_bypass` (P1),AM-01,Every auth-bypass claim against every APK-derived endpoint,"`triage-validation` ""THE LAYER-ORDERING TRAP""; `hunt-spa-api` steps 3–5",D13-auth-session-otp-biometrics.md,false,,,,
D13-002,D13,"Authentication, Session, OTP & Biometrics",P6,M6,Body-diff rule and server-policy-vs-state on every auth bypass claim,support,n/a — evidence gate,AM-01,"Every ""the gate opened"" / ""the 403 became a 200"" claim in this chapter","`bb-methodology` PART 4 (Body-Diff Rule, Server-Policy-vs-State)",D13-auth-session-otp-biometrics.md,false,,,,
D13-003,D13,"Authentication, Session, OTP & Biometrics",P6,M6,Marker discipline when proving cross-account or pre-auth reach,support,n/a — evidence gate,AM-05,"Every two-account auth proof: pre-hijacking, IDOR on sessions, OTP-for-another-user, account merge",`bb-methodology` PART 4 (Marker Discipline); `security-arsenal` operator notes,D13-auth-session-otp-biometrics.md,false,,,,
D13-004,D13,"Authentication, Session, OTP & Biometrics",P6,M6,"Statistical-sample rule for throttle, race and timing claims",support,n/a — evidence gate for `server_security_misconfiguration.no_rate_limiting_on_form.*` (P4) and race findings,AM-01,"OTP throttle absence, login lockout absence, OTP-validate races, user-enumeration timing","`bb-methodology` PART 4; `hunt-mfa-bypass` FP traps (""No rate limit because the first 6 attempts went through""; TOTP uniformity)",D13-auth-session-otp-biometrics.md,false,,,,
D13-005,D13,"Authentication, Session, OTP & Biometrics",P6,M6,Shell-loop ban on OTP and credential sweeps — count your results,support,n/a — methodology gate,AM-01,Every automated sweep in this chapter that iterates more than five items,"`bb-methodology` PART 4 ""Shell-Loop Ban""",D13-auth-session-otp-biometrics.md,false,,,,
D13-006,D13,"Authentication, Session, OTP & Biometrics",P6,M6,Severity governance: run the pre-severity gate against the Critical claim,support,n/a — governs every P1/P2 claim in this chapter,n/a,Every Critical or High auth finding before it is written,`triage-validation` PRE-SEVERITY GATE and 7-Question Gate; `bb-methodology` Phase 5 (Multi-Tool Reproduction Bar),D13-auth-session-otp-biometrics.md,false,,,,
D13-007,D13,"Authentication, Session, OTP & Biometrics",P6,M6,Retraction discipline — and not retracting a Critical the client patched,support,n/a,n/a,"Every engagement, and specifically to live auth testing against a monitored target",`triage-validation` RETRACTION DISCIPLINE; ENGAGEMENTS.md Engagement 02 (`mid-engagement-ir-detection`),D13-auth-session-otp-biometrics.md,false,,,,
D13-008,D13,"Authentication, Session, OTP & Biometrics",P6,M6,Evidence hygiene for credential-change findings: the five-screenshot pattern and the PII split,support,n/a — evidence gate,n/a,"Password-change, email-change, phone-change, MFA-change and deletion findings","`evidence-hygiene` §§2, 4, 5, 6, 7, 8",D13-auth-session-otp-biometrics.md,false,,,,
D13-009,D13,"Authentication, Session, OTP & Biometrics",P6,M6,Chain-filing order for auth chains,support,n/a — submission mechanics,n/a,Any D13 finding built from two or more primitives (token leak + no revocation; OTP brute + no step-up; scheme squat + no PKCE),`bugcrowd-reporting` §5.1 chain cross-referencing; `hunt-ato` Path 7,D13-auth-session-otp-biometrics.md,false,,,,
D14-001,D14,"Network Security, TLS & Certificate Pinning",P6,M6,Fix the TLS baseline from `targetSdkVersion` before reading any config,support,n/a (baseline; governs the rating of every item below),n/a,all,"MASTG-TECH-0150, MASTG-KNOW-0014, MASVS-NETWORK-1",D14-network-tls-pinning.md,false,,,,
D14-002,D14,"Network Security, TLS & Certificate Pinning",P6,M6,Pass the harness acceptance gate before asserting anything about pinning,support,n/a,n/a (AM-07 tooling),all dynamic testing; the Conscrypt/zygote steps are mandatory on API 34+,"MASTG-TECH-0011 (stale for API 34+ — it still documents the `/system` copy), MASTG-TOOL-0077, MASTG-TOOL-0097",D14-network-tls-pinning.md,false,,,,
D14-003,D14,"Network Security, TLS & Certificate Pinning",P6,M6,Never infer pinning from a failed MitM — use the failure *shape* and the platform log,support,n/a (false-positive gate for `mobile_security_misconfiguration,n/a,all; the APEX trap is specific to API 34+,"MASTG-TEST-0244 (implementation-agnostic), MASTG-TEST-0022 (documents the `X509Util` log line), MASTG-KNOW-0015",D14-network-tls-pinning.md,false,,,,
D14-004,D14,"Network Security, TLS & Certificate Pinning",P6,M6,Run a pcap beside the proxy and chase every destination the proxy never saw,support,n/a (coverage; the severity belongs to what the unproxied channel carries),n/a,"all; mandatory when the APK bundles Cronet, gRPC, Flutter, Unity or Go","MASTG-TECH-0010, MASTG-TEST-0236 (its stated limitation that capture and proxy see different things), MASTG-TOOL-0075, MASTG-TOOL-0081",D14-network-tls-pinning.md,false,,,,
D14-005,D14,"Network Security, TLS & Certificate Pinning",P6,M6,"Transparent/gateway interception, and forcing QUIC down to TCP",low,n/a as tooling; the proxy-ignoring behaviour is a testability observation,n/a (lab form of AM-06),all,"MASTG-TECH-0010, MASTG-TOOL-0097, MASTG-TOOL-0120 (ProxyDroid)",D14-network-tls-pinning.md,false,,,,
D14-006,D14,"Network Security, TLS & Certificate Pinning",P6,M6,"Test the cellular path, not just the lab Wi-Fi",support,n/a (the severity belongs to the cellular-only behaviour found),AM-06,"apps with carrier integration, silent/header-enrichment auth, eSIM, roaming logic","MASTG-TECH-0011; corpus source sec-88 ""Intercepting Cellular Android Traffic via Mobile Data and Ngrok""",D14-network-tls-pinning.md,false,,,,
D14-007,D14,"Network Security, TLS & Certificate Pinning",P6,M6,Custom `X509TrustManager` whose `checkServerTrusted` does not validate,critical,`insecure_data_transport,AM-06,all API levels; prevalence highest in legacy code paths and third-party SDKs,"MASTG-TEST-0282, MASWE-0027, MASTG-KNOW-0010, MASTG-BEST-0021, semgrep rule `mastg-android-network-checkservertrusted`, CWE-295, ATT&CK T1638",D14-network-tls-pinning.md,false,,,,
D14-008,D14,"Network Security, TLS & Certificate Pinning",P6,M6,`checkServerTrusted` that validates *something* but not the chain,critical,`insecure_data_transport,AM-06,all,"MASTG-TEST-0282's enumerated failure modes, MASWE-0027, MASTG-KNOW-0010, CWE-295",D14-network-tls-pinning.md,false,,,,
D14-009,D14,"Network Security, TLS & Certificate Pinning",P6,M6,"`HostnameVerifier` returning `true`, or `ALLOW_ALL_HOSTNAME_VERIFIER`",critical,`insecure_data_transport,AM-06 (and any attacker who can buy a certificate for a domain they own),all,"MASTG-TEST-0283, MASWE-0027, CWE-297 ""Improper Validation of Certificate with Host Mismatch"", semgrep rule `mastg-android-network-hostname-verification`, Google ASI campaign ""Insecure Hostname Verification"" (2016-11-29), ATT&CK T1638",D14-network-tls-pinning.md,false,,,,
D14-010,D14,"Network Security, TLS & Certificate Pinning",P6,M6,`SSLSocket` used with no hostname verification at all — and the NSC does not cover it,critical,`insecure_data_transport,AM-06,"all; any raw `SSLSocket`/`SSLSocketFactory.createSocket()` path, common in chat, MQTT, XMPP, custom binary protocols","MASTG-TEST-0234, MASWE-0027, semgrep rule `mastg-android-ssl-socket-hostnameverifier`, CWE-297",D14-network-tls-pinning.md,false,,,,
D14-011,D14,"Network Security, TLS & Certificate Pinning",P6,M6,"Incomplete verification coverage — right on the main client, wrong on a secondary channel",high,`insecure_data_transport,AM-06,all multi-stack apps (an OkHttp API client plus a WebView plus a download/media/socket path),"MASTG-TEST-0283 (""incomplete verification coverage"" named as a distinct failure mode), MASWE-0027, CWE-297",D14-network-tls-pinning.md,false,,,,
D14-012,D14,"Network Security, TLS & Certificate Pinning",P6,M6,`WebViewClient.onReceivedSslError` calling `handler.proceed()`,high,`insecure_data_transport,AM-06,all apps with a WebView,"MASWE-0027, CWE-295, Google ASI campaign ""Webview SSLErrorHandler"" (2015-07-17), H1 #795272 (Razer, $750), ATT&CK T1638",D14-network-tls-pinning.md,false,,,,
D14-013,D14,"Network Security, TLS & Certificate Pinning",P6,M6,A third-party SDK installing a process-global permissive verifier or socket factory,critical,`insecure_data_transport,AM-08 (malicious/negligent SDK) delivering the defect; AM-06 exploiting it,all; the defect is now more common in SDKs than in app code,"MASWE-0027, CWE-295, Google ASI campaigns ""TrustManager"" (2016-02-17) and ""Insecure Hostname Verification"" (2016-11-29), Google risk pages `unsafe-trustmanager` / `unsafe-hostname`",D14-network-tls-pinning.md,false,,,,
D14-014,D14,"Network Security, TLS & Certificate Pinning",P6,M6,OkHttp below 4.9.2 — hostname-verification bypass (CVE-2021-0341),high,`insecure_data_transport,AM-06,apps bundling OkHttp < 4.9.2 **and** making manual `HostnameVerifier` calls; check okio separately,"CVE-2021-0341 (OkHttp prior to 4.9.2; the fix strictly verifies hostnames because ""programs making manual calls could be defeated if hostnames weren't strictly ASCII""), CVE-2023-3635 (`com.squareup.okio:okio`, shipped inside OkHttp 4.11.0), CWE-297",D14-network-tls-pinning.md,false,,,,
D14-015,D14,"Network Security, TLS & Certificate Pinning",P6,M6,Separate trust-all from a legitimate TLS-1.2 enablement shim (false-positive gate),support,n/a (kill gate for D14-007..D14-010),n/a,all,"MASTG-TEST-0282, MASWE-0027",D14-network-tls-pinning.md,false,,,,
D14-016,D14,"Network Security, TLS & Certificate Pinning",P6,M6,Cleartext permitted by configuration — read against the right default,support,`insecure_data_transport,AM-06,all. **LEGACY:** cleartext is permitted by default at `targetSdk < 28`; denied by default at 28+,"MASTG-TEST-0235, MASWE-0026, MASTG-KNOW-0014, MASTG-TECH-0150, MASTG-TECH-0151, CWE-319, MobSF `clear_text_traffic`",D14-network-tls-pinning.md,false,,,,
D14-017,D14,"Network Security, TLS & Certificate Pinning",P6,M6,"Per-domain `cleartextTrafficPermitted=""true""` carve-outs on first-party hosts",high,`insecure_data_transport,AM-06,`targetSdk ≥ 28` apps with an NSC (API 24+),"MASTG-TEST-0235, MASWE-0026, MASTG-TECH-0151, MobSF `network_security.py` finding ""Domain config is insecurely configured to permit clear text traffic""",D14-network-tls-pinning.md,false,,,,
D14-018,D14,"Network Security, TLS & Certificate Pinning",P6,M6,Cleartext observed on the wire and attributed to the app's UID,high,`insecure_data_transport,AM-06,all,"MASTG-TEST-0236, MASWE-0026, MASTG-TECH-0010, MASTG-TECH-0011, MASTG-TECH-0028, MASTG-TOOL-0075, MASTG-TOOL-0081, MASTG-TOOL-0078 (MITM Relay, for non-HTTP protocols such as XMPP), CWE-319, ATT&CK T1639.001, mitigation M1009; H1 #12977, #166712 (Boozt, login without SSL), #2101 (Yahoo, signup over HTTP)",D14-network-tls-pinning.md,false,,,,
D14-019,D14,"Network Security, TLS & Certificate Pinning",P6,M6,Hardcoded `http://` URLs proven to be reachable — and the unregistered-domain check,support,`insecure_data_transport,AM-06; **AM-01** when the hardcoded host is unregistered,all; native `.so` strings included,"MASTG-TEST-0233, MASTG-TEST-0238 (the Frida-plus-`.backtrace()` approach), MASWE-0026, MASTG-TECH-0019, CWE-319; EDB 42288 / 42287 / 42349 / 42350 (MitM → `addJavascriptInterface` RCE chains); Android Lint check `InsecureBaseConfiguration`",D14-network-tls-pinning.md,false,,,,
D14-020,D14,"Network Security, TLS & Certificate Pinning",P6,M6,"`ws://` WebSocket transport, and per-message authorisation on `wss://`",high,`insecure_data_transport,AM-06 for `ws://`; AM-05 for the authz case,"apps with real-time features — chat, live orders, trading, presence, notifications","MASWE-0026, CWE-319; corpus community sources on WebSocket transport and Pusher/PubNub/Ably SDK channels",D14-network-tls-pinning.md,false,,,,
D14-021,D14,"Network Security, TLS & Certificate Pinning",P6,M6,HTTPS→HTTP downgrade: does the client follow a redirect to `http://`?,high,`insecure_data_transport,"AM-06 (needs only to answer the first, pre-TLS request or to be the redirect source)",all; OkHttp's `followSslRedirects` defaults to **true**,"MASWE-0026, CWE-319, ATT&CK T1638",D14-network-tls-pinning.md,false,,,,
D14-022,D14,"Network Security, TLS & Certificate Pinning",P6,M6,"The NSC does not govern non-platform HTTP stacks — ""cleartext is impossible"" is false",high,`insecure_data_transport,AM-06,"Flutter (Dart `HttpClient` on its own BoringSSL and its own CA list), Unity (`UnityWebRequest`), Cronet, gRPC, Go and any bundled native stack; Capacitor's `server.cleartext`","MASTG-TECH-0151, MASWE-0026, CWE-319; corpus: Dart's compiled-in CA list (`session_verify_cert_chain` in `x509.cc`), Capacitor `WebViewLocalServer`",D14-network-tls-pinning.md,false,,,,
D14-023,D14,"Network Security, TLS & Certificate Pinning",P6,M6,Loopback and LAN listeners: the sockets the NSC and Local Network Protection do not cover,support,`broken_authentication_and_session_management,**AM-03** zero-permission local app (loopback); AM-06 / same-LAN peer (LAN listener),all for loopback; the LAN gate is Android 16 / targetSdk 36+,"MASWE-0029; Android 16 Local Network Protection (`adb shell am compat enable RESTRICT_LOCAL_NETWORK <pkg>`, address ranges 169.254.0.0/16, 100.64.0.0/10, 10.0.0.0/8, 172.16.0.0/12, 192.168.0.0/16, IPv4 broadcast, IPv6 link-local; DNS port 53 excepted; error strings `sendto failed: EPERM` / `sendto failed: ECONNABORTED`)",D14-network-tls-pinning.md,false,,,,
D14-024,D14,"Network Security, TLS & Certificate Pinning",P6,M6,Non-HTTP and non-standard-port channels that escape the harness,high,rated on the channel's contents; `insecure_data_transport,AM-06,"all; especially messaging, IoT-companion, gaming and finance apps","ATT&CK T1509 Non-Standard Port (precedents named by ATT&CK: Cerberus ""HTTP requests over port 8888"", Chameleon ""port 7242"", FlexiSpy ""ports 12512 and 12514""), T1437.001, T1521, MASTG-TOOL-0078 (MITM Relay for XMPP-class protocols)",D14-network-tls-pinning.md,false,,,,
D14-025,D14,"Network Security, TLS & Certificate Pinning",P6,M6,Sensitive values in the request line rather than the body,medium,`sensitive_data_exposure,"AM-09 (log-holder), AM-06 over cleartext",all,"CWE-319; corpus community sources sec-14-4 #9, sec-14-18 #23",D14-network-tls-pinning.md,false,,,,
D14-026,D14,"Network Security, TLS & Certificate Pinning",P6,M6,"`<certificates src=""user""/>` shipped in a production trust anchor",high,`insecure_data_transport,"AM-06 for the consequence; the enabling step is a user-installed CA (phishing, a malicious profile, an MDM, or malware with a settings-injection primitive)","`targetSdk ≥ 24`, where this is an explicit opt-in. **LEGACY:** at `targetSdk < 24` user CAs are trusted with no config at all and this is the platform default, not a misconfiguration","MASTG-TEST-0286, MASWE-0027, MASTG-KNOW-0014, semgrep rule `mastg-android-network-insecure-trust-anchors` (literally `match: any: - <certificates src=""user""`), MASTG-TOOL-0110, MobSF `network_security.py` ""Base config is configured to trust user installed certificates"" (HIGH), ATT&CK T1632 Subvert Trust Controls",D14-network-tls-pinning.md,false,,,,
D14-027,D14,"Network Security, TLS & Certificate Pinning",P6,M6,`minSdkVersion < 24` — implicit user-CA trust on old devices (LEGACY),medium,`insecure_data_transport,AM-06 after a user-CA install,**LEGACY** — only when `minSdkVersion < 24`; state the affected device share in the report,"MASTG-TEST-0285 (note its frontmatter carries `deprecated_since: 24`), MASWE-0027, MASTG-KNOW-0014, MASTG-TECH-0150, ATT&CK T1632 (""apps that target compatibility with Android 7 and higher (API Level 24) default to only trusting CA certificates that are bundled with the operating system"")",D14-network-tls-pinning.md,false,,,,
D14-028,D14,"Network Security, TLS & Certificate Pinning",P6,M6,`<debug-overrides>` shipped **and** the app is debuggable,critical,`insecure_data_transport,AM-06 plus anyone with adb/USB access; and AM-03 via `run-as`/JDWP,"all. `<debug-overrides>` applies **only** when `android:debuggable=""true""`; `overridePins` defaults to `true` inside that block","MASWE-0063, MASTG-TECH-0011, Google risk `android-debuggable`, MobSF `app_is_debuggable` (high) and the `network_security.analysis(..., debuggable, ...)` gate — MobSF raises the debug-override findings **only** when `is_debuggable` is true",D14-network-tls-pinning.md,false,,,,
D14-029,D14,"Network Security, TLS & Certificate Pinning",P6,M6,"`overridePins=""true""` outside `<debug-overrides>`, or a user anchor in `base-config`",critical,`insecure_data_transport,AM-06 after a user-CA install (no root required),"NSC apps, API 24+. `overridePins` defaults to `false` everywhere **except** inside `<debug-overrides>`, where it defaults to `true`","Android NSC reference (`<debug-overrides>`, `overridePins`, `<certificates src>`), MASWE-0028, MobSF ""Base config is configured to bypass certificate pinning"" (HIGH)",D14-network-tls-pinning.md,false,,,,
D14-030,D14,"Network Security, TLS & Certificate Pinning",P6,M6,"Custom trust anchor (`<certificates src=""@raw/…""/>`) — and the Certificate Transparency it silently disables",medium,`insecure_data_transport,AM-06 with a certificate from the bundled anchor's issuer; AM-09,"NSC apps, API 24+. The CT caveat applies at every API level; CT itself is API 36+","Android NSC reference — ""Certificate transparency verification is NOT performed on connections using custom trust anchors""; MASWE-0028, MASWE-0027",D14-network-tls-pinning.md,false,,,,
D14-031,D14,"Network Security, TLS & Certificate Pinning",P6,M6,"Certificate Transparency turned off per domain (API 36 opt-in, API 37 default-on)",medium,`insecure_data_transport,AM-06 holding a mis-issued certificate from any trusted CA,"`<certificateTransparency enabled>` is **not available ≤ API 35**, available and **disabled by default on API 36**, **enabled by default with opt-out at API 37+**",Android NSC reference (`<certificateTransparency enabled>` and its per-API defaults; the custom-trust-anchor exclusion),D14-network-tls-pinning.md,false,,,,
D14-032,D14,"Network Security, TLS & Certificate Pinning",P6,M6,"`<domainEncryption mode=""disabled""/>` — opting out of Encrypted Client Hello",low,no direct node; argue under `insecure_data_transport,AM-06 performing traffic analysis,"`<domainEncryption mode>` defaults to **enabled at API 37+**, disabled at 36 and below",Android NSC reference (`<domainEncryption mode>` and its per-API defaults),D14-network-tls-pinning.md,false,,,,
D14-033,D14,"Network Security, TLS & Certificate Pinning",P6,M6,Interception-detection (RASP) reading the wrong trust-store path on API 34+,low,`lack_of_binary_hardening,AM-12 own rooted device (**not an attack**),"API 34+, apps that enumerate or hash the system trust store to detect interception","AOSP Conscrypt module (`source.android.com/docs/core/ota/modular-system/conscrypt` — ""Android 14 introduced updatable root certificates… stored in the Conscrypt module APEX and the system partition""; paths `/apex/com.android.conscrypt/cacerts` and `/system/etc/security/cacerts`; APEX package `com.android.conscrypt`)",D14-network-tls-pinning.md,false,,,,
D14-034,D14,"Network Security, TLS & Certificate Pinning",P6,M6,"Pinning inventory, per host, per stack — the P5 item that steers everything else",support,`mobile_security_misconfiguration,"AM-07 (tester convenience, not an attacker)","NSC pinning from API 24; NSC pins cover framework traffic (`HttpsURLConnection`, WebView) but **not** native-code connections","MASTG-TEST-0242, MASTG-TEST-0244, MASWE-0028, MASTG-KNOW-0015, MASVS-NETWORK-2 (an L2 control), prerequisite `identify-first-party-domains`; HackerOne Platform Standards demotion rule; Bugcrowd VRT both nodes P5",D14-network-tls-pinning.md,false,,,,
D14-035,D14,"Network Security, TLS & Certificate Pinning",P6,M6,"Expired `<pin-set expiration=""…"">` — pinning that silently stopped being enforced",medium,`mobile_security_misconfiguration,AM-06 with a certificate from any trusted CA (the fallback is the configured trust anchors),"all NSC-pinning apps, API 24+","MASTG-TEST-0243, MASWE-0028, MASTG-KNOW-0014, MASTG-KNOW-0015; MobSF `network_security.py` ""Certificate pinning expires on {exp}. After this date pinning will be disabled.""",D14-network-tls-pinning.md,false,,,,
D14-036,D14,"Network Security, TLS & Certificate Pinning",P6,M6,"Pin scope error: first-party pinned, an SDK/analytics host unpinned and carrying identifiers",medium,`insecure_data_transport,AM-06,all apps that pin selectively — which is nearly all of them,"MASTG-TEST-0242's first-party scoping rule, MASWE-0028; corpus worked calibration: a payment SDK pinning **its own** traffic while the app's main API was interceptable with a system-trusted CA",D14-network-tls-pinning.md,false,,,,
D14-037,D14,"Network Security, TLS & Certificate Pinning",P6,M6,The pin set an SDK's own HTTP stack never consults,medium,`insecure_data_transport,AM-06,"apps bundling a native HTTP client (`libcurl`, BoringSSL, mbedTLS, nghttp2), Cronet, gRPC, or a cross-platform stack",MASWE-0028; the NSC's documented scope (framework traffic only — not native-code connections),D14-network-tls-pinning.md,false,,,,
D14-038,D14,"Network Security, TLS & Certificate Pinning",P6,M6,"The pinning-bypass ladder — technique, not a finding",support,`mobile_security_misconfiguration,AM-07/AM-12 (tester),all pinned apps,"MASTG-TECH-0012, MASTG-TOOL-0140 (frida-multiple-unpinning), MASTG-TOOL-0038/-0029 (objection), MASTG-TOOL-0025 (SSLUnpinning), MASTG-TOOL-0020 (JustTrustMe), MASTG-TOOL-0008 (Android-SSL-TrustKiller), MASTG-TOOL-0100 (reFlutter), MASTG-TOOL-0101 (disable-flutter-tls-verification), MASTG-TOOL-0103 (uber-apk-signer), MASTG-TECH-0039",D14-network-tls-pinning.md,false,,,,
D14-039,D14,"Network Security, TLS & Certificate Pinning",P6,M6,Pinned certificates in `assets/` disclose unadvertised internal hosts,support,rated on the discovered host — up to `sensitive_data_exposure,AM-01 once the host is reachable,apps that pin with bundled certificates,"corpus `apk-redteam-pipeline` Stage 4 + decision-tree row ""Pinned cert for internal host → new asset discovery""",D14-network-tls-pinning.md,false,,,,
D14-040,D14,"Network Security, TLS & Certificate Pinning",P6,M6,"mTLS: client-certificate handling, and the edge-terminated verdict header",high,`broken_authentication_and_session_management,AM-01 (the header spoof needs no network position at all),mTLS-fronted mobile backends terminating at nginx/HAProxy/Envoy,"corpus `hunt-tls-network` Phase 8 + chain table (""High, not Critical"" without a demonstrated privileged action); CWE-290-class trust-of-header",D14-network-tls-pinning.md,false,,,,
D14-041,D14,"Network Security, TLS & Certificate Pinning",P6,M6,Insecure TLS versions explicitly enabled in code,medium,`server_security_misconfiguration,AM-06 with a downgrade-capable position and a cooperating server,all. The NSC gives **no** control over TLS versions on Android (unlike iOS ATS) — it is all code-level. TLS 1.3 is on by default from Android 10,"MASTG-TEST-0217, MASWE-0026, CWE-319; mobsfscan `insecure_tls_version`, `weak_tls_cipher_suite`, `insecure_sslv3`, `default_http_client_tls` (""`DefaultHTTPClient()` with default constructor is not compatible with TLS 1.2"")",D14-network-tls-pinning.md,false,,,,
D14-042,D14,"Network Security, TLS & Certificate Pinning",P6,M6,Negotiated TLS version and cipher observed in live traffic,medium,`server_security_misconfiguration,AM-06,all,"MASTG-TEST-0218, MASWE-0026, MASTG-TECH-0010, MASTG-TOOL-0081",D14-network-tls-pinning.md,false,,,,
D14-043,D14,"Network Security, TLS & Certificate Pinning",P6,M6,A bundled TLS stack that the Android 15 protocol floor does not reach,medium,`insecure_data_transport,AM-06,"apps shipping their own OpenSSL/BoringSSL/Conscrypt-standalone/mbedTLS in a `.so`, or a cross-platform framework's stack. The platform floor binds at `targetSdk 35`; bundled stacks are unaffected on **every** version","AOSP Conscrypt module (""Android 15 now disallows TLS 1.0 and 1.1 for apps targeting that version""), developer.android.com Android 15 behaviour changes ""Restricted TLS Versions""; MASWE-0026",D14-network-tls-pinning.md,false,,,,
D14-044,D14,"Network Security, TLS & Certificate Pinning",P6,M6,"GMS Security Provider not updated, updated too late, or with the failure swallowed",low,no dedicated node; often **Informational** under HackerOne rating (a defence-in-depth measure),AM-06 against a device with an unpatched provider,apps shipping with Google Play Services; meaningful mainly where `minSdkVersion` is low,"MASTG-TEST-0295, MASWE-0027, MASTG-KNOW-0010, MASTG-KNOW-0011, MASTG-BEST-0020",D14-network-tls-pinning.md,false,,,,
D14-045,D14,"Network Security, TLS & Certificate Pinning",P6,M6,"Custom DNS resolution bypassing Private DNS, and behaviour under a hijacked name",high,`insecure_data_transport,AM-06 controlling DHCP/DNS on the same network,all. Android supports DNS-over-TLS from SDK 28 and DoH3 from SDK 30; DNS resolution is the `com.android.resolv` Mainline module,"Google risk `bad-dns` (names `DnsResolver`, DoT at SDK 28+, DoH3 at SDK 30+, and the anti-patterns ""Implement custom DNS resolution logic"", ""Configure hardcoded DNS servers"", ""Use unencrypted DNS (plain UDP port 53)""); ATT&CK T1638; MASWE-0026",D14-network-tls-pinning.md,false,,,,
D14-046,D14,"Network Security, TLS & Certificate Pinning",P6,M6,Backend host derived from a mutable source,critical,`broken_authentication_and_session_management,AM-09 / AM-06 when the source is network-controlled; AM-03/AM-11 when only locally writable,all,"ATT&CK T1637 Dynamic Resolution, T1481.002, T1638; MASWE-0026",D14-network-tls-pinning.md,false,,,,
D14-047,D14,"Network Security, TLS & Certificate Pinning",P6,M6,"Executable, module, bundle or security-relevant config fetched without an integrity check",critical,`insecure_data_transport,AM-06 (MitM) or AM-09 (malicious CDN); AM-01 if the fetch host is takeover-able,all; see D17 for the OTA/dynamic-loading variants,"MASWE-0049, CWE-494, MASVS-CODE-4, Mobile Top 10 2024 M2; Google Mobile VRP ACE definition — ""Attacker gaining full control of the application, meaning code can be downloaded from the network and executed""",D14-network-tls-pinning.md,false,,,,
D14-048,D14,"Network Security, TLS & Certificate Pinning",P6,M6,`DownloadManager` used for security-relevant downloads,high,`insecure_data_transport,AM-03 (querying the downloads provider) and AM-06 (tampering the fetch),"all; pre-API-29 also requires `WRITE_EXTERNAL_STORAGE`, widening the exposure","Google risk `unsafe-download-manager` (CVE-2018-9468 permission bypass, CVE-2018-9493 SQL injection, CVE-2018-9546 request-header disclosure of ""session cookies, authentication headers""); MobSF `android_download_manager`",D14-network-tls-pinning.md,false,,,,
D14-049,D14,"Network Security, TLS & Certificate Pinning",P6,M6,React Native dev bundle server or inspector reachable in a release build,critical,`server_side_injection,"AM-06 (serves the bundle), AM-03/AM-11 (sets `debug_http_host`)",React Native release builds that still ship `DevSupportManager` wiring,"React Native `devsupport/DevServerHelper.kt` — bundle URL `""%s://%s/%s.%s?platform=android&dev=%s&lazy=%s&minify=%s&app=%s&modulesOnly=%s&runModule=%s""`, inspector `""%s://%s/inspector/device?name=%s&app=%s&device=%s&profiling=%b""`, `""%s://%s/open-debugger?device=%s""`; MASWE-0049",D14-network-tls-pinning.md,false,,,,
D14-050,D14,"Network Security, TLS & Certificate Pinning",P6,M6,DRM licence request carrying the app's bearer token to a server-chosen licence URI,critical,`sensitive_data_exposure,AM-09 (playback API / manifest) or AM-02 (deep link that sets the licence URI),apps with DRM playback (Media3/ExoPlayer + Widevine),"`developer.android.com/media/media3/exoplayer/drm` — `setLicenseUri()`, `setLicenseRequestHeaders(Map<String,String>)`, `setMultiSession()`, `DefaultDrmSessionManager`, `DrmSessionManagerProvider`; MASWE-0026",D14-network-tls-pinning.md,false,,,,
D14-051,D14,"Network Security, TLS & Certificate Pinning",P6,M6,"Media manifest, segment or subtitle URL taken from an untrusted source",high,`insecure_data_transport,"AM-02 (deep link, push payload, chat message, QR)",any app with media playback where the source URL is not a fixed allow-list,"ExoPlayer/Media3 data-source plumbing (`MediaItem.fromUri`, `DefaultHttpDataSource.setDefaultRequestProperties`, `setSubtitleConfigurations`); MASWE-0026",D14-network-tls-pinning.md,false,,,,
D14-052,D14,"Network Security, TLS & Certificate Pinning",P6,M6,Hostile captive portal: a 200 with portal HTML treated as data or as success,medium,rated on the consequence; `broken_authentication_and_session_management,AM-06 running the AP,all,not covered by MASTG or the mainstream checklists; Android `NetworkMonitor`/captive-portal validation is the platform side,D14-network-tls-pinning.md,false,,,,
D14-053,D14,"Network Security, TLS & Certificate Pinning",P6,M6,Background network restrictions (Android 15) making a security check fail open,high,`broken_authentication_and_session_management,"AM-11 / AM-05, exploiting a condition the platform now creates routinely",Android 15+ (all apps),developer.android.com Android 15 behaviour changes — background network access restrictions; requests started outside a valid process lifecycle throw `UnknownHostException` or a socket `IOException`,D14-network-tls-pinning.md,false,,,,
D16-001,D16,"Native Code, JNI & Memory Safety",P4,M4,Pull every ABI split before concluding the app has no native code,support,n/a (enabler; a missed split is a false negative across the whole chapter),n/a (acquisition),"all app-bundle-delivered apps, i.e. effectively every Play-distributed app",MASTG-TECH-0157 (Extracting Bundled Native Libraries); MASWE-0045,D16-native-code-and-memory.md,false,,,,
D16-002,D16,"Native Code, JNI & Memory Safety",P4,M4,Diff the runtime module list against the APK — find the `.so` that is never on disk,medium,n/a standalone; the hidden code's behaviour decides the path (→ D17),AM-12 for the dump itself (evidence tool); the finding is about what the hidden code does,"packed/protected apps, apps with commercial RASP, apps with plugin SDKs","MASTG-TECH-0029 (Listing Loaded Native Libraries), MASTG-TOOL-0001; ATT&CK T1407, T1575",D16-native-code-and-memory.md,false,,,,
D16-003,D16,"Native Code, JNI & Memory Safety",P4,M4,Enumerate every `Java_*` export and bind each one to its Java declaration,support,n/a (enabler; the reachable entry point is the finding),n/a (mapping),all apps shipping `lib/*/*.so`,"MASTG-TECH-0140 (Obtaining Debugging Information and Symbols), MASTG-TECH-0157, MASTG-TOOL-0003 (nm), MASTG-TOOL-0129 (rabin2), MASTG-TOOL-0028 (radare2); ATT&CK T1575",D16-native-code-and-memory.md,false,,,,
D16-004,D16,"Native Code, JNI & Memory Safety",P4,M4,Catch the `RegisterNatives` methods that have no `Java_*` export,support,n/a (enabler; this is the single largest false-negative source in native enumeration),n/a (mapping),all apps with native code; universal in obfuscated and packed builds,"MASTG-TECH-0035 (JNI Tracing), MASTG-TECH-0034 (Native Code Tracing), MASTG-TOOL-0107 (jnitrace), MASTG-TOOL-0001; ATT&CK T1575",D16-native-code-and-memory.md,false,,,,
D16-005,D16,"Native Code, JNI & Memory Safety",P4,M4,Build the reachability table: `.so` → JNI entry → data source → attacker model,support,n/a (enabler; this table is what scopes every other item in the chapter),n/a (it assigns the attacker model to each row),all apps shipping native code,"MASTG-KNOW-0005 (Memory Corruption Bugs), MASWE-0050 (CWE-20); `developer.android.com/privacy-and-security/risks/use-of-native-code`; ATT&CK T1575",D16-native-code-and-memory.md,false,,,,
D16-006,D16,"Native Code, JNI & Memory Safety",P4,M4,Version-fingerprint every bundled third-party library from `.rodata`,support,`using_components_with_known_vulnerabilities.outdated_software_version` (**P5**) alone — escalates into the memory-safety items only with a demonstrated path,AM-02 / AM-09 for the decoder classes once reachability is shown,all apps with `lib/*/*.so`; Maven-coordinate SCA cannot see any of this,"MASWE-0044 (Dependencies with Known Vulnerabilities, CWE-1395/CWE-1357); VRT `using_components_with_known_vulnerabilities`; LibRARIAN version-identification methodology",D16-native-code-and-memory.md,false,,,,
D16-007,D16,"Native Code, JNI & Memory Safety",P4,M4,`JNI_OnLoad` and `.init_array` constructors: code that runs before any Java,support,"`lack_of_binary_hardening.runtime_instrumentation_based` (**P5**) if you file the RASP observation alone — file it under D21 instead, or as context",AM-12 (your own instrumentation is being blocked); AM-03 when the constructor itself parses attacker data,apps with commercial packers/RASP; any library with a C++ static initialiser that touches external state,"MASTG-TECH-0034 (Native Code Tracing), MASTG-TOOL-0001; MASVS-RESILIENCE-3; ATT&CK T1575, T1617",D16-native-code-and-memory.md,false,,,,
D16-008,D16,"Native Code, JNI & Memory Safety",P4,M4,"Per-`.so` mitigation sweep — run it on THIS binary, and count your results",support,`lack_of_binary_hardening.lack_of_exploit_mitigations` (**P5**) standalone,n/a (rating input),"all apps shipping `.so`; the check is per-binary and per-NDK, never per-OS-version","MASTG-TEST-0222, MASTG-TEST-0223, MASTG-TECH-0115 (Obtaining Compiler-Provided Security Features), MASTG-KNOW-0006 (Binary Protection Mechanisms), MASWE-0045; MASVS-CODE-3/4",D16-native-code-and-memory.md,false,,,,
D16-009,D16,"Native Code, JNI & Memory Safety",P4,M4,Partial RELRO — the writable GOT is the one mitigation gap that is a primitive,support,`lack_of_binary_hardening.lack_of_exploit_mitigations` (**P5**) alone; cite it inside `server_side_injection.remote_code_execution_rce` (P1) when you use it,"AM-03 / AM-02, whichever reaches the write primitive",any `.so` with `GNU_RELRO` but no `BIND_NOW`,"MASTG-KNOW-0006, MASWE-0045; MASVS-CODE-3",D16-native-code-and-memory.md,false,,,,
D16-010,D16,"Native Code, JNI & Memory Safety",P4,M4,"Non-PIE library (`Type: EXEC`) — LEGACY, and what it actually tells you in 2026",low,`lack_of_binary_hardening.lack_of_exploit_mitigations` (**P5**),n/a (rating input),"**LEGACY** as a mitigation finding: Android has required PIE for dynamically linked executables since **Android 5.0 (API 21)**, and Clang builds PIE by default","MASTG-TEST-0222 (Position Independent Code (PIC) Not Enabled — frontmatter `deprecated_since: 21`), MASTG-TECH-0115, MASWE-0045; MASVS-CODE-3",D16-native-code-and-memory.md,false,,,,
D16-011,D16,"Native Code, JNI & Memory Safety",P4,M4,Stack canaries absent — and the four documented false positives you must exclude first,low,`lack_of_binary_hardening.lack_of_exploit_mitigations` (**P5**),n/a (rating input),"all apps shipping native code; NDK builds get canaries by default, hand-rolled build systems often do not","MASTG-TEST-0223 (Stack Canaries Not Enabled), MASTG-TECH-0115, MASTG-TECH-0157, MASTG-TOOL-0129, MASWE-0045; MASVS-CODE-3/4; Mobile Top 10 2024 M7",D16-native-code-and-memory.md,false,,,,
D16-012,D16,"Native Code, JNI & Memory Safety",P4,M4,"FORTIFY verification — check for `_chk` symbols, not for a compiler flag",low,`lack_of_binary_hardening.lack_of_exploit_mitigations` (**P5**),n/a (rating input),"all native code; the platform has shipped `FORTIFY_SOURCE=1` since Android 4.2 and `=2` since 4.4, but that governs *platform* binaries, not the app's","MASTG-TECH-0115, MASTG-KNOW-0006, MASWE-0045",D16-native-code-and-memory.md,false,,,,
D16-013,D16,"Native Code, JNI & Memory Safety",P4,M4,"Executable stack, executable heap and RWX mappings at runtime",support,`lack_of_binary_hardening.lack_of_exploit_mitigations` (**P5**),n/a (rating input),"all; XN/NX has been enforced since Android 2.3, so a marked-executable stack is a build defect","MASTG-KNOW-0006, MASWE-0045; MASTG-TECH-0044 (Process Exploration)",D16-native-code-and-memory.md,false,,,,
D16-014,D16,"Native Code, JNI & Memory Safety",P4,M4,Establish which platform mitigations are actually live on the test build,support,n/a (this is the evidence for the D16-053 layer list),n/a,"all; the answers are per-OS-version and per-device, and they change the severity of every memory finding in the chapter",AOSP security-model Tables 4–5 (platform mitigations); `source.android.com/docs/security/enhancements`; MASTG-TECH-0044,D16-native-code-and-memory.md,false,,,,
D16-015,D16,"Native Code, JNI & Memory Safety",P4,M4,"Debugging symbols, source paths and build machine paths left in the shipped binary",low,`lack_of_binary_hardening.lack_of_obfuscation` (**P5**) standalone,n/a (reconnaissance),all apps shipping native code,"MASTG-TEST-0288 (Debugging Symbols in Native Binaries), MASTG-TECH-0140, MASTG-KNOW-0008, MASTG-TOOL-0003 (nm), MASTG-TOOL-0129 (rabin2), MASTG-TOOL-0028 (radare2), MASWE-0061 (CWE-489, CWE-497, CWE-540, CWE-912, CWE-1295); MASVS-RESILIENCE-3",D16-native-code-and-memory.md,false,,,,
D16-016,D16,"Native Code, JNI & Memory Safety",P4,M4,16 KB page alignment and the toolchain-identity diff across libraries,support,n/a standalone; `using_components_with_known_vulnerabilities.outdated_software_version` (P5) or D17's path once you identify the swapped binary,n/a (recon); AM-09 if the compat remedy downloads a replacement `.so`,**Android 15+** devices with 16 KB pages; NDK apps must support 16 KB page sizes. `android:pageSizeCompat` needs the Android 16 SDK,"`developer.android.com/about/versions/15/behavior-changes-all` (16 KB page size support required for NDK apps); `developer.android.com/about/versions/16/behavior-changes-all` (`android:pageSizeCompat`); AOSP ""16 KB page size support""",D16-native-code-and-memory.md,false,,,,
D16-017,D16,"Native Code, JNI & Memory Safety",P4,M4,Trace the JNI boundary with jnitrace before disassembling anything,support,n/a as a technique; `sensitive_data_exposure.disclosure_of_secrets.for_publicly_accessible_asset` (P1) if the trace recovers a live backend credential,AM-12 for the trace (evidence tool); the finding is what the trace reveals,all apps with bundled `.so`,"MASTG-TECH-0035 (JNI Tracing), MASTG-TECH-0034 (Native Code Tracing), MASTG-TECH-0033 (Method Tracing), MASTG-TOOL-0107 (jnitrace), MASTG-TOOL-0001 (Frida), MASTG-TOOL-0037 (RMS)",D16-native-code-and-memory.md,false,,,,
D16-018,D16,"Native Code, JNI & Memory Safety",P4,M4,"Length, offset and size values crossing JNI that native code trusts",critical,`server_side_injection.remote_code_execution_rce` (**P1**) with demonstrated execution; `application_level_denial_of_service_dos.high_impact_and_or_medium_difficulty` (**P3**) for a reliable crash only,AM-03 / AM-02 / AM-01 per the D16-005 row,"any JNI entry taking `(byte[], int, int)`, `(ByteBuffer, int)`, a `long` size, or a `String` it copies into a fixed buffer","MASTG-KNOW-0005, MASWE-0050 (CWE-20), MASTG-TECH-0018 (Disassembling Native Code), MASTG-TECH-0024 (Reviewing Disassembled Native Code); CWE-787, CWE-125; ATT&CK T1575",D16-native-code-and-memory.md,false,,,,
D16-019,D16,"Native Code, JNI & Memory Safety",P4,M4,The layer-ordering trap at the JNI boundary — a Java-side rejection does not prove the native parser is safe,support,n/a,n/a (methodology),every app where a Java wrapper validates before calling a native method,MASWE-0050; the general layer-ordering discipline (cf. D13/D15),D16-native-code-and-memory.md,false,,,,
D16-020,D16,"Native Code, JNI & Memory Safety",P4,M4,Unsafe C string and memory sinks reachable from a JNI entry point,critical,`server_side_injection.remote_code_execution_rce` (**P1**) with execution; **P3** for a reliable crash; nothing at all for an unreached sink,AM-03 / AM-02 per the D16-005 row,all apps with native code processing untrusted input,"MASTG-KNOW-0005, MASTG-TECH-0018, MASTG-TECH-0024, MASTG-TOOL-0033 (Ghidra), MASTG-TOOL-0030 (Angr), MASTG-TOOL-0152 (lldb), MASWE-0050; CWE-787, CWE-122",D16-native-code-and-memory.md,false,,,,
D16-021,D16,"Native Code, JNI & Memory Safety",P4,M4,Native `system()` / `popen()` / `Runtime.exec` with concatenated attacker input,critical,"`insecure_os_firmware.command_injection` (**P1**, CWE-77) or `server_side_injection.remote_code_execution_rce` (**P1**)",AM-03 / AM-02,"all; native shell-outs are common in media SDKs, log uploaders and updater components","ATT&CK T1623.001 (Unix Shell — detection analytic AN1657 names the observables: ""Runtime or ProcessBuilder invocation, spawn of sh/toybox/toolbox/su or equivalent shell process""), T1623 (analytic AN1741 for Android), T1575; CWE-77",D16-native-code-and-memory.md,false,,,,
D16-022,D16,"Native Code, JNI & Memory Safety",P4,M4,Secrets and request-signing keys recovered at the JNI boundary,critical,`sensitive_data_exposure.disclosure_of_secrets.for_publicly_accessible_asset` (**P1**) when the recovered key authenticates to a production backend; `.for_internal_asset` (P3) for an internal-only one,AM-12 recovers it; the **impact** is AM-01 — anyone can then forge requests from outside the app,"all apps that ""moved the key into C++""","MASTG-TECH-0035, MASTG-TOOL-0107, MASTG-TOOL-0001; CWE-798; VRT `sensitive_data_exposure.disclosure_of_secrets`",D16-native-code-and-memory.md,false,,,,
D16-023,D16,"Native Code, JNI & Memory Safety",P4,M4,"Native anti-fraud, root-detection and pinning libraries: do they gate anything?",support,`lack_of_binary_hardening.lack_of_jailbreak_detection` (**P5**) / `.runtime_instrumentation_based` (**P5**) — this is the P5 ceiling stated plainly,AM-12 (the bypass is on your own device),"apps shipping `libtoolChecker`-style detection natives, commercial RASP, or native TLS pinning","MASVS-RESILIENCE-3; MASTG-TECH-0034, MASTG-TOOL-0036 (r2frida); Mobile Top 10 2024 M7",D16-native-code-and-memory.md,false,,,,
